group_by	group_level	n_cells	feature_id	feature_name	target_class	assay	feature	mean_CLR	mean_ADT_CLR	mean_HTO_CLR	status	message
Adult_cHSPCs_Ultima_majority_voting	B	652	mAOC433	HTO-433	hashtag	HTO	HTO-433	NA	NA	NA	missing_feature	Feature not found in HTO: HTO-433
Adult_cHSPCs_Ultima_majority_voting	CLP	506	mAOC433	HTO-433	hashtag	HTO	HTO-433	NA	NA	NA	missing_feature	Feature not found in HTO: HTO-433
Adult_cHSPCs_Ultima_majority_voting	ERYP	440	mAOC433	HTO-433	hashtag	HTO	HTO-433	NA	NA	NA	missing_feature	Feature not found in HTO: HTO-433
Adult_cHSPCs_Ultima_majority_voting	GMP-L	663	mAOC433	HTO-433	hashtag	HTO	HTO-433	NA	NA	NA	missing_feature	Feature not found in HTO: HTO-433
Adult_cHSPCs_Ultima_majority_voting	HSC_MPP	8254	mAOC433	HTO-433	hashtag	HTO	HTO-433	NA	NA	NA	missing_feature	Feature not found in HTO: HTO-433
Adult_cHSPCs_Ultima_majority_voting	MEBEMP-L	1898	mAOC433	HTO-433	hashtag	HTO	HTO-433	NA	NA	NA	missing_feature	Feature not found in HTO: HTO-433
Adult_cHSPCs_Ultima_majority_voting	MKP	565	mAOC433	HTO-433	hashtag	HTO	HTO-433	NA	NA	NA	missing_feature	Feature not found in HTO: HTO-433
Adult_cHSPCs_Ultima_majority_voting	Monocyte	195	mAOC433	HTO-433	hashtag	HTO	HTO-433	NA	NA	NA	missing_feature	Feature not found in HTO: HTO-433
Adult_cHSPCs_Ultima_majority_voting	NK/T	116	mAOC433	HTO-433	hashtag	HTO	HTO-433	NA	NA	NA	missing_feature	Feature not found in HTO: HTO-433
Adult_cHSPCs_Ultima_majority_voting	B	652	mAOC434	HTO-434	hashtag	HTO	HTO-434	NA	NA	NA	missing_feature	Feature not found in HTO: HTO-434
Adult_cHSPCs_Ultima_majority_voting	CLP	506	mAOC434	HTO-434	hashtag	HTO	HTO-434	NA	NA	NA	missing_feature	Feature not found in HTO: HTO-434
Adult_cHSPCs_Ultima_majority_voting	ERYP	440	mAOC434	HTO-434	hashtag	HTO	HTO-434	NA	NA	NA	missing_feature	Feature not found in HTO: HTO-434
Adult_cHSPCs_Ultima_majority_voting	GMP-L	663	mAOC434	HTO-434	hashtag	HTO	HTO-434	NA	NA	NA	missing_feature	Feature not found in HTO: HTO-434
Adult_cHSPCs_Ultima_majority_voting	HSC_MPP	8254	mAOC434	HTO-434	hashtag	HTO	HTO-434	NA	NA	NA	missing_feature	Feature not found in HTO: HTO-434
Adult_cHSPCs_Ultima_majority_voting	MEBEMP-L	1898	mAOC434	HTO-434	hashtag	HTO	HTO-434	NA	NA	NA	missing_feature	Feature not found in HTO: HTO-434
Adult_cHSPCs_Ultima_majority_voting	MKP	565	mAOC434	HTO-434	hashtag	HTO	HTO-434	NA	NA	NA	missing_feature	Feature not found in HTO: HTO-434
Adult_cHSPCs_Ultima_majority_voting	Monocyte	195	mAOC434	HTO-434	hashtag	HTO	HTO-434	NA	NA	NA	missing_feature	Feature not found in HTO: HTO-434
Adult_cHSPCs_Ultima_majority_voting	NK/T	116	mAOC434	HTO-434	hashtag	HTO	HTO-434	NA	NA	NA	missing_feature	Feature not found in HTO: HTO-434
Adult_cHSPCs_Ultima_majority_voting	B	652	mAOC435	HTO-435	hashtag	HTO	HTO-435	1.24663329057605	NA	1.24663329057605	ok	
Adult_cHSPCs_Ultima_majority_voting	CLP	506	mAOC435	HTO-435	hashtag	HTO	HTO-435	0.870659734621485	NA	0.870659734621485	ok	
Adult_cHSPCs_Ultima_majority_voting	ERYP	440	mAOC435	HTO-435	hashtag	HTO	HTO-435	0.998533565771194	NA	0.998533565771194	ok	
Adult_cHSPCs_Ultima_majority_voting	GMP-L	663	mAOC435	HTO-435	hashtag	HTO	HTO-435	1.03881273074476	NA	1.03881273074476	ok	
Adult_cHSPCs_Ultima_majority_voting	HSC_MPP	8254	mAOC435	HTO-435	hashtag	HTO	HTO-435	0.971332391589475	NA	0.971332391589475	ok	
Adult_cHSPCs_Ultima_majority_voting	MEBEMP-L	1898	mAOC435	HTO-435	hashtag	HTO	HTO-435	0.931005337696322	NA	0.931005337696322	ok	
Adult_cHSPCs_Ultima_majority_voting	MKP	565	mAOC435	HTO-435	hashtag	HTO	HTO-435	1.08950838031213	NA	1.08950838031213	ok	
Adult_cHSPCs_Ultima_majority_voting	Monocyte	195	mAOC435	HTO-435	hashtag	HTO	HTO-435	0.863442340644245	NA	0.863442340644245	ok	
Adult_cHSPCs_Ultima_majority_voting	NK/T	116	mAOC435	HTO-435	hashtag	HTO	HTO-435	0.934050024911113	NA	0.934050024911113	ok	
Adult_cHSPCs_Ultima_majority_voting	B	652	mAOC436	HTO-436	hashtag	HTO	HTO-436	1.2386354530956	NA	1.2386354530956	ok	
Adult_cHSPCs_Ultima_majority_voting	CLP	506	mAOC436	HTO-436	hashtag	HTO	HTO-436	0.927766554678989	NA	0.927766554678989	ok	
Adult_cHSPCs_Ultima_majority_voting	ERYP	440	mAOC436	HTO-436	hashtag	HTO	HTO-436	1.01307021637161	NA	1.01307021637161	ok	
Adult_cHSPCs_Ultima_majority_voting	GMP-L	663	mAOC436	HTO-436	hashtag	HTO	HTO-436	1.04008318445202	NA	1.04008318445202	ok	
Adult_cHSPCs_Ultima_majority_voting	HSC_MPP	8254	mAOC436	HTO-436	hashtag	HTO	HTO-436	1.029999800332	NA	1.029999800332	ok	
Adult_cHSPCs_Ultima_majority_voting	MEBEMP-L	1898	mAOC436	HTO-436	hashtag	HTO	HTO-436	1.00881607711316	NA	1.00881607711316	ok	
Adult_cHSPCs_Ultima_majority_voting	MKP	565	mAOC436	HTO-436	hashtag	HTO	HTO-436	1.08010721134098	NA	1.08010721134098	ok	
Adult_cHSPCs_Ultima_majority_voting	Monocyte	195	mAOC436	HTO-436	hashtag	HTO	HTO-436	1.24786354467715	NA	1.24786354467715	ok	
Adult_cHSPCs_Ultima_majority_voting	NK/T	116	mAOC436	HTO-436	hashtag	HTO	HTO-436	0.876613093121731	NA	0.876613093121731	ok	
Adult_cHSPCs_Ultima_majority_voting	B	652	mAOC437	HTO-437	hashtag	HTO	HTO-437	1.40207926509308	NA	1.40207926509308	ok	
Adult_cHSPCs_Ultima_majority_voting	CLP	506	mAOC437	HTO-437	hashtag	HTO	HTO-437	0.989767615723313	NA	0.989767615723313	ok	
Adult_cHSPCs_Ultima_majority_voting	ERYP	440	mAOC437	HTO-437	hashtag	HTO	HTO-437	0.952881782106964	NA	0.952881782106964	ok	
Adult_cHSPCs_Ultima_majority_voting	GMP-L	663	mAOC437	HTO-437	hashtag	HTO	HTO-437	1.02871146197528	NA	1.02871146197528	ok	
Adult_cHSPCs_Ultima_majority_voting	HSC_MPP	8254	mAOC437	HTO-437	hashtag	HTO	HTO-437	0.979632576454278	NA	0.979632576454278	ok	
Adult_cHSPCs_Ultima_majority_voting	MEBEMP-L	1898	mAOC437	HTO-437	hashtag	HTO	HTO-437	0.95725046194556	NA	0.95725046194556	ok	
Adult_cHSPCs_Ultima_majority_voting	MKP	565	mAOC437	HTO-437	hashtag	HTO	HTO-437	1.05445759466274	NA	1.05445759466274	ok	
Adult_cHSPCs_Ultima_majority_voting	Monocyte	195	mAOC437	HTO-437	hashtag	HTO	HTO-437	1.28468091971234	NA	1.28468091971234	ok	
Adult_cHSPCs_Ultima_majority_voting	NK/T	116	mAOC437	HTO-437	hashtag	HTO	HTO-437	0.953073676290279	NA	0.953073676290279	ok	
Adult_cHSPCs_Ultima_majority_voting	B	652	FADT0037	mAOC-S	spike_control	ADT	mAOC-S	0.0105184513220454	0.0105184513220454	NA	ok	
Adult_cHSPCs_Ultima_majority_voting	CLP	506	FADT0037	mAOC-S	spike_control	ADT	mAOC-S	0.00726521266476871	0.00726521266476871	NA	ok	
Adult_cHSPCs_Ultima_majority_voting	ERYP	440	FADT0037	mAOC-S	spike_control	ADT	mAOC-S	0.00530049615518503	0.00530049615518503	NA	ok	
Adult_cHSPCs_Ultima_majority_voting	GMP-L	663	FADT0037	mAOC-S	spike_control	ADT	mAOC-S	0.00691517453125343	0.00691517453125343	NA	ok	
Adult_cHSPCs_Ultima_majority_voting	HSC_MPP	8254	FADT0037	mAOC-S	spike_control	ADT	mAOC-S	0.00758745569167152	0.00758745569167152	NA	ok	
Adult_cHSPCs_Ultima_majority_voting	MEBEMP-L	1898	FADT0037	mAOC-S	spike_control	ADT	mAOC-S	0.00803272310832739	0.00803272310832739	NA	ok	
Adult_cHSPCs_Ultima_majority_voting	MKP	565	FADT0037	mAOC-S	spike_control	ADT	mAOC-S	0.0126020016637565	0.0126020016637565	NA	ok	
Adult_cHSPCs_Ultima_majority_voting	Monocyte	195	FADT0037	mAOC-S	spike_control	ADT	mAOC-S	0.01642664728561	0.01642664728561	NA	ok	
Adult_cHSPCs_Ultima_majority_voting	NK/T	116	FADT0037	mAOC-S	spike_control	ADT	mAOC-S	0.0478366143654024	0.0478366143654024	NA	ok	
Adult_cHSPCs_Ultima_majority_voting	B	652	FADT0040	mAOC-CD45RA	cd45_isoform	ADT	mAOC-CD45RA	4.88455592282479	4.88455592282479	NA	ok	
Adult_cHSPCs_Ultima_majority_voting	CLP	506	FADT0040	mAOC-CD45RA	cd45_isoform	ADT	mAOC-CD45RA	3.1899008519284	3.1899008519284	NA	ok	
Adult_cHSPCs_Ultima_majority_voting	ERYP	440	FADT0040	mAOC-CD45RA	cd45_isoform	ADT	mAOC-CD45RA	0.161906039306689	0.161906039306689	NA	ok	
Adult_cHSPCs_Ultima_majority_voting	GMP-L	663	FADT0040	mAOC-CD45RA	cd45_isoform	ADT	mAOC-CD45RA	1.2980191841199	1.2980191841199	NA	ok	
Adult_cHSPCs_Ultima_majority_voting	HSC_MPP	8254	FADT0040	mAOC-CD45RA	cd45_isoform	ADT	mAOC-CD45RA	1.14462453873392	1.14462453873392	NA	ok	
Adult_cHSPCs_Ultima_majority_voting	MEBEMP-L	1898	FADT0040	mAOC-CD45RA	cd45_isoform	ADT	mAOC-CD45RA	0.0770857986067603	0.0770857986067603	NA	ok	
Adult_cHSPCs_Ultima_majority_voting	MKP	565	FADT0040	mAOC-CD45RA	cd45_isoform	ADT	mAOC-CD45RA	0.492879865768577	0.492879865768577	NA	ok	
Adult_cHSPCs_Ultima_majority_voting	Monocyte	195	FADT0040	mAOC-CD45RA	cd45_isoform	ADT	mAOC-CD45RA	1.56753968264451	1.56753968264451	NA	ok	
Adult_cHSPCs_Ultima_majority_voting	NK/T	116	FADT0040	mAOC-CD45RA	cd45_isoform	ADT	mAOC-CD45RA	3.35786791028099	3.35786791028099	NA	ok	
Adult_cHSPCs_Ultima_majority_voting	B	652	FADT0041	mAOC-CD80	gene	ADT	mAOC-CD80	0.0461405394154555	0.0461405394154555	NA	ok	
Adult_cHSPCs_Ultima_majority_voting	CLP	506	FADT0041	mAOC-CD80	gene	ADT	mAOC-CD80	0.0164174772594065	0.0164174772594065	NA	ok	
Adult_cHSPCs_Ultima_majority_voting	ERYP	440	FADT0041	mAOC-CD80	gene	ADT	mAOC-CD80	0.00550584468228644	0.00550584468228644	NA	ok	
Adult_cHSPCs_Ultima_majority_voting	GMP-L	663	FADT0041	mAOC-CD80	gene	ADT	mAOC-CD80	0.0210140407299048	0.0210140407299048	NA	ok	
Adult_cHSPCs_Ultima_majority_voting	HSC_MPP	8254	FADT0041	mAOC-CD80	gene	ADT	mAOC-CD80	0.0265817763746231	0.0265817763746231	NA	ok	
Adult_cHSPCs_Ultima_majority_voting	MEBEMP-L	1898	FADT0041	mAOC-CD80	gene	ADT	mAOC-CD80	0.015184866743222	0.015184866743222	NA	ok	
Adult_cHSPCs_Ultima_majority_voting	MKP	565	FADT0041	mAOC-CD80	gene	ADT	mAOC-CD80	0.0342280085797826	0.0342280085797826	NA	ok	
Adult_cHSPCs_Ultima_majority_voting	Monocyte	195	FADT0041	mAOC-CD80	gene	ADT	mAOC-CD80	0.0745930984839727	0.0745930984839727	NA	ok	
Adult_cHSPCs_Ultima_majority_voting	NK/T	116	FADT0041	mAOC-CD80	gene	ADT	mAOC-CD80	0.167587218062953	0.167587218062953	NA	ok	
Adult_cHSPCs_Ultima_majority_voting	B	652	FADT0042	mAOC-CD21	gene	ADT	mAOC-CD21	3.52003778013939	3.52003778013939	NA	ok	
Adult_cHSPCs_Ultima_majority_voting	CLP	506	FADT0042	mAOC-CD21	gene	ADT	mAOC-CD21	0.654783634146385	0.654783634146385	NA	ok	
Adult_cHSPCs_Ultima_majority_voting	ERYP	440	FADT0042	mAOC-CD21	gene	ADT	mAOC-CD21	0.0194132647337176	0.0194132647337176	NA	ok	
Adult_cHSPCs_Ultima_majority_voting	GMP-L	663	FADT0042	mAOC-CD21	gene	ADT	mAOC-CD21	0.219289466153151	0.219289466153151	NA	ok	
Adult_cHSPCs_Ultima_majority_voting	HSC_MPP	8254	FADT0042	mAOC-CD21	gene	ADT	mAOC-CD21	0.0761822246161354	0.0761822246161354	NA	ok	
Adult_cHSPCs_Ultima_majority_voting	MEBEMP-L	1898	FADT0042	mAOC-CD21	gene	ADT	mAOC-CD21	0.0182559794062787	0.0182559794062787	NA	ok	
Adult_cHSPCs_Ultima_majority_voting	MKP	565	FADT0042	mAOC-CD21	gene	ADT	mAOC-CD21	0.034374942904986	0.034374942904986	NA	ok	
Adult_cHSPCs_Ultima_majority_voting	Monocyte	195	FADT0042	mAOC-CD21	gene	ADT	mAOC-CD21	0.217156119964452	0.217156119964452	NA	ok	
Adult_cHSPCs_Ultima_majority_voting	NK/T	116	FADT0042	mAOC-CD21	gene	ADT	mAOC-CD21	1.80368756331458	1.80368756331458	NA	ok	
Adult_cHSPCs_Ultima_majority_voting	B	652	FADT0043	mAOC-CD19	gene	ADT	mAOC-CD19	0.00159659603790393	0.00159659603790393	NA	ok	
Adult_cHSPCs_Ultima_majority_voting	CLP	506	FADT0043	mAOC-CD19	gene	ADT	mAOC-CD19	0	0	NA	ok	
Adult_cHSPCs_Ultima_majority_voting	ERYP	440	FADT0043	mAOC-CD19	gene	ADT	mAOC-CD19	0	0	NA	ok	
Adult_cHSPCs_Ultima_majority_voting	GMP-L	663	FADT0043	mAOC-CD19	gene	ADT	mAOC-CD19	1.71341994563443e-05	1.71341994563443e-05	NA	ok	
Adult_cHSPCs_Ultima_majority_voting	HSC_MPP	8254	FADT0043	mAOC-CD19	gene	ADT	mAOC-CD19	2.95518946990315e-05	2.95518946990315e-05	NA	ok	
Adult_cHSPCs_Ultima_majority_voting	MEBEMP-L	1898	FADT0043	mAOC-CD19	gene	ADT	mAOC-CD19	5.69655885027469e-05	5.69655885027469e-05	NA	ok	
Adult_cHSPCs_Ultima_majority_voting	MKP	565	FADT0043	mAOC-CD19	gene	ADT	mAOC-CD19	0	0	NA	ok	
Adult_cHSPCs_Ultima_majority_voting	Monocyte	195	FADT0043	mAOC-CD19	gene	ADT	mAOC-CD19	0.00266927876735108	0.00266927876735108	NA	ok	
Adult_cHSPCs_Ultima_majority_voting	NK/T	116	FADT0043	mAOC-CD19	gene	ADT	mAOC-CD19	0	0	NA	ok	
Adult_cHSPCs_Ultima_majority_voting	B	652	FADT0046	mAOC-CD4	gene	ADT	mAOC-CD4	0.272546455381825	0.272546455381825	NA	ok	
Adult_cHSPCs_Ultima_majority_voting	CLP	506	FADT0046	mAOC-CD4	gene	ADT	mAOC-CD4	1.04875935662766	1.04875935662766	NA	ok	
Adult_cHSPCs_Ultima_majority_voting	ERYP	440	FADT0046	mAOC-CD4	gene	ADT	mAOC-CD4	1.37708978663311	1.37708978663311	NA	ok	
Adult_cHSPCs_Ultima_majority_voting	GMP-L	663	FADT0046	mAOC-CD4	gene	ADT	mAOC-CD4	0.724000779472757	0.724000779472757	NA	ok	
Adult_cHSPCs_Ultima_majority_voting	HSC_MPP	8254	FADT0046	mAOC-CD4	gene	ADT	mAOC-CD4	1.16756539333463	1.16756539333463	NA	ok	
Adult_cHSPCs_Ultima_majority_voting	MEBEMP-L	1898	FADT0046	mAOC-CD4	gene	ADT	mAOC-CD4	0.518849518510379	0.518849518510379	NA	ok	
Adult_cHSPCs_Ultima_majority_voting	MKP	565	FADT0046	mAOC-CD4	gene	ADT	mAOC-CD4	0.68772668335284	0.68772668335284	NA	ok	
Adult_cHSPCs_Ultima_majority_voting	Monocyte	195	FADT0046	mAOC-CD4	gene	ADT	mAOC-CD4	2.23986589228484	2.23986589228484	NA	ok	
Adult_cHSPCs_Ultima_majority_voting	NK/T	116	FADT0046	mAOC-CD4	gene	ADT	mAOC-CD4	1.41069471139761	1.41069471139761	NA	ok	
Adult_cHSPCs_Ultima_majority_voting	B	652	FADT0158	mAOC-CD27	gene	ADT	mAOC-CD27	0.0516757039968351	0.0516757039968351	NA	ok	
Adult_cHSPCs_Ultima_majority_voting	CLP	506	FADT0158	mAOC-CD27	gene	ADT	mAOC-CD27	0.00416785648882505	0.00416785648882505	NA	ok	
Adult_cHSPCs_Ultima_majority_voting	ERYP	440	FADT0158	mAOC-CD27	gene	ADT	mAOC-CD27	0.00447520963701837	0.00447520963701837	NA	ok	
Adult_cHSPCs_Ultima_majority_voting	GMP-L	663	FADT0158	mAOC-CD27	gene	ADT	mAOC-CD27	0.00592560134551563	0.00592560134551563	NA	ok	
Adult_cHSPCs_Ultima_majority_voting	HSC_MPP	8254	FADT0158	mAOC-CD27	gene	ADT	mAOC-CD27	0.0091896774231952	0.0091896774231952	NA	ok	
Adult_cHSPCs_Ultima_majority_voting	MEBEMP-L	1898	FADT0158	mAOC-CD27	gene	ADT	mAOC-CD27	0.00678533090966944	0.00678533090966944	NA	ok	
Adult_cHSPCs_Ultima_majority_voting	MKP	565	FADT0158	mAOC-CD27	gene	ADT	mAOC-CD27	0.0148528617769385	0.0148528617769385	NA	ok	
Adult_cHSPCs_Ultima_majority_voting	Monocyte	195	FADT0158	mAOC-CD27	gene	ADT	mAOC-CD27	0.00814334298301012	0.00814334298301012	NA	ok	
Adult_cHSPCs_Ultima_majority_voting	NK/T	116	FADT0158	mAOC-CD27	gene	ADT	mAOC-CD27	0.801182832683861	0.801182832683861	NA	ok	
Adult_cHSPCs_Ultima_majority_voting	B	652	FADT0159	mAOC-CD28	gene	ADT	mAOC-CD28	0.12558717954346	0.12558717954346	NA	ok	
Adult_cHSPCs_Ultima_majority_voting	CLP	506	FADT0159	mAOC-CD28	gene	ADT	mAOC-CD28	0.0314655767604982	0.0314655767604982	NA	ok	
Adult_cHSPCs_Ultima_majority_voting	ERYP	440	FADT0159	mAOC-CD28	gene	ADT	mAOC-CD28	0.00727356149288093	0.00727356149288093	NA	ok	
Adult_cHSPCs_Ultima_majority_voting	GMP-L	663	FADT0159	mAOC-CD28	gene	ADT	mAOC-CD28	0.0226528868825314	0.0226528868825314	NA	ok	
Adult_cHSPCs_Ultima_majority_voting	HSC_MPP	8254	FADT0159	mAOC-CD28	gene	ADT	mAOC-CD28	0.0212249176876241	0.0212249176876241	NA	ok	
Adult_cHSPCs_Ultima_majority_voting	MEBEMP-L	1898	FADT0159	mAOC-CD28	gene	ADT	mAOC-CD28	0.0151610895190229	0.0151610895190229	NA	ok	
Adult_cHSPCs_Ultima_majority_voting	MKP	565	FADT0159	mAOC-CD28	gene	ADT	mAOC-CD28	0.0502302566379067	0.0502302566379067	NA	ok	
Adult_cHSPCs_Ultima_majority_voting	Monocyte	195	FADT0159	mAOC-CD28	gene	ADT	mAOC-CD28	0.113609300325569	0.113609300325569	NA	ok	
Adult_cHSPCs_Ultima_majority_voting	NK/T	116	FADT0159	mAOC-CD28	gene	ADT	mAOC-CD28	0.464264681811318	0.464264681811318	NA	ok	
Adult_cHSPCs_Ultima_majority_voting	B	652	FADT0160	mAOC-CD161	gene	ADT	mAOC-CD161	0.133462993679972	0.133462993679972	NA	ok	
Adult_cHSPCs_Ultima_majority_voting	CLP	506	FADT0160	mAOC-CD161	gene	ADT	mAOC-CD161	0.0599861803306031	0.0599861803306031	NA	ok	
Adult_cHSPCs_Ultima_majority_voting	ERYP	440	FADT0160	mAOC-CD161	gene	ADT	mAOC-CD161	0.0156754144548264	0.0156754144548264	NA	ok	
Adult_cHSPCs_Ultima_majority_voting	GMP-L	663	FADT0160	mAOC-CD161	gene	ADT	mAOC-CD161	0.0443086898991079	0.0443086898991079	NA	ok	
Adult_cHSPCs_Ultima_majority_voting	HSC_MPP	8254	FADT0160	mAOC-CD161	gene	ADT	mAOC-CD161	0.0265456349136306	0.0265456349136306	NA	ok	
Adult_cHSPCs_Ultima_majority_voting	MEBEMP-L	1898	FADT0160	mAOC-CD161	gene	ADT	mAOC-CD161	0.0205100201477626	0.0205100201477626	NA	ok	
Adult_cHSPCs_Ultima_majority_voting	MKP	565	FADT0160	mAOC-CD161	gene	ADT	mAOC-CD161	0.0555474832801496	0.0555474832801496	NA	ok	
Adult_cHSPCs_Ultima_majority_voting	Monocyte	195	FADT0160	mAOC-CD161	gene	ADT	mAOC-CD161	0.130189734786463	0.130189734786463	NA	ok	
Adult_cHSPCs_Ultima_majority_voting	NK/T	116	FADT0160	mAOC-CD161	gene	ADT	mAOC-CD161	0.573450650397814	0.573450650397814	NA	ok	
Adult_cHSPCs_Ultima_majority_voting	B	652	FADT0161	mAOC-CD38	gene	ADT	mAOC-CD38	3.98129160003969	3.98129160003969	NA	ok	
Adult_cHSPCs_Ultima_majority_voting	CLP	506	FADT0161	mAOC-CD38	gene	ADT	mAOC-CD38	3.29220517568028	3.29220517568028	NA	ok	
Adult_cHSPCs_Ultima_majority_voting	ERYP	440	FADT0161	mAOC-CD38	gene	ADT	mAOC-CD38	4.46531720363702	4.46531720363702	NA	ok	
Adult_cHSPCs_Ultima_majority_voting	GMP-L	663	FADT0161	mAOC-CD38	gene	ADT	mAOC-CD38	4.61683111506275	4.61683111506275	NA	ok	
Adult_cHSPCs_Ultima_majority_voting	HSC_MPP	8254	FADT0161	mAOC-CD38	gene	ADT	mAOC-CD38	3.01181424991942	3.01181424991942	NA	ok	
Adult_cHSPCs_Ultima_majority_voting	MEBEMP-L	1898	FADT0161	mAOC-CD38	gene	ADT	mAOC-CD38	3.26670639931547	3.26670639931547	NA	ok	
Adult_cHSPCs_Ultima_majority_voting	MKP	565	FADT0161	mAOC-CD38	gene	ADT	mAOC-CD38	3.41387904117918	3.41387904117918	NA	ok	
Adult_cHSPCs_Ultima_majority_voting	Monocyte	195	FADT0161	mAOC-CD38	gene	ADT	mAOC-CD38	2.82106963579745	2.82106963579745	NA	ok	
Adult_cHSPCs_Ultima_majority_voting	NK/T	116	FADT0161	mAOC-CD38	gene	ADT	mAOC-CD38	4.27309115220156	4.27309115220156	NA	ok	
Adult_cHSPCs_Ultima_majority_voting	B	652	FADT0166	mAOC-CD1d	gene	ADT	mAOC-CD1d	0.106946045290603	0.106946045290603	NA	ok	
Adult_cHSPCs_Ultima_majority_voting	CLP	506	FADT0166	mAOC-CD1d	gene	ADT	mAOC-CD1d	0.0632460840096357	0.0632460840096357	NA	ok	
Adult_cHSPCs_Ultima_majority_voting	ERYP	440	FADT0166	mAOC-CD1d	gene	ADT	mAOC-CD1d	0.0230124702737063	0.0230124702737063	NA	ok	
Adult_cHSPCs_Ultima_majority_voting	GMP-L	663	FADT0166	mAOC-CD1d	gene	ADT	mAOC-CD1d	0.0422393019186813	0.0422393019186813	NA	ok	
Adult_cHSPCs_Ultima_majority_voting	HSC_MPP	8254	FADT0166	mAOC-CD1d	gene	ADT	mAOC-CD1d	0.040541302072385	0.040541302072385	NA	ok	
Adult_cHSPCs_Ultima_majority_voting	MEBEMP-L	1898	FADT0166	mAOC-CD1d	gene	ADT	mAOC-CD1d	0.0237370129807142	0.0237370129807142	NA	ok	
Adult_cHSPCs_Ultima_majority_voting	MKP	565	FADT0166	mAOC-CD1d	gene	ADT	mAOC-CD1d	0.0498284200564141	0.0498284200564141	NA	ok	
Adult_cHSPCs_Ultima_majority_voting	Monocyte	195	FADT0166	mAOC-CD1d	gene	ADT	mAOC-CD1d	0.128261686551632	0.128261686551632	NA	ok	
Adult_cHSPCs_Ultima_majority_voting	NK/T	116	FADT0166	mAOC-CD1d	gene	ADT	mAOC-CD1d	0.377846610329887	0.377846610329887	NA	ok	
Adult_cHSPCs_Ultima_majority_voting	B	652	FADT0167	mAOC-CD22	gene	ADT	mAOC-CD22	3.03392432329295	3.03392432329295	NA	ok	
Adult_cHSPCs_Ultima_majority_voting	CLP	506	FADT0167	mAOC-CD22	gene	ADT	mAOC-CD22	1.22903368148732	1.22903368148732	NA	ok	
Adult_cHSPCs_Ultima_majority_voting	ERYP	440	FADT0167	mAOC-CD22	gene	ADT	mAOC-CD22	0.0294527316884023	0.0294527316884023	NA	ok	
Adult_cHSPCs_Ultima_majority_voting	GMP-L	663	FADT0167	mAOC-CD22	gene	ADT	mAOC-CD22	0.104939875812475	0.104939875812475	NA	ok	
Adult_cHSPCs_Ultima_majority_voting	HSC_MPP	8254	FADT0167	mAOC-CD22	gene	ADT	mAOC-CD22	0.113882296140018	0.113882296140018	NA	ok	
Adult_cHSPCs_Ultima_majority_voting	MEBEMP-L	1898	FADT0167	mAOC-CD22	gene	ADT	mAOC-CD22	0.0200390833064656	0.0200390833064656	NA	ok	
Adult_cHSPCs_Ultima_majority_voting	MKP	565	FADT0167	mAOC-CD22	gene	ADT	mAOC-CD22	0.0537289012696247	0.0537289012696247	NA	ok	
Adult_cHSPCs_Ultima_majority_voting	Monocyte	195	FADT0167	mAOC-CD22	gene	ADT	mAOC-CD22	0.240964962718188	0.240964962718188	NA	ok	
Adult_cHSPCs_Ultima_majority_voting	NK/T	116	FADT0167	mAOC-CD22	gene	ADT	mAOC-CD22	1.07729233799779	1.07729233799779	NA	ok	
Adult_cHSPCs_Ultima_majority_voting	B	652	FADT0170	Tag-ALFA	gene	ADT	Tag-ALFA	0.0747924121492042	0.0747924121492042	NA	ok	
Adult_cHSPCs_Ultima_majority_voting	CLP	506	FADT0170	Tag-ALFA	gene	ADT	Tag-ALFA	0.029318374607635	0.029318374607635	NA	ok	
Adult_cHSPCs_Ultima_majority_voting	ERYP	440	FADT0170	Tag-ALFA	gene	ADT	Tag-ALFA	0.0174713011118076	0.0174713011118076	NA	ok	
Adult_cHSPCs_Ultima_majority_voting	GMP-L	663	FADT0170	Tag-ALFA	gene	ADT	Tag-ALFA	0.0253621577406186	0.0253621577406186	NA	ok	
Adult_cHSPCs_Ultima_majority_voting	HSC_MPP	8254	FADT0170	Tag-ALFA	gene	ADT	Tag-ALFA	0.0276826738369097	0.0276826738369097	NA	ok	
Adult_cHSPCs_Ultima_majority_voting	MEBEMP-L	1898	FADT0170	Tag-ALFA	gene	ADT	Tag-ALFA	0.0219207556714184	0.0219207556714184	NA	ok	
Adult_cHSPCs_Ultima_majority_voting	MKP	565	FADT0170	Tag-ALFA	gene	ADT	Tag-ALFA	0.0946378808076809	0.0946378808076809	NA	ok	
Adult_cHSPCs_Ultima_majority_voting	Monocyte	195	FADT0170	Tag-ALFA	gene	ADT	Tag-ALFA	0.0737547674348454	0.0737547674348454	NA	ok	
Adult_cHSPCs_Ultima_majority_voting	NK/T	116	FADT0170	Tag-ALFA	gene	ADT	Tag-ALFA	0.272398355336194	0.272398355336194	NA	ok	
Adult_cHSPCs_Ultima_majority_voting	B	652	FADT0175	mAOC-CD340	gene	ADT	mAOC-CD340	0.0129300845733347	0.0129300845733347	NA	ok	
Adult_cHSPCs_Ultima_majority_voting	CLP	506	FADT0175	mAOC-CD340	gene	ADT	mAOC-CD340	0.00590961189817672	0.00590961189817672	NA	ok	
Adult_cHSPCs_Ultima_majority_voting	ERYP	440	FADT0175	mAOC-CD340	gene	ADT	mAOC-CD340	0.00182901781485014	0.00182901781485014	NA	ok	
Adult_cHSPCs_Ultima_majority_voting	GMP-L	663	FADT0175	mAOC-CD340	gene	ADT	mAOC-CD340	0.00801648286781345	0.00801648286781345	NA	ok	
Adult_cHSPCs_Ultima_majority_voting	HSC_MPP	8254	FADT0175	mAOC-CD340	gene	ADT	mAOC-CD340	0.00768036933054442	0.00768036933054442	NA	ok	
Adult_cHSPCs_Ultima_majority_voting	MEBEMP-L	1898	FADT0175	mAOC-CD340	gene	ADT	mAOC-CD340	0.00686233446256308	0.00686233446256308	NA	ok	
Adult_cHSPCs_Ultima_majority_voting	MKP	565	FADT0175	mAOC-CD340	gene	ADT	mAOC-CD340	0.0227667097709513	0.0227667097709513	NA	ok	
Adult_cHSPCs_Ultima_majority_voting	Monocyte	195	FADT0175	mAOC-CD340	gene	ADT	mAOC-CD340	0.0388598173045672	0.0388598173045672	NA	ok	
Adult_cHSPCs_Ultima_majority_voting	NK/T	116	FADT0175	mAOC-CD340	gene	ADT	mAOC-CD340	0.0674054451469735	0.0674054451469735	NA	ok	
Adult_cHSPCs_Ultima_majority_voting	B	652	FADT0180	mAOC-CD86	gene	ADT	mAOC-CD86	0.207997504532432	0.207997504532432	NA	ok	
Adult_cHSPCs_Ultima_majority_voting	CLP	506	FADT0180	mAOC-CD86	gene	ADT	mAOC-CD86	0.554090263807187	0.554090263807187	NA	ok	
Adult_cHSPCs_Ultima_majority_voting	ERYP	440	FADT0180	mAOC-CD86	gene	ADT	mAOC-CD86	0.0139549782609013	0.0139549782609013	NA	ok	
Adult_cHSPCs_Ultima_majority_voting	GMP-L	663	FADT0180	mAOC-CD86	gene	ADT	mAOC-CD86	0.16087237070487	0.16087237070487	NA	ok	
Adult_cHSPCs_Ultima_majority_voting	HSC_MPP	8254	FADT0180	mAOC-CD86	gene	ADT	mAOC-CD86	0.0400422460564594	0.0400422460564594	NA	ok	
Adult_cHSPCs_Ultima_majority_voting	MEBEMP-L	1898	FADT0180	mAOC-CD86	gene	ADT	mAOC-CD86	0.0199489909185034	0.0199489909185034	NA	ok	
Adult_cHSPCs_Ultima_majority_voting	MKP	565	FADT0180	mAOC-CD86	gene	ADT	mAOC-CD86	0.0535576748075614	0.0535576748075614	NA	ok	
Adult_cHSPCs_Ultima_majority_voting	Monocyte	195	FADT0180	mAOC-CD86	gene	ADT	mAOC-CD86	2.11194659398435	2.11194659398435	NA	ok	
Adult_cHSPCs_Ultima_majority_voting	NK/T	116	FADT0180	mAOC-CD86	gene	ADT	mAOC-CD86	0.35846786812459	0.35846786812459	NA	ok	
Adult_cHSPCs_Ultima_majority_voting	B	652	FADT0186	mAOC-CD223	gene	ADT	mAOC-CD223	0.0280812224397322	0.0280812224397322	NA	ok	
Adult_cHSPCs_Ultima_majority_voting	CLP	506	FADT0186	mAOC-CD223	gene	ADT	mAOC-CD223	0.0991207333796769	0.0991207333796769	NA	ok	
Adult_cHSPCs_Ultima_majority_voting	ERYP	440	FADT0186	mAOC-CD223	gene	ADT	mAOC-CD223	0.00499659861721308	0.00499659861721308	NA	ok	
Adult_cHSPCs_Ultima_majority_voting	GMP-L	663	FADT0186	mAOC-CD223	gene	ADT	mAOC-CD223	0.0255693191037238	0.0255693191037238	NA	ok	
Adult_cHSPCs_Ultima_majority_voting	HSC_MPP	8254	FADT0186	mAOC-CD223	gene	ADT	mAOC-CD223	0.0731787748181636	0.0731787748181636	NA	ok	
Adult_cHSPCs_Ultima_majority_voting	MEBEMP-L	1898	FADT0186	mAOC-CD223	gene	ADT	mAOC-CD223	0.0142799523106347	0.0142799523106347	NA	ok	
Adult_cHSPCs_Ultima_majority_voting	MKP	565	FADT0186	mAOC-CD223	gene	ADT	mAOC-CD223	0.0424251410610729	0.0424251410610729	NA	ok	
Adult_cHSPCs_Ultima_majority_voting	Monocyte	195	FADT0186	mAOC-CD223	gene	ADT	mAOC-CD223	0.266651109324577	0.266651109324577	NA	ok	
Adult_cHSPCs_Ultima_majority_voting	NK/T	116	FADT0186	mAOC-CD223	gene	ADT	mAOC-CD223	0.105576919754754	0.105576919754754	NA	ok	
Adult_cHSPCs_Ultima_majority_voting	B	652	mAOC0297	mAOC-CD100	gene	ADT	mAOC-CD100	0.0178773904073247	0.0178773904073247	NA	ok	
Adult_cHSPCs_Ultima_majority_voting	CLP	506	mAOC0297	mAOC-CD100	gene	ADT	mAOC-CD100	0.452031786063341	0.452031786063341	NA	ok	
Adult_cHSPCs_Ultima_majority_voting	ERYP	440	mAOC0297	mAOC-CD100	gene	ADT	mAOC-CD100	1.40751010498484	1.40751010498484	NA	ok	
Adult_cHSPCs_Ultima_majority_voting	GMP-L	663	mAOC0297	mAOC-CD100	gene	ADT	mAOC-CD100	0.626759536522239	0.626759536522239	NA	ok	
Adult_cHSPCs_Ultima_majority_voting	HSC_MPP	8254	mAOC0297	mAOC-CD100	gene	ADT	mAOC-CD100	0.542726619650636	0.542726619650636	NA	ok	
Adult_cHSPCs_Ultima_majority_voting	MEBEMP-L	1898	mAOC0297	mAOC-CD100	gene	ADT	mAOC-CD100	1.10517603251418	1.10517603251418	NA	ok	
Adult_cHSPCs_Ultima_majority_voting	MKP	565	mAOC0297	mAOC-CD100	gene	ADT	mAOC-CD100	0.941911902078262	0.941911902078262	NA	ok	
Adult_cHSPCs_Ultima_majority_voting	Monocyte	195	mAOC0297	mAOC-CD100	gene	ADT	mAOC-CD100	0.0339789540694419	0.0339789540694419	NA	ok	
Adult_cHSPCs_Ultima_majority_voting	NK/T	116	mAOC0297	mAOC-CD100	gene	ADT	mAOC-CD100	0.238549714110891	0.238549714110891	NA	ok	
Adult_cHSPCs_Ultima_majority_voting	B	652	mAOC0301	mAOC-CD16	gene	ADT	mAOC-CD16	0.00710538138293779	0.00710538138293779	NA	ok	
Adult_cHSPCs_Ultima_majority_voting	CLP	506	mAOC0301	mAOC-CD16	gene	ADT	mAOC-CD16	0.00139788158991948	0.00139788158991948	NA	ok	
Adult_cHSPCs_Ultima_majority_voting	ERYP	440	mAOC0301	mAOC-CD16	gene	ADT	mAOC-CD16	0.00254547921013304	0.00254547921013304	NA	ok	
Adult_cHSPCs_Ultima_majority_voting	GMP-L	663	mAOC0301	mAOC-CD16	gene	ADT	mAOC-CD16	0.00263219160800674	0.00263219160800674	NA	ok	
Adult_cHSPCs_Ultima_majority_voting	HSC_MPP	8254	mAOC0301	mAOC-CD16	gene	ADT	mAOC-CD16	0.00121591744720333	0.00121591744720333	NA	ok	
Adult_cHSPCs_Ultima_majority_voting	MEBEMP-L	1898	mAOC0301	mAOC-CD16	gene	ADT	mAOC-CD16	0.00193430536482546	0.00193430536482546	NA	ok	
Adult_cHSPCs_Ultima_majority_voting	MKP	565	mAOC0301	mAOC-CD16	gene	ADT	mAOC-CD16	0.00825633958335721	0.00825633958335721	NA	ok	
Adult_cHSPCs_Ultima_majority_voting	Monocyte	195	mAOC0301	mAOC-CD16	gene	ADT	mAOC-CD16	0.0147275877539539	0.0147275877539539	NA	ok	
Adult_cHSPCs_Ultima_majority_voting	NK/T	116	mAOC0301	mAOC-CD16	gene	ADT	mAOC-CD16	0.143989490517096	0.143989490517096	NA	ok	
Adult_cHSPCs_Ultima_majority_voting	B	652	mAOC0303	mAOC-CD56	gene	ADT	mAOC-CD56	0.0051967517675551	0.0051967517675551	NA	ok	
Adult_cHSPCs_Ultima_majority_voting	CLP	506	mAOC0303	mAOC-CD56	gene	ADT	mAOC-CD56	0.0026130165150544	0.0026130165150544	NA	ok	
Adult_cHSPCs_Ultima_majority_voting	ERYP	440	mAOC0303	mAOC-CD56	gene	ADT	mAOC-CD56	0.000445220351731573	0.000445220351731573	NA	ok	
Adult_cHSPCs_Ultima_majority_voting	GMP-L	663	mAOC0303	mAOC-CD56	gene	ADT	mAOC-CD56	0.00347857061151602	0.00347857061151602	NA	ok	
Adult_cHSPCs_Ultima_majority_voting	HSC_MPP	8254	mAOC0303	mAOC-CD56	gene	ADT	mAOC-CD56	0.00229787475057115	0.00229787475057115	NA	ok	
Adult_cHSPCs_Ultima_majority_voting	MEBEMP-L	1898	mAOC0303	mAOC-CD56	gene	ADT	mAOC-CD56	0.00386326077930304	0.00386326077930304	NA	ok	
Adult_cHSPCs_Ultima_majority_voting	MKP	565	mAOC0303	mAOC-CD56	gene	ADT	mAOC-CD56	0.0135752665050355	0.0135752665050355	NA	ok	
Adult_cHSPCs_Ultima_majority_voting	Monocyte	195	mAOC0303	mAOC-CD56	gene	ADT	mAOC-CD56	0.00861925874463794	0.00861925874463794	NA	ok	
Adult_cHSPCs_Ultima_majority_voting	NK/T	116	mAOC0303	mAOC-CD56	gene	ADT	mAOC-CD56	0.0355977689465348	0.0355977689465348	NA	ok	
Adult_cHSPCs_Ultima_majority_voting	B	652	mAOC0305	mAOC-CD8a	gene	ADT	mAOC-CD8a	0.0562466758197277	0.0562466758197277	NA	ok	
Adult_cHSPCs_Ultima_majority_voting	CLP	506	mAOC0305	mAOC-CD8a	gene	ADT	mAOC-CD8a	0.0223344840815607	0.0223344840815607	NA	ok	
Adult_cHSPCs_Ultima_majority_voting	ERYP	440	mAOC0305	mAOC-CD8a	gene	ADT	mAOC-CD8a	0.00610649498621437	0.00610649498621437	NA	ok	
Adult_cHSPCs_Ultima_majority_voting	GMP-L	663	mAOC0305	mAOC-CD8a	gene	ADT	mAOC-CD8a	0.031218026227536	0.031218026227536	NA	ok	
Adult_cHSPCs_Ultima_majority_voting	HSC_MPP	8254	mAOC0305	mAOC-CD8a	gene	ADT	mAOC-CD8a	0.0159611491625528	0.0159611491625528	NA	ok	
Adult_cHSPCs_Ultima_majority_voting	MEBEMP-L	1898	mAOC0305	mAOC-CD8a	gene	ADT	mAOC-CD8a	0.00556667772121041	0.00556667772121041	NA	ok	
Adult_cHSPCs_Ultima_majority_voting	MKP	565	mAOC0305	mAOC-CD8a	gene	ADT	mAOC-CD8a	0.0190929008544432	0.0190929008544432	NA	ok	
Adult_cHSPCs_Ultima_majority_voting	Monocyte	195	mAOC0305	mAOC-CD8a	gene	ADT	mAOC-CD8a	0.0233783088423467	0.0233783088423467	NA	ok	
Adult_cHSPCs_Ultima_majority_voting	NK/T	116	mAOC0305	mAOC-CD8a	gene	ADT	mAOC-CD8a	0.826864092450635	0.826864092450635	NA	ok	
Adult_cHSPCs_Ultima_majority_voting	B	652	mAOC0315	mAOC-CD3	gene	ADT	mAOC-CD3	0.200354265085517	0.200354265085517	NA	ok	
Adult_cHSPCs_Ultima_majority_voting	CLP	506	mAOC0315	mAOC-CD3	gene	ADT	mAOC-CD3	0.02850471884601	0.02850471884601	NA	ok	
Adult_cHSPCs_Ultima_majority_voting	ERYP	440	mAOC0315	mAOC-CD3	gene	ADT	mAOC-CD3	0.0379219110817812	0.0379219110817812	NA	ok	
Adult_cHSPCs_Ultima_majority_voting	GMP-L	663	mAOC0315	mAOC-CD3	gene	ADT	mAOC-CD3	0.057557130506192	0.057557130506192	NA	ok	
Adult_cHSPCs_Ultima_majority_voting	HSC_MPP	8254	mAOC0315	mAOC-CD3	gene	ADT	mAOC-CD3	0.0560666130664088	0.0560666130664088	NA	ok	
Adult_cHSPCs_Ultima_majority_voting	MEBEMP-L	1898	mAOC0315	mAOC-CD3	gene	ADT	mAOC-CD3	0.0310412601557281	0.0310412601557281	NA	ok	
Adult_cHSPCs_Ultima_majority_voting	MKP	565	mAOC0315	mAOC-CD3	gene	ADT	mAOC-CD3	0.0717598709525484	0.0717598709525484	NA	ok	
Adult_cHSPCs_Ultima_majority_voting	Monocyte	195	mAOC0315	mAOC-CD3	gene	ADT	mAOC-CD3	0.0598056510159697	0.0598056510159697	NA	ok	
Adult_cHSPCs_Ultima_majority_voting	NK/T	116	mAOC0315	mAOC-CD3	gene	ADT	mAOC-CD3	1.15085208855427	1.15085208855427	NA	ok	
Adult_cHSPCs_Ultima_majority_voting	B	652	mAOC0319	mAOC-CD79b	gene	ADT	mAOC-CD79b	0.153962196716304	0.153962196716304	NA	ok	
Adult_cHSPCs_Ultima_majority_voting	CLP	506	mAOC0319	mAOC-CD79b	gene	ADT	mAOC-CD79b	0.00613603003829838	0.00613603003829838	NA	ok	
Adult_cHSPCs_Ultima_majority_voting	ERYP	440	mAOC0319	mAOC-CD79b	gene	ADT	mAOC-CD79b	0.00370872059088701	0.00370872059088701	NA	ok	
Adult_cHSPCs_Ultima_majority_voting	GMP-L	663	mAOC0319	mAOC-CD79b	gene	ADT	mAOC-CD79b	0.00910574350517136	0.00910574350517136	NA	ok	
Adult_cHSPCs_Ultima_majority_voting	HSC_MPP	8254	mAOC0319	mAOC-CD79b	gene	ADT	mAOC-CD79b	0.00538281431323727	0.00538281431323727	NA	ok	
Adult_cHSPCs_Ultima_majority_voting	MEBEMP-L	1898	mAOC0319	mAOC-CD79b	gene	ADT	mAOC-CD79b	0.00586028076038351	0.00586028076038351	NA	ok	
Adult_cHSPCs_Ultima_majority_voting	MKP	565	mAOC0319	mAOC-CD79b	gene	ADT	mAOC-CD79b	0.0167882795565133	0.0167882795565133	NA	ok	
Adult_cHSPCs_Ultima_majority_voting	Monocyte	195	mAOC0319	mAOC-CD79b	gene	ADT	mAOC-CD79b	0.0305385916193588	0.0305385916193588	NA	ok	
Adult_cHSPCs_Ultima_majority_voting	NK/T	116	mAOC0319	mAOC-CD79b	gene	ADT	mAOC-CD79b	0.0772287664967989	0.0772287664967989	NA	ok	
Adult_cHSPCs_Ultima_majority_voting	B	652	mAOC0321	mAOC-CD57	gene	ADT	mAOC-CD57	0.00355354732331572	0.00355354732331572	NA	ok	
Adult_cHSPCs_Ultima_majority_voting	CLP	506	mAOC0321	mAOC-CD57	gene	ADT	mAOC-CD57	0	0	NA	ok	
Adult_cHSPCs_Ultima_majority_voting	ERYP	440	mAOC0321	mAOC-CD57	gene	ADT	mAOC-CD57	0.00127962291144179	0.00127962291144179	NA	ok	
Adult_cHSPCs_Ultima_majority_voting	GMP-L	663	mAOC0321	mAOC-CD57	gene	ADT	mAOC-CD57	0.00475927140962783	0.00475927140962783	NA	ok	
Adult_cHSPCs_Ultima_majority_voting	HSC_MPP	8254	mAOC0321	mAOC-CD57	gene	ADT	mAOC-CD57	0.00301000283949298	0.00301000283949298	NA	ok	
Adult_cHSPCs_Ultima_majority_voting	MEBEMP-L	1898	mAOC0321	mAOC-CD57	gene	ADT	mAOC-CD57	5.69655885027469e-05	5.69655885027469e-05	NA	ok	
Adult_cHSPCs_Ultima_majority_voting	MKP	565	mAOC0321	mAOC-CD57	gene	ADT	mAOC-CD57	0.00472344548249885	0.00472344548249885	NA	ok	
Adult_cHSPCs_Ultima_majority_voting	Monocyte	195	mAOC0321	mAOC-CD57	gene	ADT	mAOC-CD57	0.00681121288515419	0.00681121288515419	NA	ok	
Adult_cHSPCs_Ultima_majority_voting	NK/T	116	mAOC0321	mAOC-CD57	gene	ADT	mAOC-CD57	0	0	NA	ok	
Adult_cHSPCs_Ultima_majority_voting	B	652	mAOC0324	mAOC-CD49d	gene	ADT	mAOC-CD49d	0.0123476772007166	0.0123476772007166	NA	ok	
Adult_cHSPCs_Ultima_majority_voting	CLP	506	mAOC0324	mAOC-CD49d	gene	ADT	mAOC-CD49d	0.00513125014291592	0.00513125014291592	NA	ok	
Adult_cHSPCs_Ultima_majority_voting	ERYP	440	mAOC0324	mAOC-CD49d	gene	ADT	mAOC-CD49d	0.00670307483627266	0.00670307483627266	NA	ok	
Adult_cHSPCs_Ultima_majority_voting	GMP-L	663	mAOC0324	mAOC-CD49d	gene	ADT	mAOC-CD49d	0.00950138004346555	0.00950138004346555	NA	ok	
Adult_cHSPCs_Ultima_majority_voting	HSC_MPP	8254	mAOC0324	mAOC-CD49d	gene	ADT	mAOC-CD49d	0.00469027638159983	0.00469027638159983	NA	ok	
Adult_cHSPCs_Ultima_majority_voting	MEBEMP-L	1898	mAOC0324	mAOC-CD49d	gene	ADT	mAOC-CD49d	0.00709788023133596	0.00709788023133596	NA	ok	
Adult_cHSPCs_Ultima_majority_voting	MKP	565	mAOC0324	mAOC-CD49d	gene	ADT	mAOC-CD49d	0.0166166311555443	0.0166166311555443	NA	ok	
Adult_cHSPCs_Ultima_majority_voting	Monocyte	195	mAOC0324	mAOC-CD49d	gene	ADT	mAOC-CD49d	0.0189994115754559	0.0189994115754559	NA	ok	
Adult_cHSPCs_Ultima_majority_voting	NK/T	116	mAOC0324	mAOC-CD49d	gene	ADT	mAOC-CD49d	0.0571854443712492	0.0571854443712492	NA	ok	
Adult_cHSPCs_Ultima_majority_voting	B	652	mAOC0326	mAOC-CD5	gene	ADT	mAOC-CD5	2.02863652333099	2.02863652333099	NA	ok	
Adult_cHSPCs_Ultima_majority_voting	CLP	506	mAOC0326	mAOC-CD5	gene	ADT	mAOC-CD5	0.223270573557714	0.223270573557714	NA	ok	
Adult_cHSPCs_Ultima_majority_voting	ERYP	440	mAOC0326	mAOC-CD5	gene	ADT	mAOC-CD5	0.0296923461379368	0.0296923461379368	NA	ok	
Adult_cHSPCs_Ultima_majority_voting	GMP-L	663	mAOC0326	mAOC-CD5	gene	ADT	mAOC-CD5	0.0797312840056885	0.0797312840056885	NA	ok	
Adult_cHSPCs_Ultima_majority_voting	HSC_MPP	8254	mAOC0326	mAOC-CD5	gene	ADT	mAOC-CD5	0.047877761838941	0.047877761838941	NA	ok	
Adult_cHSPCs_Ultima_majority_voting	MEBEMP-L	1898	mAOC0326	mAOC-CD5	gene	ADT	mAOC-CD5	0.0117631704596615	0.0117631704596615	NA	ok	
Adult_cHSPCs_Ultima_majority_voting	MKP	565	mAOC0326	mAOC-CD5	gene	ADT	mAOC-CD5	0.0393340472387344	0.0393340472387344	NA	ok	
Adult_cHSPCs_Ultima_majority_voting	Monocyte	195	mAOC0326	mAOC-CD5	gene	ADT	mAOC-CD5	0.126415058119903	0.126415058119903	NA	ok	
Adult_cHSPCs_Ultima_majority_voting	NK/T	116	mAOC0326	mAOC-CD5	gene	ADT	mAOC-CD5	1.69391591780313	1.69391591780313	NA	ok	
Adult_cHSPCs_Ultima_majority_voting	B	652	mAOC0330	mAOC-CD49b	gene	ADT	mAOC-CD49b	0.00432823941989051	0.00432823941989051	NA	ok	
Adult_cHSPCs_Ultima_majority_voting	CLP	506	mAOC0330	mAOC-CD49b	gene	ADT	mAOC-CD49b	0.000944105209866658	0.000944105209866658	NA	ok	
Adult_cHSPCs_Ultima_majority_voting	ERYP	440	mAOC0330	mAOC-CD49b	gene	ADT	mAOC-CD49b	0.00131045022991917	0.00131045022991917	NA	ok	
Adult_cHSPCs_Ultima_majority_voting	GMP-L	663	mAOC0330	mAOC-CD49b	gene	ADT	mAOC-CD49b	0.00274042430614636	0.00274042430614636	NA	ok	
Adult_cHSPCs_Ultima_majority_voting	HSC_MPP	8254	mAOC0330	mAOC-CD49b	gene	ADT	mAOC-CD49b	0.00167980040387841	0.00167980040387841	NA	ok	
Adult_cHSPCs_Ultima_majority_voting	MEBEMP-L	1898	mAOC0330	mAOC-CD49b	gene	ADT	mAOC-CD49b	0.000716256679931399	0.000716256679931399	NA	ok	
Adult_cHSPCs_Ultima_majority_voting	MKP	565	mAOC0330	mAOC-CD49b	gene	ADT	mAOC-CD49b	0.00726780475657463	0.00726780475657463	NA	ok	
Adult_cHSPCs_Ultima_majority_voting	Monocyte	195	mAOC0330	mAOC-CD49b	gene	ADT	mAOC-CD49b	0.00297236381107572	0.00297236381107572	NA	ok	
Adult_cHSPCs_Ultima_majority_voting	NK/T	116	mAOC0330	mAOC-CD49b	gene	ADT	mAOC-CD49b	0.00756893577189409	0.00756893577189409	NA	ok	
Adult_cHSPCs_Ultima_majority_voting	B	652	mAOC0331	mAOC-CD226	gene	ADT	mAOC-CD226	0.0451541307151122	0.0451541307151122	NA	ok	
Adult_cHSPCs_Ultima_majority_voting	CLP	506	mAOC0331	mAOC-CD226	gene	ADT	mAOC-CD226	0.0254649651945018	0.0254649651945018	NA	ok	
Adult_cHSPCs_Ultima_majority_voting	ERYP	440	mAOC0331	mAOC-CD226	gene	ADT	mAOC-CD226	0.0102548671667763	0.0102548671667763	NA	ok	
Adult_cHSPCs_Ultima_majority_voting	GMP-L	663	mAOC0331	mAOC-CD226	gene	ADT	mAOC-CD226	0.0316896666073881	0.0316896666073881	NA	ok	
Adult_cHSPCs_Ultima_majority_voting	HSC_MPP	8254	mAOC0331	mAOC-CD226	gene	ADT	mAOC-CD226	0.024008073624294	0.024008073624294	NA	ok	
Adult_cHSPCs_Ultima_majority_voting	MEBEMP-L	1898	mAOC0331	mAOC-CD226	gene	ADT	mAOC-CD226	0.0275244578551081	0.0275244578551081	NA	ok	
Adult_cHSPCs_Ultima_majority_voting	MKP	565	mAOC0331	mAOC-CD226	gene	ADT	mAOC-CD226	0.272223858828426	0.272223858828426	NA	ok	
Adult_cHSPCs_Ultima_majority_voting	Monocyte	195	mAOC0331	mAOC-CD226	gene	ADT	mAOC-CD226	0.824611992191456	0.824611992191456	NA	ok	
Adult_cHSPCs_Ultima_majority_voting	NK/T	116	mAOC0331	mAOC-CD226	gene	ADT	mAOC-CD226	0.187735219901635	0.187735219901635	NA	ok	
Adult_cHSPCs_Ultima_majority_voting	B	652	mAOC0334	mAOC-CD96	gene	ADT	mAOC-CD96	0.0123634172878167	0.0123634172878167	NA	ok	
Adult_cHSPCs_Ultima_majority_voting	CLP	506	mAOC0334	mAOC-CD96	gene	ADT	mAOC-CD96	0.004126778474374	0.004126778474374	NA	ok	
Adult_cHSPCs_Ultima_majority_voting	ERYP	440	mAOC0334	mAOC-CD96	gene	ADT	mAOC-CD96	0.00750181878050657	0.00750181878050657	NA	ok	
Adult_cHSPCs_Ultima_majority_voting	GMP-L	663	mAOC0334	mAOC-CD96	gene	ADT	mAOC-CD96	0.00441099983162411	0.00441099983162411	NA	ok	
Adult_cHSPCs_Ultima_majority_voting	HSC_MPP	8254	mAOC0334	mAOC-CD96	gene	ADT	mAOC-CD96	0.00638102972822953	0.00638102972822953	NA	ok	
Adult_cHSPCs_Ultima_majority_voting	MEBEMP-L	1898	mAOC0334	mAOC-CD96	gene	ADT	mAOC-CD96	0.00681365905462285	0.00681365905462285	NA	ok	
Adult_cHSPCs_Ultima_majority_voting	MKP	565	mAOC0334	mAOC-CD96	gene	ADT	mAOC-CD96	0.00435444953438328	0.00435444953438328	NA	ok	
Adult_cHSPCs_Ultima_majority_voting	Monocyte	195	mAOC0334	mAOC-CD96	gene	ADT	mAOC-CD96	0.00506976019359963	0.00506976019359963	NA	ok	
Adult_cHSPCs_Ultima_majority_voting	NK/T	116	mAOC0334	mAOC-CD96	gene	ADT	mAOC-CD96	0.00334778725013812	0.00334778725013812	NA	ok	
Adult_cHSPCs_Ultima_majority_voting	B	652	mAOC0336	mAOC-CD34	gene	ADT	mAOC-CD34	0.0240277033592879	0.0240277033592879	NA	ok	
Adult_cHSPCs_Ultima_majority_voting	CLP	506	mAOC0336	mAOC-CD34	gene	ADT	mAOC-CD34	1.00295914691958	1.00295914691958	NA	ok	
Adult_cHSPCs_Ultima_majority_voting	ERYP	440	mAOC0336	mAOC-CD34	gene	ADT	mAOC-CD34	0.648975136080405	0.648975136080405	NA	ok	
Adult_cHSPCs_Ultima_majority_voting	GMP-L	663	mAOC0336	mAOC-CD34	gene	ADT	mAOC-CD34	0.699966642937723	0.699966642937723	NA	ok	
Adult_cHSPCs_Ultima_majority_voting	HSC_MPP	8254	mAOC0336	mAOC-CD34	gene	ADT	mAOC-CD34	1.12511898593797	1.12511898593797	NA	ok	
Adult_cHSPCs_Ultima_majority_voting	MEBEMP-L	1898	mAOC0336	mAOC-CD34	gene	ADT	mAOC-CD34	0.613629220796424	0.613629220796424	NA	ok	
Adult_cHSPCs_Ultima_majority_voting	MKP	565	mAOC0336	mAOC-CD34	gene	ADT	mAOC-CD34	0.808455105707639	0.808455105707639	NA	ok	
Adult_cHSPCs_Ultima_majority_voting	Monocyte	195	mAOC0336	mAOC-CD34	gene	ADT	mAOC-CD34	0.191952995344959	0.191952995344959	NA	ok	
Adult_cHSPCs_Ultima_majority_voting	NK/T	116	mAOC0336	mAOC-CD34	gene	ADT	mAOC-CD34	0.274633312184628	0.274633312184628	NA	ok	
Adult_cHSPCs_Ultima_majority_voting	B	652	mAOC0339	mAOC-CD133	gene	ADT	mAOC-CD133	0.00168522814675623	0.00168522814675623	NA	ok	
Adult_cHSPCs_Ultima_majority_voting	CLP	506	mAOC0339	mAOC-CD133	gene	ADT	mAOC-CD133	0	0	NA	ok	
Adult_cHSPCs_Ultima_majority_voting	ERYP	440	mAOC0339	mAOC-CD133	gene	ADT	mAOC-CD133	0.00112606136213886	0.00112606136213886	NA	ok	
Adult_cHSPCs_Ultima_majority_voting	GMP-L	663	mAOC0339	mAOC-CD133	gene	ADT	mAOC-CD133	0.00175696882185337	0.00175696882185337	NA	ok	
Adult_cHSPCs_Ultima_majority_voting	HSC_MPP	8254	mAOC0339	mAOC-CD133	gene	ADT	mAOC-CD133	0.00023979020566186	0.00023979020566186	NA	ok	
Adult_cHSPCs_Ultima_majority_voting	MEBEMP-L	1898	mAOC0339	mAOC-CD133	gene	ADT	mAOC-CD133	0	0	NA	ok	
Adult_cHSPCs_Ultima_majority_voting	MKP	565	mAOC0339	mAOC-CD133	gene	ADT	mAOC-CD133	0.00105282710587031	0.00105282710587031	NA	ok	
Adult_cHSPCs_Ultima_majority_voting	Monocyte	195	mAOC0339	mAOC-CD133	gene	ADT	mAOC-CD133	0	0	NA	ok	
Adult_cHSPCs_Ultima_majority_voting	NK/T	116	mAOC0339	mAOC-CD133	gene	ADT	mAOC-CD133	0	0	NA	ok	
Adult_cHSPCs_Ultima_majority_voting	B	652	mAOC0341	mAOC-HLA-DRA	gene	ADT	mAOC-HLA-DRA	0.00437942301504277	0.00437942301504277	NA	ok	
Adult_cHSPCs_Ultima_majority_voting	CLP	506	mAOC0341	mAOC-HLA-DRA	gene	ADT	mAOC-HLA-DRA	0	0	NA	ok	
Adult_cHSPCs_Ultima_majority_voting	ERYP	440	mAOC0341	mAOC-HLA-DRA	gene	ADT	mAOC-HLA-DRA	0	0	NA	ok	
Adult_cHSPCs_Ultima_majority_voting	GMP-L	663	mAOC0341	mAOC-HLA-DRA	gene	ADT	mAOC-HLA-DRA	0.000670984529210929	0.000670984529210929	NA	ok	
Adult_cHSPCs_Ultima_majority_voting	HSC_MPP	8254	mAOC0341	mAOC-HLA-DRA	gene	ADT	mAOC-HLA-DRA	0	0	NA	ok	
Adult_cHSPCs_Ultima_majority_voting	MEBEMP-L	1898	mAOC0341	mAOC-HLA-DRA	gene	ADT	mAOC-HLA-DRA	0	0	NA	ok	
Adult_cHSPCs_Ultima_majority_voting	MKP	565	mAOC0341	mAOC-HLA-DRA	gene	ADT	mAOC-HLA-DRA	0	0	NA	ok	
Adult_cHSPCs_Ultima_majority_voting	Monocyte	195	mAOC0341	mAOC-HLA-DRA	gene	ADT	mAOC-HLA-DRA	0	0	NA	ok	
Adult_cHSPCs_Ultima_majority_voting	NK/T	116	mAOC0341	mAOC-HLA-DRA	gene	ADT	mAOC-HLA-DRA	0	0	NA	ok	
Adult_cHSPCs_Ultima_majority_voting	B	652	mAOC0440	mAOC-CD70	gene	ADT	mAOC-CD70	0.179753961039681	0.179753961039681	NA	ok	
Adult_cHSPCs_Ultima_majority_voting	CLP	506	mAOC0440	mAOC-CD70	gene	ADT	mAOC-CD70	0.100204870280697	0.100204870280697	NA	ok	
Adult_cHSPCs_Ultima_majority_voting	ERYP	440	mAOC0440	mAOC-CD70	gene	ADT	mAOC-CD70	1.39261401334177	1.39261401334177	NA	ok	
Adult_cHSPCs_Ultima_majority_voting	GMP-L	663	mAOC0440	mAOC-CD70	gene	ADT	mAOC-CD70	0.210616239675184	0.210616239675184	NA	ok	
Adult_cHSPCs_Ultima_majority_voting	HSC_MPP	8254	mAOC0440	mAOC-CD70	gene	ADT	mAOC-CD70	0.1943170689106	0.1943170689106	NA	ok	
Adult_cHSPCs_Ultima_majority_voting	MEBEMP-L	1898	mAOC0440	mAOC-CD70	gene	ADT	mAOC-CD70	0.913600513783812	0.913600513783812	NA	ok	
Adult_cHSPCs_Ultima_majority_voting	MKP	565	mAOC0440	mAOC-CD70	gene	ADT	mAOC-CD70	0.926035031958529	0.926035031958529	NA	ok	
Adult_cHSPCs_Ultima_majority_voting	Monocyte	195	mAOC0440	mAOC-CD70	gene	ADT	mAOC-CD70	0.220289235439805	0.220289235439805	NA	ok	
Adult_cHSPCs_Ultima_majority_voting	NK/T	116	mAOC0440	mAOC-CD70	gene	ADT	mAOC-CD70	0.387417156005868	0.387417156005868	NA	ok	
Adult_cHSPCs_Ultima_majority_voting	B	652	mAOC0442	mAOC-CD105	gene	ADT	mAOC-CD105	0.0232315465829115	0.0232315465829115	NA	ok	
Adult_cHSPCs_Ultima_majority_voting	CLP	506	mAOC0442	mAOC-CD105	gene	ADT	mAOC-CD105	0.00774360493674329	0.00774360493674329	NA	ok	
Adult_cHSPCs_Ultima_majority_voting	ERYP	440	mAOC0442	mAOC-CD105	gene	ADT	mAOC-CD105	0.00884223891673154	0.00884223891673154	NA	ok	
Adult_cHSPCs_Ultima_majority_voting	GMP-L	663	mAOC0442	mAOC-CD105	gene	ADT	mAOC-CD105	0.0163373052514971	0.0163373052514971	NA	ok	
Adult_cHSPCs_Ultima_majority_voting	HSC_MPP	8254	mAOC0442	mAOC-CD105	gene	ADT	mAOC-CD105	0.0137889640013162	0.0137889640013162	NA	ok	
Adult_cHSPCs_Ultima_majority_voting	MEBEMP-L	1898	mAOC0442	mAOC-CD105	gene	ADT	mAOC-CD105	0.0134112373850111	0.0134112373850111	NA	ok	
Adult_cHSPCs_Ultima_majority_voting	MKP	565	mAOC0442	mAOC-CD105	gene	ADT	mAOC-CD105	0.0408325186658547	0.0408325186658547	NA	ok	
Adult_cHSPCs_Ultima_majority_voting	Monocyte	195	mAOC0442	mAOC-CD105	gene	ADT	mAOC-CD105	0.0472205329965684	0.0472205329965684	NA	ok	
Adult_cHSPCs_Ultima_majority_voting	NK/T	116	mAOC0442	mAOC-CD105	gene	ADT	mAOC-CD105	0.0965807422677088	0.0965807422677088	NA	ok	
Adult_cHSPCs_Ultima_majority_voting	B	652	mAOC0444	mAOC-CD124	gene	ADT	mAOC-CD124	0.533261817280095	0.533261817280095	NA	ok	
Adult_cHSPCs_Ultima_majority_voting	CLP	506	mAOC0444	mAOC-CD124	gene	ADT	mAOC-CD124	0.129134759492593	0.129134759492593	NA	ok	
Adult_cHSPCs_Ultima_majority_voting	ERYP	440	mAOC0444	mAOC-CD124	gene	ADT	mAOC-CD124	0.0200773907785536	0.0200773907785536	NA	ok	
Adult_cHSPCs_Ultima_majority_voting	GMP-L	663	mAOC0444	mAOC-CD124	gene	ADT	mAOC-CD124	0.0805993210375124	0.0805993210375124	NA	ok	
Adult_cHSPCs_Ultima_majority_voting	HSC_MPP	8254	mAOC0444	mAOC-CD124	gene	ADT	mAOC-CD124	0.0582604111299418	0.0582604111299418	NA	ok	
Adult_cHSPCs_Ultima_majority_voting	MEBEMP-L	1898	mAOC0444	mAOC-CD124	gene	ADT	mAOC-CD124	0.0343636430787748	0.0343636430787748	NA	ok	
Adult_cHSPCs_Ultima_majority_voting	MKP	565	mAOC0444	mAOC-CD124	gene	ADT	mAOC-CD124	0.0599983394361762	0.0599983394361762	NA	ok	
Adult_cHSPCs_Ultima_majority_voting	Monocyte	195	mAOC0444	mAOC-CD124	gene	ADT	mAOC-CD124	0.80927655468667	0.80927655468667	NA	ok	
Adult_cHSPCs_Ultima_majority_voting	NK/T	116	mAOC0444	mAOC-CD124	gene	ADT	mAOC-CD124	0.393119410735916	0.393119410735916	NA	ok	
Adult_cHSPCs_Ultima_majority_voting	B	652	mAOC0448	mAOC-CD155	gene	ADT	mAOC-CD155	0.0233471049590159	0.0233471049590159	NA	ok	
Adult_cHSPCs_Ultima_majority_voting	CLP	506	mAOC0448	mAOC-CD155	gene	ADT	mAOC-CD155	0.011370033766545	0.011370033766545	NA	ok	
Adult_cHSPCs_Ultima_majority_voting	ERYP	440	mAOC0448	mAOC-CD155	gene	ADT	mAOC-CD155	0.00635761359623989	0.00635761359623989	NA	ok	
Adult_cHSPCs_Ultima_majority_voting	GMP-L	663	mAOC0448	mAOC-CD155	gene	ADT	mAOC-CD155	0.0163894758090749	0.0163894758090749	NA	ok	
Adult_cHSPCs_Ultima_majority_voting	HSC_MPP	8254	mAOC0448	mAOC-CD155	gene	ADT	mAOC-CD155	0.0166946696773538	0.0166946696773538	NA	ok	
Adult_cHSPCs_Ultima_majority_voting	MEBEMP-L	1898	mAOC0448	mAOC-CD155	gene	ADT	mAOC-CD155	0.0132563826117055	0.0132563826117055	NA	ok	
Adult_cHSPCs_Ultima_majority_voting	MKP	565	mAOC0448	mAOC-CD155	gene	ADT	mAOC-CD155	0.0454461895470758	0.0454461895470758	NA	ok	
Adult_cHSPCs_Ultima_majority_voting	Monocyte	195	mAOC0448	mAOC-CD155	gene	ADT	mAOC-CD155	0.069098007937258	0.069098007937258	NA	ok	
Adult_cHSPCs_Ultima_majority_voting	NK/T	116	mAOC0448	mAOC-CD155	gene	ADT	mAOC-CD155	0.108242019755518	0.108242019755518	NA	ok	
Adult_cHSPCs_Ultima_majority_voting	B	652	mAOC0450	mAOC-CD40	gene	ADT	mAOC-CD40	2.17064231726569	2.17064231726569	NA	ok	
Adult_cHSPCs_Ultima_majority_voting	CLP	506	mAOC0450	mAOC-CD40	gene	ADT	mAOC-CD40	0.154870632518443	0.154870632518443	NA	ok	
Adult_cHSPCs_Ultima_majority_voting	ERYP	440	mAOC0450	mAOC-CD40	gene	ADT	mAOC-CD40	0.196911097590301	0.196911097590301	NA	ok	
Adult_cHSPCs_Ultima_majority_voting	GMP-L	663	mAOC0450	mAOC-CD40	gene	ADT	mAOC-CD40	0.0728173353743825	0.0728173353743825	NA	ok	
Adult_cHSPCs_Ultima_majority_voting	HSC_MPP	8254	mAOC0450	mAOC-CD40	gene	ADT	mAOC-CD40	0.0357118685826951	0.0357118685826951	NA	ok	
Adult_cHSPCs_Ultima_majority_voting	MEBEMP-L	1898	mAOC0450	mAOC-CD40	gene	ADT	mAOC-CD40	0.268581452101156	0.268581452101156	NA	ok	
Adult_cHSPCs_Ultima_majority_voting	MKP	565	mAOC0450	mAOC-CD40	gene	ADT	mAOC-CD40	0.57299356874008	0.57299356874008	NA	ok	
Adult_cHSPCs_Ultima_majority_voting	Monocyte	195	mAOC0450	mAOC-CD40	gene	ADT	mAOC-CD40	0.992330247668418	0.992330247668418	NA	ok	
Adult_cHSPCs_Ultima_majority_voting	NK/T	116	mAOC0450	mAOC-CD40	gene	ADT	mAOC-CD40	0.401791110161264	0.401791110161264	NA	ok	
Adult_cHSPCs_Ultima_majority_voting	B	652	mAOC0451	mAOC-CD40	gene	ADT	mAOC-CD40	2.17064231726569	2.17064231726569	NA	ok	
Adult_cHSPCs_Ultima_majority_voting	CLP	506	mAOC0451	mAOC-CD40	gene	ADT	mAOC-CD40	0.154870632518443	0.154870632518443	NA	ok	
Adult_cHSPCs_Ultima_majority_voting	ERYP	440	mAOC0451	mAOC-CD40	gene	ADT	mAOC-CD40	0.196911097590301	0.196911097590301	NA	ok	
Adult_cHSPCs_Ultima_majority_voting	GMP-L	663	mAOC0451	mAOC-CD40	gene	ADT	mAOC-CD40	0.0728173353743825	0.0728173353743825	NA	ok	
Adult_cHSPCs_Ultima_majority_voting	HSC_MPP	8254	mAOC0451	mAOC-CD40	gene	ADT	mAOC-CD40	0.0357118685826951	0.0357118685826951	NA	ok	
Adult_cHSPCs_Ultima_majority_voting	MEBEMP-L	1898	mAOC0451	mAOC-CD40	gene	ADT	mAOC-CD40	0.268581452101156	0.268581452101156	NA	ok	
Adult_cHSPCs_Ultima_majority_voting	MKP	565	mAOC0451	mAOC-CD40	gene	ADT	mAOC-CD40	0.57299356874008	0.57299356874008	NA	ok	
Adult_cHSPCs_Ultima_majority_voting	Monocyte	195	mAOC0451	mAOC-CD40	gene	ADT	mAOC-CD40	0.992330247668418	0.992330247668418	NA	ok	
Adult_cHSPCs_Ultima_majority_voting	NK/T	116	mAOC0451	mAOC-CD40	gene	ADT	mAOC-CD40	0.401791110161264	0.401791110161264	NA	ok	
Adult_cHSPCs_Ultima_majority_voting	B	652	mAOC0452	mAOC-CD154	gene	ADT	mAOC-CD154	0.0291821739179724	0.0291821739179724	NA	ok	
Adult_cHSPCs_Ultima_majority_voting	CLP	506	mAOC0452	mAOC-CD154	gene	ADT	mAOC-CD154	0.0100049615891093	0.0100049615891093	NA	ok	
Adult_cHSPCs_Ultima_majority_voting	ERYP	440	mAOC0452	mAOC-CD154	gene	ADT	mAOC-CD154	0.0165921657926133	0.0165921657926133	NA	ok	
Adult_cHSPCs_Ultima_majority_voting	GMP-L	663	mAOC0452	mAOC-CD154	gene	ADT	mAOC-CD154	0.0244087962103916	0.0244087962103916	NA	ok	
Adult_cHSPCs_Ultima_majority_voting	HSC_MPP	8254	mAOC0452	mAOC-CD154	gene	ADT	mAOC-CD154	0.014319424716247	0.014319424716247	NA	ok	
Adult_cHSPCs_Ultima_majority_voting	MEBEMP-L	1898	mAOC0452	mAOC-CD154	gene	ADT	mAOC-CD154	0.0292291924393377	0.0292291924393377	NA	ok	
Adult_cHSPCs_Ultima_majority_voting	MKP	565	mAOC0452	mAOC-CD154	gene	ADT	mAOC-CD154	0.0431105368797673	0.0431105368797673	NA	ok	
Adult_cHSPCs_Ultima_majority_voting	Monocyte	195	mAOC0452	mAOC-CD154	gene	ADT	mAOC-CD154	0.186329382652094	0.186329382652094	NA	ok	
Adult_cHSPCs_Ultima_majority_voting	NK/T	116	mAOC0452	mAOC-CD154	gene	ADT	mAOC-CD154	0.125099533372082	0.125099533372082	NA	ok	
Adult_cHSPCs_Ultima_majority_voting	B	652	mAOC0453	mAOC-HLA-ABC	gene	ADT	mAOC-HLA-ABC	0.0315504462707779	0.0315504462707779	NA	ok	
Adult_cHSPCs_Ultima_majority_voting	CLP	506	mAOC0453	mAOC-HLA-ABC	gene	ADT	mAOC-HLA-ABC	0.0224250406583921	0.0224250406583921	NA	ok	
Adult_cHSPCs_Ultima_majority_voting	ERYP	440	mAOC0453	mAOC-HLA-ABC	gene	ADT	mAOC-HLA-ABC	0.0206473034091252	0.0206473034091252	NA	ok	
Adult_cHSPCs_Ultima_majority_voting	GMP-L	663	mAOC0453	mAOC-HLA-ABC	gene	ADT	mAOC-HLA-ABC	0.0247092908409481	0.0247092908409481	NA	ok	
Adult_cHSPCs_Ultima_majority_voting	HSC_MPP	8254	mAOC0453	mAOC-HLA-ABC	gene	ADT	mAOC-HLA-ABC	0.0220808726548789	0.0220808726548789	NA	ok	
Adult_cHSPCs_Ultima_majority_voting	MEBEMP-L	1898	mAOC0453	mAOC-HLA-ABC	gene	ADT	mAOC-HLA-ABC	0.0194256759438375	0.0194256759438375	NA	ok	
Adult_cHSPCs_Ultima_majority_voting	MKP	565	mAOC0453	mAOC-HLA-ABC	gene	ADT	mAOC-HLA-ABC	0.0717701755957447	0.0717701755957447	NA	ok	
Adult_cHSPCs_Ultima_majority_voting	Monocyte	195	mAOC0453	mAOC-HLA-ABC	gene	ADT	mAOC-HLA-ABC	0.0528696401054821	0.0528696401054821	NA	ok	
Adult_cHSPCs_Ultima_majority_voting	NK/T	116	mAOC0453	mAOC-HLA-ABC	gene	ADT	mAOC-HLA-ABC	0.194845703812076	0.194845703812076	NA	ok	
Adult_cHSPCs_Ultima_majority_voting	B	652	mAOC0454	mAOC-CD123	gene	ADT	mAOC-CD123	0.249611870923075	0.249611870923075	NA	ok	
Adult_cHSPCs_Ultima_majority_voting	CLP	506	mAOC0454	mAOC-CD123	gene	ADT	mAOC-CD123	2.21491993210106	2.21491993210106	NA	ok	
Adult_cHSPCs_Ultima_majority_voting	ERYP	440	mAOC0454	mAOC-CD123	gene	ADT	mAOC-CD123	0.217391968652069	0.217391968652069	NA	ok	
Adult_cHSPCs_Ultima_majority_voting	GMP-L	663	mAOC0454	mAOC-CD123	gene	ADT	mAOC-CD123	1.56383974142326	1.56383974142326	NA	ok	
Adult_cHSPCs_Ultima_majority_voting	HSC_MPP	8254	mAOC0454	mAOC-CD123	gene	ADT	mAOC-CD123	1.26612306927523	1.26612306927523	NA	ok	
Adult_cHSPCs_Ultima_majority_voting	MEBEMP-L	1898	mAOC0454	mAOC-CD123	gene	ADT	mAOC-CD123	0.712315545209411	0.712315545209411	NA	ok	
Adult_cHSPCs_Ultima_majority_voting	MKP	565	mAOC0454	mAOC-CD123	gene	ADT	mAOC-CD123	0.480622074976156	0.480622074976156	NA	ok	
Adult_cHSPCs_Ultima_majority_voting	Monocyte	195	mAOC0454	mAOC-CD123	gene	ADT	mAOC-CD123	0.859794322412267	0.859794322412267	NA	ok	
Adult_cHSPCs_Ultima_majority_voting	NK/T	116	mAOC0454	mAOC-CD123	gene	ADT	mAOC-CD123	0.459713377208016	0.459713377208016	NA	ok	
Adult_cHSPCs_Ultima_majority_voting	B	652	mAOC0455	mAOC-CD49f	gene	ADT	mAOC-CD49f	0.154692304066635	0.154692304066635	NA	ok	
Adult_cHSPCs_Ultima_majority_voting	CLP	506	mAOC0455	mAOC-CD49f	gene	ADT	mAOC-CD49f	0.365115323735291	0.365115323735291	NA	ok	
Adult_cHSPCs_Ultima_majority_voting	ERYP	440	mAOC0455	mAOC-CD49f	gene	ADT	mAOC-CD49f	0.466884181915715	0.466884181915715	NA	ok	
Adult_cHSPCs_Ultima_majority_voting	GMP-L	663	mAOC0455	mAOC-CD49f	gene	ADT	mAOC-CD49f	0.469767594538726	0.469767594538726	NA	ok	
Adult_cHSPCs_Ultima_majority_voting	HSC_MPP	8254	mAOC0455	mAOC-CD49f	gene	ADT	mAOC-CD49f	0.475546059683256	0.475546059683256	NA	ok	
Adult_cHSPCs_Ultima_majority_voting	MEBEMP-L	1898	mAOC0455	mAOC-CD49f	gene	ADT	mAOC-CD49f	0.534996406872213	0.534996406872213	NA	ok	
Adult_cHSPCs_Ultima_majority_voting	MKP	565	mAOC0455	mAOC-CD49f	gene	ADT	mAOC-CD49f	1.19175739409082	1.19175739409082	NA	ok	
Adult_cHSPCs_Ultima_majority_voting	Monocyte	195	mAOC0455	mAOC-CD49f	gene	ADT	mAOC-CD49f	1.71394781935027	1.71394781935027	NA	ok	
Adult_cHSPCs_Ultima_majority_voting	NK/T	116	mAOC0455	mAOC-CD49f	gene	ADT	mAOC-CD49f	0.433514848567914	0.433514848567914	NA	ok	
Adult_cHSPCs_Ultima_majority_voting	B	652	mAOC0459	mAOC-CD183	gene	ADT	mAOC-CD183	0.292297681899062	0.292297681899062	NA	ok	
Adult_cHSPCs_Ultima_majority_voting	CLP	506	mAOC0459	mAOC-CD183	gene	ADT	mAOC-CD183	0.241919893791732	0.241919893791732	NA	ok	
Adult_cHSPCs_Ultima_majority_voting	ERYP	440	mAOC0459	mAOC-CD183	gene	ADT	mAOC-CD183	0.122756411256015	0.122756411256015	NA	ok	
Adult_cHSPCs_Ultima_majority_voting	GMP-L	663	mAOC0459	mAOC-CD183	gene	ADT	mAOC-CD183	0.15772846671242	0.15772846671242	NA	ok	
Adult_cHSPCs_Ultima_majority_voting	HSC_MPP	8254	mAOC0459	mAOC-CD183	gene	ADT	mAOC-CD183	0.137664226792543	0.137664226792543	NA	ok	
Adult_cHSPCs_Ultima_majority_voting	MEBEMP-L	1898	mAOC0459	mAOC-CD183	gene	ADT	mAOC-CD183	0.0939772711652995	0.0939772711652995	NA	ok	
Adult_cHSPCs_Ultima_majority_voting	MKP	565	mAOC0459	mAOC-CD183	gene	ADT	mAOC-CD183	0.202137979024152	0.202137979024152	NA	ok	
Adult_cHSPCs_Ultima_majority_voting	Monocyte	195	mAOC0459	mAOC-CD183	gene	ADT	mAOC-CD183	0.48417929490418	0.48417929490418	NA	ok	
Adult_cHSPCs_Ultima_majority_voting	NK/T	116	mAOC0459	mAOC-CD183	gene	ADT	mAOC-CD183	0.577346684332458	0.577346684332458	NA	ok	
Adult_cHSPCs_Ultima_majority_voting	B	652	mAOC0460	mAOC-CD195	gene	ADT	mAOC-CD195	0.0420728156367311	0.0420728156367311	NA	ok	
Adult_cHSPCs_Ultima_majority_voting	CLP	506	mAOC0460	mAOC-CD195	gene	ADT	mAOC-CD195	0.0303335479580433	0.0303335479580433	NA	ok	
Adult_cHSPCs_Ultima_majority_voting	ERYP	440	mAOC0460	mAOC-CD195	gene	ADT	mAOC-CD195	0.0219144407495671	0.0219144407495671	NA	ok	
Adult_cHSPCs_Ultima_majority_voting	GMP-L	663	mAOC0460	mAOC-CD195	gene	ADT	mAOC-CD195	0.0368246096658406	0.0368246096658406	NA	ok	
Adult_cHSPCs_Ultima_majority_voting	HSC_MPP	8254	mAOC0460	mAOC-CD195	gene	ADT	mAOC-CD195	0.0307145335509315	0.0307145335509315	NA	ok	
Adult_cHSPCs_Ultima_majority_voting	MEBEMP-L	1898	mAOC0460	mAOC-CD195	gene	ADT	mAOC-CD195	0.0244123971937638	0.0244123971937638	NA	ok	
Adult_cHSPCs_Ultima_majority_voting	MKP	565	mAOC0460	mAOC-CD195	gene	ADT	mAOC-CD195	0.0537106740486409	0.0537106740486409	NA	ok	
Adult_cHSPCs_Ultima_majority_voting	Monocyte	195	mAOC0460	mAOC-CD195	gene	ADT	mAOC-CD195	0.102977471902894	0.102977471902894	NA	ok	
Adult_cHSPCs_Ultima_majority_voting	NK/T	116	mAOC0460	mAOC-CD195	gene	ADT	mAOC-CD195	0.224603759829265	0.224603759829265	NA	ok	
Adult_cHSPCs_Ultima_majority_voting	B	652	mAOC0461	mAOC-CD185	gene	ADT	mAOC-CD185	0.0743238563465604	0.0743238563465604	NA	ok	
Adult_cHSPCs_Ultima_majority_voting	CLP	506	mAOC0461	mAOC-CD185	gene	ADT	mAOC-CD185	0.0134305107212736	0.0134305107212736	NA	ok	
Adult_cHSPCs_Ultima_majority_voting	ERYP	440	mAOC0461	mAOC-CD185	gene	ADT	mAOC-CD185	0.0106003267404703	0.0106003267404703	NA	ok	
Adult_cHSPCs_Ultima_majority_voting	GMP-L	663	mAOC0461	mAOC-CD185	gene	ADT	mAOC-CD185	0.0151442996291119	0.0151442996291119	NA	ok	
Adult_cHSPCs_Ultima_majority_voting	HSC_MPP	8254	mAOC0461	mAOC-CD185	gene	ADT	mAOC-CD185	0.0129637081570364	0.0129637081570364	NA	ok	
Adult_cHSPCs_Ultima_majority_voting	MEBEMP-L	1898	mAOC0461	mAOC-CD185	gene	ADT	mAOC-CD185	0.0138101392164163	0.0138101392164163	NA	ok	
Adult_cHSPCs_Ultima_majority_voting	MKP	565	mAOC0461	mAOC-CD185	gene	ADT	mAOC-CD185	0.0295820965738424	0.0295820965738424	NA	ok	
Adult_cHSPCs_Ultima_majority_voting	Monocyte	195	mAOC0461	mAOC-CD185	gene	ADT	mAOC-CD185	0.0243561004528757	0.0243561004528757	NA	ok	
Adult_cHSPCs_Ultima_majority_voting	NK/T	116	mAOC0461	mAOC-CD185	gene	ADT	mAOC-CD185	0.17710884422236	0.17710884422236	NA	ok	
Adult_cHSPCs_Ultima_majority_voting	B	652	mAOC0464	mAOC-CD141	gene	ADT	mAOC-CD141	0.0632576702874189	0.0632576702874189	NA	ok	
Adult_cHSPCs_Ultima_majority_voting	CLP	506	mAOC0464	mAOC-CD141	gene	ADT	mAOC-CD141	0.0513619858763522	0.0513619858763522	NA	ok	
Adult_cHSPCs_Ultima_majority_voting	ERYP	440	mAOC0464	mAOC-CD141	gene	ADT	mAOC-CD141	0.0545842850993746	0.0545842850993746	NA	ok	
Adult_cHSPCs_Ultima_majority_voting	GMP-L	663	mAOC0464	mAOC-CD141	gene	ADT	mAOC-CD141	0.0630888362561317	0.0630888362561317	NA	ok	
Adult_cHSPCs_Ultima_majority_voting	HSC_MPP	8254	mAOC0464	mAOC-CD141	gene	ADT	mAOC-CD141	0.0569276739041324	0.0569276739041324	NA	ok	
Adult_cHSPCs_Ultima_majority_voting	MEBEMP-L	1898	mAOC0464	mAOC-CD141	gene	ADT	mAOC-CD141	0.0484879399300893	0.0484879399300893	NA	ok	
Adult_cHSPCs_Ultima_majority_voting	MKP	565	mAOC0464	mAOC-CD141	gene	ADT	mAOC-CD141	0.126631711446441	0.126631711446441	NA	ok	
Adult_cHSPCs_Ultima_majority_voting	Monocyte	195	mAOC0464	mAOC-CD141	gene	ADT	mAOC-CD141	0.0971638692932918	0.0971638692932918	NA	ok	
Adult_cHSPCs_Ultima_majority_voting	NK/T	116	mAOC0464	mAOC-CD141	gene	ADT	mAOC-CD141	0.232409867024925	0.232409867024925	NA	ok	
Adult_cHSPCs_Ultima_majority_voting	B	652	mAOC0465	mAOC-CD58	gene	ADT	mAOC-CD58	0.00355211218339286	0.00355211218339286	NA	ok	
Adult_cHSPCs_Ultima_majority_voting	CLP	506	mAOC0465	mAOC-CD58	gene	ADT	mAOC-CD58	0.00269229368224454	0.00269229368224454	NA	ok	
Adult_cHSPCs_Ultima_majority_voting	ERYP	440	mAOC0465	mAOC-CD58	gene	ADT	mAOC-CD58	0.00153601458170732	0.00153601458170732	NA	ok	
Adult_cHSPCs_Ultima_majority_voting	GMP-L	663	mAOC0465	mAOC-CD58	gene	ADT	mAOC-CD58	0.00426165941212323	0.00426165941212323	NA	ok	
Adult_cHSPCs_Ultima_majority_voting	HSC_MPP	8254	mAOC0465	mAOC-CD58	gene	ADT	mAOC-CD58	0.00166093143993637	0.00166093143993637	NA	ok	
Adult_cHSPCs_Ultima_majority_voting	MEBEMP-L	1898	mAOC0465	mAOC-CD58	gene	ADT	mAOC-CD58	0.00190059169666143	0.00190059169666143	NA	ok	
Adult_cHSPCs_Ultima_majority_voting	MKP	565	mAOC0465	mAOC-CD58	gene	ADT	mAOC-CD58	0.0076646508813536	0.0076646508813536	NA	ok	
Adult_cHSPCs_Ultima_majority_voting	Monocyte	195	mAOC0465	mAOC-CD58	gene	ADT	mAOC-CD58	0.00376063763759493	0.00376063763759493	NA	ok	
Adult_cHSPCs_Ultima_majority_voting	NK/T	116	mAOC0465	mAOC-CD58	gene	ADT	mAOC-CD58	0.012914792162724	0.012914792162724	NA	ok	
Adult_cHSPCs_Ultima_majority_voting	B	652	mAOC0467	mAOC-CD24	gene	ADT	mAOC-CD24	0.0147865486896255	0.0147865486896255	NA	ok	
Adult_cHSPCs_Ultima_majority_voting	CLP	506	mAOC0467	mAOC-CD24	gene	ADT	mAOC-CD24	0.00928212702192245	0.00928212702192245	NA	ok	
Adult_cHSPCs_Ultima_majority_voting	ERYP	440	mAOC0467	mAOC-CD24	gene	ADT	mAOC-CD24	0.00861881531079382	0.00861881531079382	NA	ok	
Adult_cHSPCs_Ultima_majority_voting	GMP-L	663	mAOC0467	mAOC-CD24	gene	ADT	mAOC-CD24	0.0113699412412273	0.0113699412412273	NA	ok	
Adult_cHSPCs_Ultima_majority_voting	HSC_MPP	8254	mAOC0467	mAOC-CD24	gene	ADT	mAOC-CD24	0.00890611462795902	0.00890611462795902	NA	ok	
Adult_cHSPCs_Ultima_majority_voting	MEBEMP-L	1898	mAOC0467	mAOC-CD24	gene	ADT	mAOC-CD24	0.00925712492750103	0.00925712492750103	NA	ok	
Adult_cHSPCs_Ultima_majority_voting	MKP	565	mAOC0467	mAOC-CD24	gene	ADT	mAOC-CD24	0.020054809691511	0.020054809691511	NA	ok	
Adult_cHSPCs_Ultima_majority_voting	Monocyte	195	mAOC0467	mAOC-CD24	gene	ADT	mAOC-CD24	0.0133503882694977	0.0133503882694977	NA	ok	
Adult_cHSPCs_Ultima_majority_voting	NK/T	116	mAOC0467	mAOC-CD24	gene	ADT	mAOC-CD24	0.0677541341135563	0.0677541341135563	NA	ok	
Adult_cHSPCs_Ultima_majority_voting	B	652	mAOC0470	mAOC-CD192	gene	ADT	mAOC-CD192	0.0073833537194232	0.0073833537194232	NA	ok	
Adult_cHSPCs_Ultima_majority_voting	CLP	506	mAOC0470	mAOC-CD192	gene	ADT	mAOC-CD192	0.00302219804113982	0.00302219804113982	NA	ok	
Adult_cHSPCs_Ultima_majority_voting	ERYP	440	mAOC0470	mAOC-CD192	gene	ADT	mAOC-CD192	0.00515411575720813	0.00515411575720813	NA	ok	
Adult_cHSPCs_Ultima_majority_voting	GMP-L	663	mAOC0470	mAOC-CD192	gene	ADT	mAOC-CD192	0.00781032968847583	0.00781032968847583	NA	ok	
Adult_cHSPCs_Ultima_majority_voting	HSC_MPP	8254	mAOC0470	mAOC-CD192	gene	ADT	mAOC-CD192	0.00438901480334423	0.00438901480334423	NA	ok	
Adult_cHSPCs_Ultima_majority_voting	MEBEMP-L	1898	mAOC0470	mAOC-CD192	gene	ADT	mAOC-CD192	0.00493807858664866	0.00493807858664866	NA	ok	
Adult_cHSPCs_Ultima_majority_voting	MKP	565	mAOC0470	mAOC-CD192	gene	ADT	mAOC-CD192	0.00555863413205108	0.00555863413205108	NA	ok	
Adult_cHSPCs_Ultima_majority_voting	Monocyte	195	mAOC0470	mAOC-CD192	gene	ADT	mAOC-CD192	0.00600504039777138	0.00600504039777138	NA	ok	
Adult_cHSPCs_Ultima_majority_voting	NK/T	116	mAOC0470	mAOC-CD192	gene	ADT	mAOC-CD192	0.0340294837597482	0.0340294837597482	NA	ok	
Adult_cHSPCs_Ultima_majority_voting	B	652	mAOC0472	mAOC-CD163	gene	ADT	mAOC-CD163	0.00117936100180016	0.00117936100180016	NA	ok	
Adult_cHSPCs_Ultima_majority_voting	CLP	506	mAOC0472	mAOC-CD163	gene	ADT	mAOC-CD163	0.000363629977621687	0.000363629977621687	NA	ok	
Adult_cHSPCs_Ultima_majority_voting	ERYP	440	mAOC0472	mAOC-CD163	gene	ADT	mAOC-CD163	0	0	NA	ok	
Adult_cHSPCs_Ultima_majority_voting	GMP-L	663	mAOC0472	mAOC-CD163	gene	ADT	mAOC-CD163	0.000976363171909382	0.000976363171909382	NA	ok	
Adult_cHSPCs_Ultima_majority_voting	HSC_MPP	8254	mAOC0472	mAOC-CD163	gene	ADT	mAOC-CD163	0.000255828693352186	0.000255828693352186	NA	ok	
Adult_cHSPCs_Ultima_majority_voting	MEBEMP-L	1898	mAOC0472	mAOC-CD163	gene	ADT	mAOC-CD163	0.000377144329665054	0.000377144329665054	NA	ok	
Adult_cHSPCs_Ultima_majority_voting	MKP	565	mAOC0472	mAOC-CD163	gene	ADT	mAOC-CD163	0.000474527735760847	0.000474527735760847	NA	ok	
Adult_cHSPCs_Ultima_majority_voting	Monocyte	195	mAOC0472	mAOC-CD163	gene	ADT	mAOC-CD163	0.000888794053644834	0.000888794053644834	NA	ok	
Adult_cHSPCs_Ultima_majority_voting	NK/T	116	mAOC0472	mAOC-CD163	gene	ADT	mAOC-CD163	0	0	NA	ok	
Adult_cHSPCs_Ultima_majority_voting	B	652	mAOC0473	mAOC-CD163	gene	ADT	mAOC-CD163	0.00117936100180016	0.00117936100180016	NA	ok	
Adult_cHSPCs_Ultima_majority_voting	CLP	506	mAOC0473	mAOC-CD163	gene	ADT	mAOC-CD163	0.000363629977621687	0.000363629977621687	NA	ok	
Adult_cHSPCs_Ultima_majority_voting	ERYP	440	mAOC0473	mAOC-CD163	gene	ADT	mAOC-CD163	0	0	NA	ok	
Adult_cHSPCs_Ultima_majority_voting	GMP-L	663	mAOC0473	mAOC-CD163	gene	ADT	mAOC-CD163	0.000976363171909382	0.000976363171909382	NA	ok	
Adult_cHSPCs_Ultima_majority_voting	HSC_MPP	8254	mAOC0473	mAOC-CD163	gene	ADT	mAOC-CD163	0.000255828693352186	0.000255828693352186	NA	ok	
Adult_cHSPCs_Ultima_majority_voting	MEBEMP-L	1898	mAOC0473	mAOC-CD163	gene	ADT	mAOC-CD163	0.000377144329665054	0.000377144329665054	NA	ok	
Adult_cHSPCs_Ultima_majority_voting	MKP	565	mAOC0473	mAOC-CD163	gene	ADT	mAOC-CD163	0.000474527735760847	0.000474527735760847	NA	ok	
Adult_cHSPCs_Ultima_majority_voting	Monocyte	195	mAOC0473	mAOC-CD163	gene	ADT	mAOC-CD163	0.000888794053644834	0.000888794053644834	NA	ok	
Adult_cHSPCs_Ultima_majority_voting	NK/T	116	mAOC0473	mAOC-CD163	gene	ADT	mAOC-CD163	0	0	NA	ok	
Adult_cHSPCs_Ultima_majority_voting	B	652	mAOC0474	mAOC-CD303	gene	ADT	mAOC-CD303	0.000673656291438067	0.000673656291438067	NA	ok	
Adult_cHSPCs_Ultima_majority_voting	CLP	506	mAOC0474	mAOC-CD303	gene	ADT	mAOC-CD303	0.000600890938540713	0.000600890938540713	NA	ok	
Adult_cHSPCs_Ultima_majority_voting	ERYP	440	mAOC0474	mAOC-CD303	gene	ADT	mAOC-CD303	0.00185366967650139	0.00185366967650139	NA	ok	
Adult_cHSPCs_Ultima_majority_voting	GMP-L	663	mAOC0474	mAOC-CD303	gene	ADT	mAOC-CD303	0.00155765057322174	0.00155765057322174	NA	ok	
Adult_cHSPCs_Ultima_majority_voting	HSC_MPP	8254	mAOC0474	mAOC-CD303	gene	ADT	mAOC-CD303	0.00043459068359657	0.00043459068359657	NA	ok	
Adult_cHSPCs_Ultima_majority_voting	MEBEMP-L	1898	mAOC0474	mAOC-CD303	gene	ADT	mAOC-CD303	0.000919713719881165	0.000919713719881165	NA	ok	
Adult_cHSPCs_Ultima_majority_voting	MKP	565	mAOC0474	mAOC-CD303	gene	ADT	mAOC-CD303	0.00124871573737496	0.00124871573737496	NA	ok	
Adult_cHSPCs_Ultima_majority_voting	Monocyte	195	mAOC0474	mAOC-CD303	gene	ADT	mAOC-CD303	0.000542499351754814	0.000542499351754814	NA	ok	
Adult_cHSPCs_Ultima_majority_voting	NK/T	116	mAOC0474	mAOC-CD303	gene	ADT	mAOC-CD303	0	0	NA	ok	
Adult_cHSPCs_Ultima_majority_voting	B	652	mAOC0476	mAOC-CD127	gene	ADT	mAOC-CD127	0.0121802645463201	0.0121802645463201	NA	ok	
Adult_cHSPCs_Ultima_majority_voting	CLP	506	mAOC0476	mAOC-CD127	gene	ADT	mAOC-CD127	0.00407725383864061	0.00407725383864061	NA	ok	
Adult_cHSPCs_Ultima_majority_voting	ERYP	440	mAOC0476	mAOC-CD127	gene	ADT	mAOC-CD127	0.00587019380324571	0.00587019380324571	NA	ok	
Adult_cHSPCs_Ultima_majority_voting	GMP-L	663	mAOC0476	mAOC-CD127	gene	ADT	mAOC-CD127	0.00812046118585118	0.00812046118585118	NA	ok	
Adult_cHSPCs_Ultima_majority_voting	HSC_MPP	8254	mAOC0476	mAOC-CD127	gene	ADT	mAOC-CD127	0.00680712657850237	0.00680712657850237	NA	ok	
Adult_cHSPCs_Ultima_majority_voting	MEBEMP-L	1898	mAOC0476	mAOC-CD127	gene	ADT	mAOC-CD127	0.00787698076540449	0.00787698076540449	NA	ok	
Adult_cHSPCs_Ultima_majority_voting	MKP	565	mAOC0476	mAOC-CD127	gene	ADT	mAOC-CD127	0.0175498225945984	0.0175498225945984	NA	ok	
Adult_cHSPCs_Ultima_majority_voting	Monocyte	195	mAOC0476	mAOC-CD127	gene	ADT	mAOC-CD127	0.0217469790903964	0.0217469790903964	NA	ok	
Adult_cHSPCs_Ultima_majority_voting	NK/T	116	mAOC0476	mAOC-CD127	gene	ADT	mAOC-CD127	0.0574047532489048	0.0574047532489048	NA	ok	
Adult_cHSPCs_Ultima_majority_voting	B	652	mAOC0478	mAOC-CD93	gene	ADT	mAOC-CD93	0.0118858737997226	0.0118858737997226	NA	ok	
Adult_cHSPCs_Ultima_majority_voting	CLP	506	mAOC0478	mAOC-CD93	gene	ADT	mAOC-CD93	0.00374996939400568	0.00374996939400568	NA	ok	
Adult_cHSPCs_Ultima_majority_voting	ERYP	440	mAOC0478	mAOC-CD93	gene	ADT	mAOC-CD93	0.00539115751384533	0.00539115751384533	NA	ok	
Adult_cHSPCs_Ultima_majority_voting	GMP-L	663	mAOC0478	mAOC-CD93	gene	ADT	mAOC-CD93	0.0102856161989109	0.0102856161989109	NA	ok	
Adult_cHSPCs_Ultima_majority_voting	HSC_MPP	8254	mAOC0478	mAOC-CD93	gene	ADT	mAOC-CD93	0.00575975497869456	0.00575975497869456	NA	ok	
Adult_cHSPCs_Ultima_majority_voting	MEBEMP-L	1898	mAOC0478	mAOC-CD93	gene	ADT	mAOC-CD93	0.00746456725398831	0.00746456725398831	NA	ok	
Adult_cHSPCs_Ultima_majority_voting	MKP	565	mAOC0478	mAOC-CD93	gene	ADT	mAOC-CD93	0.0179864630896166	0.0179864630896166	NA	ok	
Adult_cHSPCs_Ultima_majority_voting	Monocyte	195	mAOC0478	mAOC-CD93	gene	ADT	mAOC-CD93	0.0229854679396409	0.0229854679396409	NA	ok	
Adult_cHSPCs_Ultima_majority_voting	NK/T	116	mAOC0478	mAOC-CD93	gene	ADT	mAOC-CD93	0.0320201060462058	0.0320201060462058	NA	ok	
Adult_cHSPCs_Ultima_majority_voting	B	652	mAOC0479	mAOC-CD23	gene	ADT	mAOC-CD23	0.00127926881322207	0.00127926881322207	NA	ok	
Adult_cHSPCs_Ultima_majority_voting	CLP	506	mAOC0479	mAOC-CD23	gene	ADT	mAOC-CD23	0.00062998012747142	0.00062998012747142	NA	ok	
Adult_cHSPCs_Ultima_majority_voting	ERYP	440	mAOC0479	mAOC-CD23	gene	ADT	mAOC-CD23	0.012072744385378	0.012072744385378	NA	ok	
Adult_cHSPCs_Ultima_majority_voting	GMP-L	663	mAOC0479	mAOC-CD23	gene	ADT	mAOC-CD23	0.00227467981735616	0.00227467981735616	NA	ok	
Adult_cHSPCs_Ultima_majority_voting	HSC_MPP	8254	mAOC0479	mAOC-CD23	gene	ADT	mAOC-CD23	0.000812629297773761	0.000812629297773761	NA	ok	
Adult_cHSPCs_Ultima_majority_voting	MEBEMP-L	1898	mAOC0479	mAOC-CD23	gene	ADT	mAOC-CD23	0.00239965579686056	0.00239965579686056	NA	ok	
Adult_cHSPCs_Ultima_majority_voting	MKP	565	mAOC0479	mAOC-CD23	gene	ADT	mAOC-CD23	0.0100662038517711	0.0100662038517711	NA	ok	
Adult_cHSPCs_Ultima_majority_voting	Monocyte	195	mAOC0479	mAOC-CD23	gene	ADT	mAOC-CD23	0.00171402431346593	0.00171402431346593	NA	ok	
Adult_cHSPCs_Ultima_majority_voting	NK/T	116	mAOC0479	mAOC-CD23	gene	ADT	mAOC-CD23	0.00863215930278205	0.00863215930278205	NA	ok	
Adult_cHSPCs_Ultima_majority_voting	B	652	mAOC0481	mAOC-CD71	gene	ADT	mAOC-CD71	0.0124876181637739	0.0124876181637739	NA	ok	
Adult_cHSPCs_Ultima_majority_voting	CLP	506	mAOC0481	mAOC-CD71	gene	ADT	mAOC-CD71	0.00441472245925964	0.00441472245925964	NA	ok	
Adult_cHSPCs_Ultima_majority_voting	ERYP	440	mAOC0481	mAOC-CD71	gene	ADT	mAOC-CD71	0.0130953059653353	0.0130953059653353	NA	ok	
Adult_cHSPCs_Ultima_majority_voting	GMP-L	663	mAOC0481	mAOC-CD71	gene	ADT	mAOC-CD71	0.0112323517877284	0.0112323517877284	NA	ok	
Adult_cHSPCs_Ultima_majority_voting	HSC_MPP	8254	mAOC0481	mAOC-CD71	gene	ADT	mAOC-CD71	0.00698232579280372	0.00698232579280372	NA	ok	
Adult_cHSPCs_Ultima_majority_voting	MEBEMP-L	1898	mAOC0481	mAOC-CD71	gene	ADT	mAOC-CD71	0.0100103859199099	0.0100103859199099	NA	ok	
Adult_cHSPCs_Ultima_majority_voting	MKP	565	mAOC0481	mAOC-CD71	gene	ADT	mAOC-CD71	0.0266660930541486	0.0266660930541486	NA	ok	
Adult_cHSPCs_Ultima_majority_voting	Monocyte	195	mAOC0481	mAOC-CD71	gene	ADT	mAOC-CD71	0.0119166150329826	0.0119166150329826	NA	ok	
Adult_cHSPCs_Ultima_majority_voting	NK/T	116	mAOC0481	mAOC-CD71	gene	ADT	mAOC-CD71	0.053303391290454	0.053303391290454	NA	ok	
Adult_cHSPCs_Ultima_majority_voting	B	652	mAOC0482	mAOC-CD7	gene	ADT	mAOC-CD7	0.00405942892307325	0.00405942892307325	NA	ok	
Adult_cHSPCs_Ultima_majority_voting	CLP	506	mAOC0482	mAOC-CD7	gene	ADT	mAOC-CD7	0.00147974399092796	0.00147974399092796	NA	ok	
Adult_cHSPCs_Ultima_majority_voting	ERYP	440	mAOC0482	mAOC-CD7	gene	ADT	mAOC-CD7	0.00193931440131545	0.00193931440131545	NA	ok	
Adult_cHSPCs_Ultima_majority_voting	GMP-L	663	mAOC0482	mAOC-CD7	gene	ADT	mAOC-CD7	0.00241457987256336	0.00241457987256336	NA	ok	
Adult_cHSPCs_Ultima_majority_voting	HSC_MPP	8254	mAOC0482	mAOC-CD7	gene	ADT	mAOC-CD7	0.00163423112470869	0.00163423112470869	NA	ok	
Adult_cHSPCs_Ultima_majority_voting	MEBEMP-L	1898	mAOC0482	mAOC-CD7	gene	ADT	mAOC-CD7	0.00169611876898007	0.00169611876898007	NA	ok	
Adult_cHSPCs_Ultima_majority_voting	MKP	565	mAOC0482	mAOC-CD7	gene	ADT	mAOC-CD7	0.00523406319317962	0.00523406319317962	NA	ok	
Adult_cHSPCs_Ultima_majority_voting	Monocyte	195	mAOC0482	mAOC-CD7	gene	ADT	mAOC-CD7	0.00365718427433023	0.00365718427433023	NA	ok	
Adult_cHSPCs_Ultima_majority_voting	NK/T	116	mAOC0482	mAOC-CD7	gene	ADT	mAOC-CD7	0.0189285230782948	0.0189285230782948	NA	ok	
Adult_cHSPCs_Ultima_majority_voting	B	652	mAOC0485	mAOC-CD25	gene	ADT	mAOC-CD25	0	0	NA	ok	
Adult_cHSPCs_Ultima_majority_voting	CLP	506	mAOC0485	mAOC-CD25	gene	ADT	mAOC-CD25	0	0	NA	ok	
Adult_cHSPCs_Ultima_majority_voting	ERYP	440	mAOC0485	mAOC-CD25	gene	ADT	mAOC-CD25	0	0	NA	ok	
Adult_cHSPCs_Ultima_majority_voting	GMP-L	663	mAOC0485	mAOC-CD25	gene	ADT	mAOC-CD25	9.58335310907557e-05	9.58335310907557e-05	NA	ok	
Adult_cHSPCs_Ultima_majority_voting	HSC_MPP	8254	mAOC0485	mAOC-CD25	gene	ADT	mAOC-CD25	2.30688892676244e-05	2.30688892676244e-05	NA	ok	
Adult_cHSPCs_Ultima_majority_voting	MEBEMP-L	1898	mAOC0485	mAOC-CD25	gene	ADT	mAOC-CD25	0.000159987464778707	0.000159987464778707	NA	ok	
Adult_cHSPCs_Ultima_majority_voting	MKP	565	mAOC0485	mAOC-CD25	gene	ADT	mAOC-CD25	0.000104912293892339	0.000104912293892339	NA	ok	
Adult_cHSPCs_Ultima_majority_voting	Monocyte	195	mAOC0485	mAOC-CD25	gene	ADT	mAOC-CD25	9.80543499511404e-05	9.80543499511404e-05	NA	ok	
Adult_cHSPCs_Ultima_majority_voting	NK/T	116	mAOC0485	mAOC-CD25	gene	ADT	mAOC-CD25	0	0	NA	ok	
Adult_cHSPCs_Ultima_majority_voting	B	652	mAOC0486	mAOC-CD2	gene	ADT	mAOC-CD2	0.0336015964996981	0.0336015964996981	NA	ok	
Adult_cHSPCs_Ultima_majority_voting	CLP	506	mAOC0486	mAOC-CD2	gene	ADT	mAOC-CD2	0.0170298265411082	0.0170298265411082	NA	ok	
Adult_cHSPCs_Ultima_majority_voting	ERYP	440	mAOC0486	mAOC-CD2	gene	ADT	mAOC-CD2	0.0293985720908206	0.0293985720908206	NA	ok	
Adult_cHSPCs_Ultima_majority_voting	GMP-L	663	mAOC0486	mAOC-CD2	gene	ADT	mAOC-CD2	0.0293456286074035	0.0293456286074035	NA	ok	
Adult_cHSPCs_Ultima_majority_voting	HSC_MPP	8254	mAOC0486	mAOC-CD2	gene	ADT	mAOC-CD2	0.0260507843920241	0.0260507843920241	NA	ok	
Adult_cHSPCs_Ultima_majority_voting	MEBEMP-L	1898	mAOC0486	mAOC-CD2	gene	ADT	mAOC-CD2	0.0246605509985942	0.0246605509985942	NA	ok	
Adult_cHSPCs_Ultima_majority_voting	MKP	565	mAOC0486	mAOC-CD2	gene	ADT	mAOC-CD2	0.0600767746698817	0.0600767746698817	NA	ok	
Adult_cHSPCs_Ultima_majority_voting	Monocyte	195	mAOC0486	mAOC-CD2	gene	ADT	mAOC-CD2	0.0329290325761221	0.0329290325761221	NA	ok	
Adult_cHSPCs_Ultima_majority_voting	NK/T	116	mAOC0486	mAOC-CD2	gene	ADT	mAOC-CD2	0.127280958557068	0.127280958557068	NA	ok	
Adult_cHSPCs_Ultima_majority_voting	B	652	mAOC0488	mAOC-CD62L	gene	ADT	mAOC-CD62L	0.017079185258913	0.017079185258913	NA	ok	
Adult_cHSPCs_Ultima_majority_voting	CLP	506	mAOC0488	mAOC-CD62L	gene	ADT	mAOC-CD62L	0.0103178261288479	0.0103178261288479	NA	ok	
Adult_cHSPCs_Ultima_majority_voting	ERYP	440	mAOC0488	mAOC-CD62L	gene	ADT	mAOC-CD62L	0.011765825981125	0.011765825981125	NA	ok	
Adult_cHSPCs_Ultima_majority_voting	GMP-L	663	mAOC0488	mAOC-CD62L	gene	ADT	mAOC-CD62L	0.0144546863498599	0.0144546863498599	NA	ok	
Adult_cHSPCs_Ultima_majority_voting	HSC_MPP	8254	mAOC0488	mAOC-CD62L	gene	ADT	mAOC-CD62L	0.0145838294823853	0.0145838294823853	NA	ok	
Adult_cHSPCs_Ultima_majority_voting	MEBEMP-L	1898	mAOC0488	mAOC-CD62L	gene	ADT	mAOC-CD62L	0.0159592482871241	0.0159592482871241	NA	ok	
Adult_cHSPCs_Ultima_majority_voting	MKP	565	mAOC0488	mAOC-CD62L	gene	ADT	mAOC-CD62L	0.0227400950640417	0.0227400950640417	NA	ok	
Adult_cHSPCs_Ultima_majority_voting	Monocyte	195	mAOC0488	mAOC-CD62L	gene	ADT	mAOC-CD62L	0.0257916780295948	0.0257916780295948	NA	ok	
Adult_cHSPCs_Ultima_majority_voting	NK/T	116	mAOC0488	mAOC-CD62L	gene	ADT	mAOC-CD62L	0.11205758010511	0.11205758010511	NA	ok	
Adult_cHSPCs_Ultima_majority_voting	B	652	mAOC0490	mAOC-CD158a	gene	ADT	mAOC-CD158a	0.00420867512376412	0.00420867512376412	NA	ok	
Adult_cHSPCs_Ultima_majority_voting	CLP	506	mAOC0490	mAOC-CD158a	gene	ADT	mAOC-CD158a	0.00339463952332319	0.00339463952332319	NA	ok	
Adult_cHSPCs_Ultima_majority_voting	ERYP	440	mAOC0490	mAOC-CD158a	gene	ADT	mAOC-CD158a	0.00109079422997575	0.00109079422997575	NA	ok	
Adult_cHSPCs_Ultima_majority_voting	GMP-L	663	mAOC0490	mAOC-CD158a	gene	ADT	mAOC-CD158a	0.00752728795680496	0.00752728795680496	NA	ok	
Adult_cHSPCs_Ultima_majority_voting	HSC_MPP	8254	mAOC0490	mAOC-CD158a	gene	ADT	mAOC-CD158a	0.00280313992821818	0.00280313992821818	NA	ok	
Adult_cHSPCs_Ultima_majority_voting	MEBEMP-L	1898	mAOC0490	mAOC-CD158a	gene	ADT	mAOC-CD158a	0.00375443606668079	0.00375443606668079	NA	ok	
Adult_cHSPCs_Ultima_majority_voting	MKP	565	mAOC0490	mAOC-CD158a	gene	ADT	mAOC-CD158a	0.00568933870061109	0.00568933870061109	NA	ok	
Adult_cHSPCs_Ultima_majority_voting	Monocyte	195	mAOC0490	mAOC-CD158a	gene	ADT	mAOC-CD158a	0.00958642382504672	0.00958642382504672	NA	ok	
Adult_cHSPCs_Ultima_majority_voting	NK/T	116	mAOC0490	mAOC-CD158a	gene	ADT	mAOC-CD158a	0.0363664212221288	0.0363664212221288	NA	ok	
Adult_cHSPCs_Ultima_majority_voting	B	652	mAOC0492	mAOC-CD115	gene	ADT	mAOC-CD115	0.0122554069706415	0.0122554069706415	NA	ok	
Adult_cHSPCs_Ultima_majority_voting	CLP	506	mAOC0492	mAOC-CD115	gene	ADT	mAOC-CD115	0.00340323871883026	0.00340323871883026	NA	ok	
Adult_cHSPCs_Ultima_majority_voting	ERYP	440	mAOC0492	mAOC-CD115	gene	ADT	mAOC-CD115	0.00283977712982717	0.00283977712982717	NA	ok	
Adult_cHSPCs_Ultima_majority_voting	GMP-L	663	mAOC0492	mAOC-CD115	gene	ADT	mAOC-CD115	0.0104351547678676	0.0104351547678676	NA	ok	
Adult_cHSPCs_Ultima_majority_voting	HSC_MPP	8254	mAOC0492	mAOC-CD115	gene	ADT	mAOC-CD115	0.00611664911571091	0.00611664911571091	NA	ok	
Adult_cHSPCs_Ultima_majority_voting	MEBEMP-L	1898	mAOC0492	mAOC-CD115	gene	ADT	mAOC-CD115	0.0080226268551608	0.0080226268551608	NA	ok	
Adult_cHSPCs_Ultima_majority_voting	MKP	565	mAOC0492	mAOC-CD115	gene	ADT	mAOC-CD115	0.0225938706247237	0.0225938706247237	NA	ok	
Adult_cHSPCs_Ultima_majority_voting	Monocyte	195	mAOC0492	mAOC-CD115	gene	ADT	mAOC-CD115	0.0251324272037811	0.0251324272037811	NA	ok	
Adult_cHSPCs_Ultima_majority_voting	NK/T	116	mAOC0492	mAOC-CD115	gene	ADT	mAOC-CD115	0.0545123548600536	0.0545123548600536	NA	ok	
Adult_cHSPCs_Ultima_majority_voting	B	652	mAOC0496	mAOC-CD272	gene	ADT	mAOC-CD272	0.0340544032308661	0.0340544032308661	NA	ok	
Adult_cHSPCs_Ultima_majority_voting	CLP	506	mAOC0496	mAOC-CD272	gene	ADT	mAOC-CD272	0.014694352494894	0.014694352494894	NA	ok	
Adult_cHSPCs_Ultima_majority_voting	ERYP	440	mAOC0496	mAOC-CD272	gene	ADT	mAOC-CD272	0.010252638983864	0.010252638983864	NA	ok	
Adult_cHSPCs_Ultima_majority_voting	GMP-L	663	mAOC0496	mAOC-CD272	gene	ADT	mAOC-CD272	0.0208630671754535	0.0208630671754535	NA	ok	
Adult_cHSPCs_Ultima_majority_voting	HSC_MPP	8254	mAOC0496	mAOC-CD272	gene	ADT	mAOC-CD272	0.0201122221806671	0.0201122221806671	NA	ok	
Adult_cHSPCs_Ultima_majority_voting	MEBEMP-L	1898	mAOC0496	mAOC-CD272	gene	ADT	mAOC-CD272	0.0158699156765004	0.0158699156765004	NA	ok	
Adult_cHSPCs_Ultima_majority_voting	MKP	565	mAOC0496	mAOC-CD272	gene	ADT	mAOC-CD272	0.0392122858593761	0.0392122858593761	NA	ok	
Adult_cHSPCs_Ultima_majority_voting	Monocyte	195	mAOC0496	mAOC-CD272	gene	ADT	mAOC-CD272	0.0613299049938082	0.0613299049938082	NA	ok	
Adult_cHSPCs_Ultima_majority_voting	NK/T	116	mAOC0496	mAOC-CD272	gene	ADT	mAOC-CD272	0.144871161596367	0.144871161596367	NA	ok	
Adult_cHSPCs_Ultima_majority_voting	B	652	mAOC0500	mAOC-CD16a	gene	ADT	mAOC-CD16a	0.000573555163078864	0.000573555163078864	NA	ok	
Adult_cHSPCs_Ultima_majority_voting	CLP	506	mAOC0500	mAOC-CD16a	gene	ADT	mAOC-CD16a	0.00062998012747142	0.00062998012747142	NA	ok	
Adult_cHSPCs_Ultima_majority_voting	ERYP	440	mAOC0500	mAOC-CD16a	gene	ADT	mAOC-CD16a	0	0	NA	ok	
Adult_cHSPCs_Ultima_majority_voting	GMP-L	663	mAOC0500	mAOC-CD16a	gene	ADT	mAOC-CD16a	0.00067568372233372	0.00067568372233372	NA	ok	
Adult_cHSPCs_Ultima_majority_voting	HSC_MPP	8254	mAOC0500	mAOC-CD16a	gene	ADT	mAOC-CD16a	0.000278846432414146	0.000278846432414146	NA	ok	
Adult_cHSPCs_Ultima_majority_voting	MEBEMP-L	1898	mAOC0500	mAOC-CD16a	gene	ADT	mAOC-CD16a	0.000467524817873671	0.000467524817873671	NA	ok	
Adult_cHSPCs_Ultima_majority_voting	MKP	565	mAOC0500	mAOC-CD16a	gene	ADT	mAOC-CD16a	0.00107887490761956	0.00107887490761956	NA	ok	
Adult_cHSPCs_Ultima_majority_voting	Monocyte	195	mAOC0500	mAOC-CD16a	gene	ADT	mAOC-CD16a	0.00425316846761479	0.00425316846761479	NA	ok	
Adult_cHSPCs_Ultima_majority_voting	NK/T	116	mAOC0500	mAOC-CD16a	gene	ADT	mAOC-CD16a	0	0	NA	ok	
Adult_cHSPCs_Ultima_majority_voting	B	652	mAOC0505	mAOC-CD35	gene	ADT	mAOC-CD35	2.75689632128142	2.75689632128142	NA	ok	
Adult_cHSPCs_Ultima_majority_voting	CLP	506	mAOC0505	mAOC-CD35	gene	ADT	mAOC-CD35	0.203219529903542	0.203219529903542	NA	ok	
Adult_cHSPCs_Ultima_majority_voting	ERYP	440	mAOC0505	mAOC-CD35	gene	ADT	mAOC-CD35	0.0343810398010479	0.0343810398010479	NA	ok	
Adult_cHSPCs_Ultima_majority_voting	GMP-L	663	mAOC0505	mAOC-CD35	gene	ADT	mAOC-CD35	0.127724575527692	0.127724575527692	NA	ok	
Adult_cHSPCs_Ultima_majority_voting	HSC_MPP	8254	mAOC0505	mAOC-CD35	gene	ADT	mAOC-CD35	0.0443981487880014	0.0443981487880014	NA	ok	
Adult_cHSPCs_Ultima_majority_voting	MEBEMP-L	1898	mAOC0505	mAOC-CD35	gene	ADT	mAOC-CD35	0.0134491526454444	0.0134491526454444	NA	ok	
Adult_cHSPCs_Ultima_majority_voting	MKP	565	mAOC0505	mAOC-CD35	gene	ADT	mAOC-CD35	0.0277116435889233	0.0277116435889233	NA	ok	
Adult_cHSPCs_Ultima_majority_voting	Monocyte	195	mAOC0505	mAOC-CD35	gene	ADT	mAOC-CD35	2.18354213001553	2.18354213001553	NA	ok	
Adult_cHSPCs_Ultima_majority_voting	NK/T	116	mAOC0505	mAOC-CD35	gene	ADT	mAOC-CD35	0.416549827398572	0.416549827398572	NA	ok	
Adult_cHSPCs_Ultima_majority_voting	B	652	mAOC0506	mAOC-CD31	gene	ADT	mAOC-CD31	0.0911705588445074	0.0911705588445074	NA	ok	
Adult_cHSPCs_Ultima_majority_voting	CLP	506	mAOC0506	mAOC-CD31	gene	ADT	mAOC-CD31	0.0433621910897638	0.0433621910897638	NA	ok	
Adult_cHSPCs_Ultima_majority_voting	ERYP	440	mAOC0506	mAOC-CD31	gene	ADT	mAOC-CD31	0.0141643606702184	0.0141643606702184	NA	ok	
Adult_cHSPCs_Ultima_majority_voting	GMP-L	663	mAOC0506	mAOC-CD31	gene	ADT	mAOC-CD31	0.0492319783774339	0.0492319783774339	NA	ok	
Adult_cHSPCs_Ultima_majority_voting	HSC_MPP	8254	mAOC0506	mAOC-CD31	gene	ADT	mAOC-CD31	0.0388517633523568	0.0388517633523568	NA	ok	
Adult_cHSPCs_Ultima_majority_voting	MEBEMP-L	1898	mAOC0506	mAOC-CD31	gene	ADT	mAOC-CD31	0.0275485496695109	0.0275485496695109	NA	ok	
Adult_cHSPCs_Ultima_majority_voting	MKP	565	mAOC0506	mAOC-CD31	gene	ADT	mAOC-CD31	0.0735230574619046	0.0735230574619046	NA	ok	
Adult_cHSPCs_Ultima_majority_voting	Monocyte	195	mAOC0506	mAOC-CD31	gene	ADT	mAOC-CD31	0.174166336701665	0.174166336701665	NA	ok	
Adult_cHSPCs_Ultima_majority_voting	NK/T	116	mAOC0506	mAOC-CD31	gene	ADT	mAOC-CD31	0.288002918926351	0.288002918926351	NA	ok	
Adult_cHSPCs_Ultima_majority_voting	B	652	mAOC0507	mAOC-CD11c	gene	ADT	mAOC-CD11c	0.00727226010398233	0.00727226010398233	NA	ok	
Adult_cHSPCs_Ultima_majority_voting	CLP	506	mAOC0507	mAOC-CD11c	gene	ADT	mAOC-CD11c	0.00136481991680917	0.00136481991680917	NA	ok	
Adult_cHSPCs_Ultima_majority_voting	ERYP	440	mAOC0507	mAOC-CD11c	gene	ADT	mAOC-CD11c	0.00319947452581365	0.00319947452581365	NA	ok	
Adult_cHSPCs_Ultima_majority_voting	GMP-L	663	mAOC0507	mAOC-CD11c	gene	ADT	mAOC-CD11c	0.0034065246047956	0.0034065246047956	NA	ok	
Adult_cHSPCs_Ultima_majority_voting	HSC_MPP	8254	mAOC0507	mAOC-CD11c	gene	ADT	mAOC-CD11c	0.00129293626892053	0.00129293626892053	NA	ok	
Adult_cHSPCs_Ultima_majority_voting	MEBEMP-L	1898	mAOC0507	mAOC-CD11c	gene	ADT	mAOC-CD11c	0.00271581645009767	0.00271581645009767	NA	ok	
Adult_cHSPCs_Ultima_majority_voting	MKP	565	mAOC0507	mAOC-CD11c	gene	ADT	mAOC-CD11c	0.0100743565258986	0.0100743565258986	NA	ok	
Adult_cHSPCs_Ultima_majority_voting	Monocyte	195	mAOC0507	mAOC-CD11c	gene	ADT	mAOC-CD11c	0.00563273287280205	0.00563273287280205	NA	ok	
Adult_cHSPCs_Ultima_majority_voting	NK/T	116	mAOC0507	mAOC-CD11c	gene	ADT	mAOC-CD11c	0.0132041084222523	0.0132041084222523	NA	ok	
Adult_cHSPCs_Ultima_majority_voting	B	652	mAOC0508	mAOC-CD157	gene	ADT	mAOC-CD157	0.0247443067708489	0.0247443067708489	NA	ok	
Adult_cHSPCs_Ultima_majority_voting	CLP	506	mAOC0508	mAOC-CD157	gene	ADT	mAOC-CD157	0.0139218078464921	0.0139218078464921	NA	ok	
Adult_cHSPCs_Ultima_majority_voting	ERYP	440	mAOC0508	mAOC-CD157	gene	ADT	mAOC-CD157	0.0152173754774845	0.0152173754774845	NA	ok	
Adult_cHSPCs_Ultima_majority_voting	GMP-L	663	mAOC0508	mAOC-CD157	gene	ADT	mAOC-CD157	0.0268632261366576	0.0268632261366576	NA	ok	
Adult_cHSPCs_Ultima_majority_voting	HSC_MPP	8254	mAOC0508	mAOC-CD157	gene	ADT	mAOC-CD157	0.0217012594712114	0.0217012594712114	NA	ok	
Adult_cHSPCs_Ultima_majority_voting	MEBEMP-L	1898	mAOC0508	mAOC-CD157	gene	ADT	mAOC-CD157	0.0206378529662527	0.0206378529662527	NA	ok	
Adult_cHSPCs_Ultima_majority_voting	MKP	565	mAOC0508	mAOC-CD157	gene	ADT	mAOC-CD157	0.0481187803270994	0.0481187803270994	NA	ok	
Adult_cHSPCs_Ultima_majority_voting	Monocyte	195	mAOC0508	mAOC-CD157	gene	ADT	mAOC-CD157	0.0534375581576678	0.0534375581576678	NA	ok	
Adult_cHSPCs_Ultima_majority_voting	NK/T	116	mAOC0508	mAOC-CD157	gene	ADT	mAOC-CD157	0.132066015552651	0.132066015552651	NA	ok	
Adult_cHSPCs_Ultima_majority_voting	B	652	mAOC0509	mAOC-CD277	gene	ADT	mAOC-CD277	0.0263827371652338	0.0263827371652338	NA	ok	
Adult_cHSPCs_Ultima_majority_voting	CLP	506	mAOC0509	mAOC-CD277	gene	ADT	mAOC-CD277	0.0141096524920129	0.0141096524920129	NA	ok	
Adult_cHSPCs_Ultima_majority_voting	ERYP	440	mAOC0509	mAOC-CD277	gene	ADT	mAOC-CD277	0.0168082769963421	0.0168082769963421	NA	ok	
Adult_cHSPCs_Ultima_majority_voting	GMP-L	663	mAOC0509	mAOC-CD277	gene	ADT	mAOC-CD277	0.0244995650422623	0.0244995650422623	NA	ok	
Adult_cHSPCs_Ultima_majority_voting	HSC_MPP	8254	mAOC0509	mAOC-CD277	gene	ADT	mAOC-CD277	0.0205350988914596	0.0205350988914596	NA	ok	
Adult_cHSPCs_Ultima_majority_voting	MEBEMP-L	1898	mAOC0509	mAOC-CD277	gene	ADT	mAOC-CD277	0.018977157480499	0.018977157480499	NA	ok	
Adult_cHSPCs_Ultima_majority_voting	MKP	565	mAOC0509	mAOC-CD277	gene	ADT	mAOC-CD277	0.046974558077729	0.046974558077729	NA	ok	
Adult_cHSPCs_Ultima_majority_voting	Monocyte	195	mAOC0509	mAOC-CD277	gene	ADT	mAOC-CD277	0.0831355786928847	0.0831355786928847	NA	ok	
Adult_cHSPCs_Ultima_majority_voting	NK/T	116	mAOC0509	mAOC-CD277	gene	ADT	mAOC-CD277	0.135765400682247	0.135765400682247	NA	ok	
Adult_cHSPCs_Ultima_majority_voting	B	652	mAOC0518-1	mAOC-ACVR2B	gene	ADT	mAOC-ACVR2B	0.0220475265260048	0.0220475265260048	NA	ok	
Adult_cHSPCs_Ultima_majority_voting	CLP	506	mAOC0518-1	mAOC-ACVR2B	gene	ADT	mAOC-ACVR2B	0.00877591172522923	0.00877591172522923	NA	ok	
Adult_cHSPCs_Ultima_majority_voting	ERYP	440	mAOC0518-1	mAOC-ACVR2B	gene	ADT	mAOC-ACVR2B	0.00312997277620541	0.00312997277620541	NA	ok	
Adult_cHSPCs_Ultima_majority_voting	GMP-L	663	mAOC0518-1	mAOC-ACVR2B	gene	ADT	mAOC-ACVR2B	0.0150873985522007	0.0150873985522007	NA	ok	
Adult_cHSPCs_Ultima_majority_voting	HSC_MPP	8254	mAOC0518-1	mAOC-ACVR2B	gene	ADT	mAOC-ACVR2B	0.0122103874069139	0.0122103874069139	NA	ok	
Adult_cHSPCs_Ultima_majority_voting	MEBEMP-L	1898	mAOC0518-1	mAOC-ACVR2B	gene	ADT	mAOC-ACVR2B	0.0110211198727755	0.0110211198727755	NA	ok	
Adult_cHSPCs_Ultima_majority_voting	MKP	565	mAOC0518-1	mAOC-ACVR2B	gene	ADT	mAOC-ACVR2B	0.026824782644188	0.026824782644188	NA	ok	
Adult_cHSPCs_Ultima_majority_voting	Monocyte	195	mAOC0518-1	mAOC-ACVR2B	gene	ADT	mAOC-ACVR2B	0.299394055087635	0.299394055087635	NA	ok	
Adult_cHSPCs_Ultima_majority_voting	NK/T	116	mAOC0518-1	mAOC-ACVR2B	gene	ADT	mAOC-ACVR2B	0.132939920627288	0.132939920627288	NA	ok	
Adult_cHSPCs_Ultima_majority_voting	B	652	mAOC0519-1	mAOC-CD246	gene	ADT	mAOC-CD246	0.027627261556126	0.027627261556126	NA	ok	
Adult_cHSPCs_Ultima_majority_voting	CLP	506	mAOC0519-1	mAOC-CD246	gene	ADT	mAOC-CD246	0.0171536892122106	0.0171536892122106	NA	ok	
Adult_cHSPCs_Ultima_majority_voting	ERYP	440	mAOC0519-1	mAOC-CD246	gene	ADT	mAOC-CD246	0.00595313322935667	0.00595313322935667	NA	ok	
Adult_cHSPCs_Ultima_majority_voting	GMP-L	663	mAOC0519-1	mAOC-CD246	gene	ADT	mAOC-CD246	0.0245351505804933	0.0245351505804933	NA	ok	
Adult_cHSPCs_Ultima_majority_voting	HSC_MPP	8254	mAOC0519-1	mAOC-CD246	gene	ADT	mAOC-CD246	0.0171063137708047	0.0171063137708047	NA	ok	
Adult_cHSPCs_Ultima_majority_voting	MEBEMP-L	1898	mAOC0519-1	mAOC-CD246	gene	ADT	mAOC-CD246	0.0143392640423638	0.0143392640423638	NA	ok	
Adult_cHSPCs_Ultima_majority_voting	MKP	565	mAOC0519-1	mAOC-CD246	gene	ADT	mAOC-CD246	0.0295929226210224	0.0295929226210224	NA	ok	
Adult_cHSPCs_Ultima_majority_voting	Monocyte	195	mAOC0519-1	mAOC-CD246	gene	ADT	mAOC-CD246	0.130365968357819	0.130365968357819	NA	ok	
Adult_cHSPCs_Ultima_majority_voting	NK/T	116	mAOC0519-1	mAOC-CD246	gene	ADT	mAOC-CD246	0.119839734961236	0.119839734961236	NA	ok	
Adult_cHSPCs_Ultima_majority_voting	B	652	mAOC0520	mAOC-TNFA	gene	ADT	mAOC-TNFA	0.0081231968747693	0.0081231968747693	NA	ok	
Adult_cHSPCs_Ultima_majority_voting	CLP	506	mAOC0520	mAOC-TNFA	gene	ADT	mAOC-TNFA	0.00219169479159836	0.00219169479159836	NA	ok	
Adult_cHSPCs_Ultima_majority_voting	ERYP	440	mAOC0520	mAOC-TNFA	gene	ADT	mAOC-TNFA	0.000817347140051617	0.000817347140051617	NA	ok	
Adult_cHSPCs_Ultima_majority_voting	GMP-L	663	mAOC0520	mAOC-TNFA	gene	ADT	mAOC-TNFA	0.00337233493870093	0.00337233493870093	NA	ok	
Adult_cHSPCs_Ultima_majority_voting	HSC_MPP	8254	mAOC0520	mAOC-TNFA	gene	ADT	mAOC-TNFA	0.00237694404680297	0.00237694404680297	NA	ok	
Adult_cHSPCs_Ultima_majority_voting	MEBEMP-L	1898	mAOC0520	mAOC-TNFA	gene	ADT	mAOC-TNFA	0.00249727525101483	0.00249727525101483	NA	ok	
Adult_cHSPCs_Ultima_majority_voting	MKP	565	mAOC0520	mAOC-TNFA	gene	ADT	mAOC-TNFA	0.00480508483706107	0.00480508483706107	NA	ok	
Adult_cHSPCs_Ultima_majority_voting	Monocyte	195	mAOC0520	mAOC-TNFA	gene	ADT	mAOC-TNFA	0.037420120279299	0.037420120279299	NA	ok	
Adult_cHSPCs_Ultima_majority_voting	NK/T	116	mAOC0520	mAOC-TNFA	gene	ADT	mAOC-TNFA	0.017352024691849	0.017352024691849	NA	ok	
Adult_cHSPCs_Ultima_majority_voting	B	652	mAOC0522-1	mAOC-CD350	gene	ADT	mAOC-CD350	0.0430037937567887	0.0430037937567887	NA	ok	
Adult_cHSPCs_Ultima_majority_voting	CLP	506	mAOC0522-1	mAOC-CD350	gene	ADT	mAOC-CD350	0.0203174111003875	0.0203174111003875	NA	ok	
Adult_cHSPCs_Ultima_majority_voting	ERYP	440	mAOC0522-1	mAOC-CD350	gene	ADT	mAOC-CD350	0.011523402482898	0.011523402482898	NA	ok	
Adult_cHSPCs_Ultima_majority_voting	GMP-L	663	mAOC0522-1	mAOC-CD350	gene	ADT	mAOC-CD350	0.0415590499345582	0.0415590499345582	NA	ok	
Adult_cHSPCs_Ultima_majority_voting	HSC_MPP	8254	mAOC0522-1	mAOC-CD350	gene	ADT	mAOC-CD350	0.0242599508189373	0.0242599508189373	NA	ok	
Adult_cHSPCs_Ultima_majority_voting	MEBEMP-L	1898	mAOC0522-1	mAOC-CD350	gene	ADT	mAOC-CD350	0.0220603628842678	0.0220603628842678	NA	ok	
Adult_cHSPCs_Ultima_majority_voting	MKP	565	mAOC0522-1	mAOC-CD350	gene	ADT	mAOC-CD350	0.0641301712469508	0.0641301712469508	NA	ok	
Adult_cHSPCs_Ultima_majority_voting	Monocyte	195	mAOC0522-1	mAOC-CD350	gene	ADT	mAOC-CD350	0.131708497401503	0.131708497401503	NA	ok	
Adult_cHSPCs_Ultima_majority_voting	NK/T	116	mAOC0522-1	mAOC-CD350	gene	ADT	mAOC-CD350	0.244866280242569	0.244866280242569	NA	ok	
Adult_cHSPCs_Ultima_majority_voting	B	652	mAOC0523-1	mAOC-GLP1R	gene	ADT	mAOC-GLP1R	0.0102813710699166	0.0102813710699166	NA	ok	
Adult_cHSPCs_Ultima_majority_voting	CLP	506	mAOC0523-1	mAOC-GLP1R	gene	ADT	mAOC-GLP1R	0.00220360207496598	0.00220360207496598	NA	ok	
Adult_cHSPCs_Ultima_majority_voting	ERYP	440	mAOC0523-1	mAOC-GLP1R	gene	ADT	mAOC-GLP1R	0.00153601458170732	0.00153601458170732	NA	ok	
Adult_cHSPCs_Ultima_majority_voting	GMP-L	663	mAOC0523-1	mAOC-GLP1R	gene	ADT	mAOC-GLP1R	0.00425976083099866	0.00425976083099866	NA	ok	
Adult_cHSPCs_Ultima_majority_voting	HSC_MPP	8254	mAOC0523-1	mAOC-GLP1R	gene	ADT	mAOC-GLP1R	0.00320290058431695	0.00320290058431695	NA	ok	
Adult_cHSPCs_Ultima_majority_voting	MEBEMP-L	1898	mAOC0523-1	mAOC-GLP1R	gene	ADT	mAOC-GLP1R	0.00431557388418307	0.00431557388418307	NA	ok	
Adult_cHSPCs_Ultima_majority_voting	MKP	565	mAOC0523-1	mAOC-GLP1R	gene	ADT	mAOC-GLP1R	0.00588587500236694	0.00588587500236694	NA	ok	
Adult_cHSPCs_Ultima_majority_voting	Monocyte	195	mAOC0523-1	mAOC-GLP1R	gene	ADT	mAOC-GLP1R	0.0379547447466093	0.0379547447466093	NA	ok	
Adult_cHSPCs_Ultima_majority_voting	NK/T	116	mAOC0523-1	mAOC-GLP1R	gene	ADT	mAOC-GLP1R	0.0328234974267242	0.0328234974267242	NA	ok	
Adult_cHSPCs_Ultima_majority_voting	B	652	mAOC0524	mAOC-GPC2	gene	ADT	mAOC-GPC2	0.0111660130090842	0.0111660130090842	NA	ok	
Adult_cHSPCs_Ultima_majority_voting	CLP	506	mAOC0524	mAOC-GPC2	gene	ADT	mAOC-GPC2	0.00538459497535026	0.00538459497535026	NA	ok	
Adult_cHSPCs_Ultima_majority_voting	ERYP	440	mAOC0524	mAOC-GPC2	gene	ADT	mAOC-GPC2	0.00424936763564595	0.00424936763564595	NA	ok	
Adult_cHSPCs_Ultima_majority_voting	GMP-L	663	mAOC0524	mAOC-GPC2	gene	ADT	mAOC-GPC2	0.0118214530960777	0.0118214530960777	NA	ok	
Adult_cHSPCs_Ultima_majority_voting	HSC_MPP	8254	mAOC0524	mAOC-GPC2	gene	ADT	mAOC-GPC2	0.00669989790252304	0.00669989790252304	NA	ok	
Adult_cHSPCs_Ultima_majority_voting	MEBEMP-L	1898	mAOC0524	mAOC-GPC2	gene	ADT	mAOC-GPC2	0.00688953060711944	0.00688953060711944	NA	ok	
Adult_cHSPCs_Ultima_majority_voting	MKP	565	mAOC0524	mAOC-GPC2	gene	ADT	mAOC-GPC2	0.0169123922667694	0.0169123922667694	NA	ok	
Adult_cHSPCs_Ultima_majority_voting	Monocyte	195	mAOC0524	mAOC-GPC2	gene	ADT	mAOC-GPC2	0.0256460796166287	0.0256460796166287	NA	ok	
Adult_cHSPCs_Ultima_majority_voting	NK/T	116	mAOC0524	mAOC-GPC2	gene	ADT	mAOC-GPC2	0.0546214274770573	0.0546214274770573	NA	ok	
Adult_cHSPCs_Ultima_majority_voting	B	652	mAOC0525	mAOC-HTR2B	gene	ADT	mAOC-HTR2B	0.0164436377253401	0.0164436377253401	NA	ok	
Adult_cHSPCs_Ultima_majority_voting	CLP	506	mAOC0525	mAOC-HTR2B	gene	ADT	mAOC-HTR2B	0.00426372888212982	0.00426372888212982	NA	ok	
Adult_cHSPCs_Ultima_majority_voting	ERYP	440	mAOC0525	mAOC-HTR2B	gene	ADT	mAOC-HTR2B	0.00413112195818089	0.00413112195818089	NA	ok	
Adult_cHSPCs_Ultima_majority_voting	GMP-L	663	mAOC0525	mAOC-HTR2B	gene	ADT	mAOC-HTR2B	0.00920598022202259	0.00920598022202259	NA	ok	
Adult_cHSPCs_Ultima_majority_voting	HSC_MPP	8254	mAOC0525	mAOC-HTR2B	gene	ADT	mAOC-HTR2B	0.00787879086480635	0.00787879086480635	NA	ok	
Adult_cHSPCs_Ultima_majority_voting	MEBEMP-L	1898	mAOC0525	mAOC-HTR2B	gene	ADT	mAOC-HTR2B	0.0073809731770256	0.0073809731770256	NA	ok	
Adult_cHSPCs_Ultima_majority_voting	MKP	565	mAOC0525	mAOC-HTR2B	gene	ADT	mAOC-HTR2B	0.0114302477648881	0.0114302477648881	NA	ok	
Adult_cHSPCs_Ultima_majority_voting	Monocyte	195	mAOC0525	mAOC-HTR2B	gene	ADT	mAOC-HTR2B	0.0352430566870464	0.0352430566870464	NA	ok	
Adult_cHSPCs_Ultima_majority_voting	NK/T	116	mAOC0525	mAOC-HTR2B	gene	ADT	mAOC-HTR2B	0.0822565040499489	0.0822565040499489	NA	ok	
Adult_cHSPCs_Ultima_majority_voting	B	652	mAOC0526	mAOC-CD213a2	gene	ADT	mAOC-CD213a2	0.0128162483787654	0.0128162483787654	NA	ok	
Adult_cHSPCs_Ultima_majority_voting	CLP	506	mAOC0526	mAOC-CD213a2	gene	ADT	mAOC-CD213a2	0.00521798559271496	0.00521798559271496	NA	ok	
Adult_cHSPCs_Ultima_majority_voting	ERYP	440	mAOC0526	mAOC-CD213a2	gene	ADT	mAOC-CD213a2	0.00588330130428481	0.00588330130428481	NA	ok	
Adult_cHSPCs_Ultima_majority_voting	GMP-L	663	mAOC0526	mAOC-CD213a2	gene	ADT	mAOC-CD213a2	0.0140357237846058	0.0140357237846058	NA	ok	
Adult_cHSPCs_Ultima_majority_voting	HSC_MPP	8254	mAOC0526	mAOC-CD213a2	gene	ADT	mAOC-CD213a2	0.0079189671786851	0.0079189671786851	NA	ok	
Adult_cHSPCs_Ultima_majority_voting	MEBEMP-L	1898	mAOC0526	mAOC-CD213a2	gene	ADT	mAOC-CD213a2	0.00805880118543127	0.00805880118543127	NA	ok	
Adult_cHSPCs_Ultima_majority_voting	MKP	565	mAOC0526	mAOC-CD213a2	gene	ADT	mAOC-CD213a2	0.0323093216837504	0.0323093216837504	NA	ok	
Adult_cHSPCs_Ultima_majority_voting	Monocyte	195	mAOC0526	mAOC-CD213a2	gene	ADT	mAOC-CD213a2	0.0371694509454442	0.0371694509454442	NA	ok	
Adult_cHSPCs_Ultima_majority_voting	NK/T	116	mAOC0526	mAOC-CD213a2	gene	ADT	mAOC-CD213a2	0.0484934229574381	0.0484934229574381	NA	ok	
Adult_cHSPCs_Ultima_majority_voting	B	652	mAOC0527	mAOC-CD220	gene	ADT	mAOC-CD220	0.0341269904261391	0.0341269904261391	NA	ok	
Adult_cHSPCs_Ultima_majority_voting	CLP	506	mAOC0527	mAOC-CD220	gene	ADT	mAOC-CD220	0.0186006179915456	0.0186006179915456	NA	ok	
Adult_cHSPCs_Ultima_majority_voting	ERYP	440	mAOC0527	mAOC-CD220	gene	ADT	mAOC-CD220	0.0117125448827173	0.0117125448827173	NA	ok	
Adult_cHSPCs_Ultima_majority_voting	GMP-L	663	mAOC0527	mAOC-CD220	gene	ADT	mAOC-CD220	0.0219452134498191	0.0219452134498191	NA	ok	
Adult_cHSPCs_Ultima_majority_voting	HSC_MPP	8254	mAOC0527	mAOC-CD220	gene	ADT	mAOC-CD220	0.021814720470934	0.021814720470934	NA	ok	
Adult_cHSPCs_Ultima_majority_voting	MEBEMP-L	1898	mAOC0527	mAOC-CD220	gene	ADT	mAOC-CD220	0.0212125078207133	0.0212125078207133	NA	ok	
Adult_cHSPCs_Ultima_majority_voting	MKP	565	mAOC0527	mAOC-CD220	gene	ADT	mAOC-CD220	0.0307287500380862	0.0307287500380862	NA	ok	
Adult_cHSPCs_Ultima_majority_voting	Monocyte	195	mAOC0527	mAOC-CD220	gene	ADT	mAOC-CD220	0.0521280858363475	0.0521280858363475	NA	ok	
Adult_cHSPCs_Ultima_majority_voting	NK/T	116	mAOC0527	mAOC-CD220	gene	ADT	mAOC-CD220	0.154516995521006	0.154516995521006	NA	ok	
Adult_cHSPCs_Ultima_majority_voting	B	652	mAOC0528	mAOC-Galectin-3	gene	ADT	mAOC-Galectin-3	0.00703763272380168	0.00703763272380168	NA	ok	
Adult_cHSPCs_Ultima_majority_voting	CLP	506	mAOC0528	mAOC-Galectin-3	gene	ADT	mAOC-Galectin-3	0.00360502006327565	0.00360502006327565	NA	ok	
Adult_cHSPCs_Ultima_majority_voting	ERYP	440	mAOC0528	mAOC-Galectin-3	gene	ADT	mAOC-Galectin-3	0.00170122193078441	0.00170122193078441	NA	ok	
Adult_cHSPCs_Ultima_majority_voting	GMP-L	663	mAOC0528	mAOC-Galectin-3	gene	ADT	mAOC-Galectin-3	0.00550655974101742	0.00550655974101742	NA	ok	
Adult_cHSPCs_Ultima_majority_voting	HSC_MPP	8254	mAOC0528	mAOC-Galectin-3	gene	ADT	mAOC-Galectin-3	0.00330859755958507	0.00330859755958507	NA	ok	
Adult_cHSPCs_Ultima_majority_voting	MEBEMP-L	1898	mAOC0528	mAOC-Galectin-3	gene	ADT	mAOC-Galectin-3	0.00260100674743962	0.00260100674743962	NA	ok	
Adult_cHSPCs_Ultima_majority_voting	MKP	565	mAOC0528	mAOC-Galectin-3	gene	ADT	mAOC-Galectin-3	0.0119893705216497	0.0119893705216497	NA	ok	
Adult_cHSPCs_Ultima_majority_voting	Monocyte	195	mAOC0528	mAOC-Galectin-3	gene	ADT	mAOC-Galectin-3	0.00747695130438463	0.00747695130438463	NA	ok	
Adult_cHSPCs_Ultima_majority_voting	NK/T	116	mAOC0528	mAOC-Galectin-3	gene	ADT	mAOC-Galectin-3	0.023067055922124	0.023067055922124	NA	ok	
Adult_cHSPCs_Ultima_majority_voting	B	652	mAOC0529	mAOC-CD257	gene	ADT	mAOC-CD257	0.0109474117246696	0.0109474117246696	NA	ok	
Adult_cHSPCs_Ultima_majority_voting	CLP	506	mAOC0529	mAOC-CD257	gene	ADT	mAOC-CD257	0.00392025606379515	0.00392025606379515	NA	ok	
Adult_cHSPCs_Ultima_majority_voting	ERYP	440	mAOC0529	mAOC-CD257	gene	ADT	mAOC-CD257	0.00418834174262161	0.00418834174262161	NA	ok	
Adult_cHSPCs_Ultima_majority_voting	GMP-L	663	mAOC0529	mAOC-CD257	gene	ADT	mAOC-CD257	0.0106159557503852	0.0106159557503852	NA	ok	
Adult_cHSPCs_Ultima_majority_voting	HSC_MPP	8254	mAOC0529	mAOC-CD257	gene	ADT	mAOC-CD257	0.00744143975026067	0.00744143975026067	NA	ok	
Adult_cHSPCs_Ultima_majority_voting	MEBEMP-L	1898	mAOC0529	mAOC-CD257	gene	ADT	mAOC-CD257	0.00769272973202864	0.00769272973202864	NA	ok	
Adult_cHSPCs_Ultima_majority_voting	MKP	565	mAOC0529	mAOC-CD257	gene	ADT	mAOC-CD257	0.0152418162205127	0.0152418162205127	NA	ok	
Adult_cHSPCs_Ultima_majority_voting	Monocyte	195	mAOC0529	mAOC-CD257	gene	ADT	mAOC-CD257	0.0183054685181072	0.0183054685181072	NA	ok	
Adult_cHSPCs_Ultima_majority_voting	NK/T	116	mAOC0529	mAOC-CD257	gene	ADT	mAOC-CD257	0.0412780582067399	0.0412780582067399	NA	ok	
Adult_cHSPCs_Ultima_majority_voting	B	652	mAOC0530	mAOC-CD279	gene	ADT	mAOC-CD279	0.0129027992001102	0.0129027992001102	NA	ok	
Adult_cHSPCs_Ultima_majority_voting	CLP	506	mAOC0530	mAOC-CD279	gene	ADT	mAOC-CD279	0.00471985588141438	0.00471985588141438	NA	ok	
Adult_cHSPCs_Ultima_majority_voting	ERYP	440	mAOC0530	mAOC-CD279	gene	ADT	mAOC-CD279	0.00412134193035275	0.00412134193035275	NA	ok	
Adult_cHSPCs_Ultima_majority_voting	GMP-L	663	mAOC0530	mAOC-CD279	gene	ADT	mAOC-CD279	0.00769017325207624	0.00769017325207624	NA	ok	
Adult_cHSPCs_Ultima_majority_voting	HSC_MPP	8254	mAOC0530	mAOC-CD279	gene	ADT	mAOC-CD279	0.00739646553820532	0.00739646553820532	NA	ok	
Adult_cHSPCs_Ultima_majority_voting	MEBEMP-L	1898	mAOC0530	mAOC-CD279	gene	ADT	mAOC-CD279	0.00599305721531789	0.00599305721531789	NA	ok	
Adult_cHSPCs_Ultima_majority_voting	MKP	565	mAOC0530	mAOC-CD279	gene	ADT	mAOC-CD279	0.00911982954503805	0.00911982954503805	NA	ok	
Adult_cHSPCs_Ultima_majority_voting	Monocyte	195	mAOC0530	mAOC-CD279	gene	ADT	mAOC-CD279	0.0253728356577696	0.0253728356577696	NA	ok	
Adult_cHSPCs_Ultima_majority_voting	NK/T	116	mAOC0530	mAOC-CD279	gene	ADT	mAOC-CD279	0.0562183832547764	0.0562183832547764	NA	ok	
Adult_cHSPCs_Ultima_majority_voting	B	652	mAOC0531	mAOC-TNFSF12	gene	ADT	mAOC-TNFSF12	0.0157201120773554	0.0157201120773554	NA	ok	
Adult_cHSPCs_Ultima_majority_voting	CLP	506	mAOC0531	mAOC-TNFSF12	gene	ADT	mAOC-TNFSF12	0.00558214688398244	0.00558214688398244	NA	ok	
Adult_cHSPCs_Ultima_majority_voting	ERYP	440	mAOC0531	mAOC-TNFSF12	gene	ADT	mAOC-TNFSF12	0.0078816708518724	0.0078816708518724	NA	ok	
Adult_cHSPCs_Ultima_majority_voting	GMP-L	663	mAOC0531	mAOC-TNFSF12	gene	ADT	mAOC-TNFSF12	0.00995607301973705	0.00995607301973705	NA	ok	
Adult_cHSPCs_Ultima_majority_voting	HSC_MPP	8254	mAOC0531	mAOC-TNFSF12	gene	ADT	mAOC-TNFSF12	0.0077632465641483	0.0077632465641483	NA	ok	
Adult_cHSPCs_Ultima_majority_voting	MEBEMP-L	1898	mAOC0531	mAOC-TNFSF12	gene	ADT	mAOC-TNFSF12	0.007403583589658	0.007403583589658	NA	ok	
Adult_cHSPCs_Ultima_majority_voting	MKP	565	mAOC0531	mAOC-TNFSF12	gene	ADT	mAOC-TNFSF12	0.016766420291428	0.016766420291428	NA	ok	
Adult_cHSPCs_Ultima_majority_voting	Monocyte	195	mAOC0531	mAOC-TNFSF12	gene	ADT	mAOC-TNFSF12	0.0362448913637927	0.0362448913637927	NA	ok	
Adult_cHSPCs_Ultima_majority_voting	NK/T	116	mAOC0531	mAOC-TNFSF12	gene	ADT	mAOC-TNFSF12	0.0875402062958363	0.0875402062958363	NA	ok	
Adult_cHSPCs_Ultima_majority_voting	B	652	mAOC0532	mAOC-CD314	gene	ADT	mAOC-CD314	0.0303815907600139	0.0303815907600139	NA	ok	
Adult_cHSPCs_Ultima_majority_voting	CLP	506	mAOC0532	mAOC-CD314	gene	ADT	mAOC-CD314	0.0172335385020863	0.0172335385020863	NA	ok	
Adult_cHSPCs_Ultima_majority_voting	ERYP	440	mAOC0532	mAOC-CD314	gene	ADT	mAOC-CD314	0.0172294730022235	0.0172294730022235	NA	ok	
Adult_cHSPCs_Ultima_majority_voting	GMP-L	663	mAOC0532	mAOC-CD314	gene	ADT	mAOC-CD314	0.0347991121448316	0.0347991121448316	NA	ok	
Adult_cHSPCs_Ultima_majority_voting	HSC_MPP	8254	mAOC0532	mAOC-CD314	gene	ADT	mAOC-CD314	0.0262776592594969	0.0262776592594969	NA	ok	
Adult_cHSPCs_Ultima_majority_voting	MEBEMP-L	1898	mAOC0532	mAOC-CD314	gene	ADT	mAOC-CD314	0.021906281464167	0.021906281464167	NA	ok	
Adult_cHSPCs_Ultima_majority_voting	MKP	565	mAOC0532	mAOC-CD314	gene	ADT	mAOC-CD314	0.0422709032025428	0.0422709032025428	NA	ok	
Adult_cHSPCs_Ultima_majority_voting	Monocyte	195	mAOC0532	mAOC-CD314	gene	ADT	mAOC-CD314	0.0599179965646889	0.0599179965646889	NA	ok	
Adult_cHSPCs_Ultima_majority_voting	NK/T	116	mAOC0532	mAOC-CD314	gene	ADT	mAOC-CD314	0.181247553710668	0.181247553710668	NA	ok	
Adult_cHSPCs_Ultima_majority_voting	B	652	mAOC0533	mAOC-CD274	gene	ADT	mAOC-CD274	0.034509249173821	0.034509249173821	NA	ok	
Adult_cHSPCs_Ultima_majority_voting	CLP	506	mAOC0533	mAOC-CD274	gene	ADT	mAOC-CD274	0.0156948391726944	0.0156948391726944	NA	ok	
Adult_cHSPCs_Ultima_majority_voting	ERYP	440	mAOC0533	mAOC-CD274	gene	ADT	mAOC-CD274	0.0248435540699309	0.0248435540699309	NA	ok	
Adult_cHSPCs_Ultima_majority_voting	GMP-L	663	mAOC0533	mAOC-CD274	gene	ADT	mAOC-CD274	0.0240041479479099	0.0240041479479099	NA	ok	
Adult_cHSPCs_Ultima_majority_voting	HSC_MPP	8254	mAOC0533	mAOC-CD274	gene	ADT	mAOC-CD274	0.0267711345268143	0.0267711345268143	NA	ok	
Adult_cHSPCs_Ultima_majority_voting	MEBEMP-L	1898	mAOC0533	mAOC-CD274	gene	ADT	mAOC-CD274	0.0251791986891665	0.0251791986891665	NA	ok	
Adult_cHSPCs_Ultima_majority_voting	MKP	565	mAOC0533	mAOC-CD274	gene	ADT	mAOC-CD274	0.0741328312194632	0.0741328312194632	NA	ok	
Adult_cHSPCs_Ultima_majority_voting	Monocyte	195	mAOC0533	mAOC-CD274	gene	ADT	mAOC-CD274	0.0438417389253467	0.0438417389253467	NA	ok	
Adult_cHSPCs_Ultima_majority_voting	NK/T	116	mAOC0533	mAOC-CD274	gene	ADT	mAOC-CD274	0.181939608338748	0.181939608338748	NA	ok	
Adult_cHSPCs_Ultima_majority_voting	B	652	mAOC0534	mAOC-CD64	gene	ADT	mAOC-CD64	0.182317549463654	0.182317549463654	NA	ok	
Adult_cHSPCs_Ultima_majority_voting	CLP	506	mAOC0534	mAOC-CD64	gene	ADT	mAOC-CD64	0.143017583948308	0.143017583948308	NA	ok	
Adult_cHSPCs_Ultima_majority_voting	ERYP	440	mAOC0534	mAOC-CD64	gene	ADT	mAOC-CD64	0.187819870704516	0.187819870704516	NA	ok	
Adult_cHSPCs_Ultima_majority_voting	GMP-L	663	mAOC0534	mAOC-CD64	gene	ADT	mAOC-CD64	0.193845374990728	0.193845374990728	NA	ok	
Adult_cHSPCs_Ultima_majority_voting	HSC_MPP	8254	mAOC0534	mAOC-CD64	gene	ADT	mAOC-CD64	0.17802091297184	0.17802091297184	NA	ok	
Adult_cHSPCs_Ultima_majority_voting	MEBEMP-L	1898	mAOC0534	mAOC-CD64	gene	ADT	mAOC-CD64	0.164071144062058	0.164071144062058	NA	ok	
Adult_cHSPCs_Ultima_majority_voting	MKP	565	mAOC0534	mAOC-CD64	gene	ADT	mAOC-CD64	0.258408616556399	0.258408616556399	NA	ok	
Adult_cHSPCs_Ultima_majority_voting	Monocyte	195	mAOC0534	mAOC-CD64	gene	ADT	mAOC-CD64	0.202111420877235	0.202111420877235	NA	ok	
Adult_cHSPCs_Ultima_majority_voting	NK/T	116	mAOC0534	mAOC-CD64	gene	ADT	mAOC-CD64	0.504149571937605	0.504149571937605	NA	ok	
Adult_cHSPCs_Ultima_majority_voting	B	652	mAOC0540	mAOC-CD117	gene	ADT	mAOC-CD117	0.0487899847157318	0.0487899847157318	NA	ok	
Adult_cHSPCs_Ultima_majority_voting	CLP	506	mAOC0540	mAOC-CD117	gene	ADT	mAOC-CD117	0.019991885586515	0.019991885586515	NA	ok	
Adult_cHSPCs_Ultima_majority_voting	ERYP	440	mAOC0540	mAOC-CD117	gene	ADT	mAOC-CD117	0.0157202155335917	0.0157202155335917	NA	ok	
Adult_cHSPCs_Ultima_majority_voting	GMP-L	663	mAOC0540	mAOC-CD117	gene	ADT	mAOC-CD117	0.0233577611718072	0.0233577611718072	NA	ok	
Adult_cHSPCs_Ultima_majority_voting	HSC_MPP	8254	mAOC0540	mAOC-CD117	gene	ADT	mAOC-CD117	0.0222174334392712	0.0222174334392712	NA	ok	
Adult_cHSPCs_Ultima_majority_voting	MEBEMP-L	1898	mAOC0540	mAOC-CD117	gene	ADT	mAOC-CD117	0.0194530489971367	0.0194530489971367	NA	ok	
Adult_cHSPCs_Ultima_majority_voting	MKP	565	mAOC0540	mAOC-CD117	gene	ADT	mAOC-CD117	0.0637551741063514	0.0637551741063514	NA	ok	
Adult_cHSPCs_Ultima_majority_voting	Monocyte	195	mAOC0540	mAOC-CD117	gene	ADT	mAOC-CD117	0.356011763688832	0.356011763688832	NA	ok	
Adult_cHSPCs_Ultima_majority_voting	NK/T	116	mAOC0540	mAOC-CD117	gene	ADT	mAOC-CD117	0.187309315199691	0.187309315199691	NA	ok	
Adult_cHSPCs_Ultima_majority_voting	B	652	mAOC0541	mAOC-KLB	gene	ADT	mAOC-KLB	1.04521521245641	1.04521521245641	NA	ok	
Adult_cHSPCs_Ultima_majority_voting	CLP	506	mAOC0541	mAOC-KLB	gene	ADT	mAOC-KLB	0.0412127798639382	0.0412127798639382	NA	ok	
Adult_cHSPCs_Ultima_majority_voting	ERYP	440	mAOC0541	mAOC-KLB	gene	ADT	mAOC-KLB	0.0171785950275154	0.0171785950275154	NA	ok	
Adult_cHSPCs_Ultima_majority_voting	GMP-L	663	mAOC0541	mAOC-KLB	gene	ADT	mAOC-KLB	0.0219824214653992	0.0219824214653992	NA	ok	
Adult_cHSPCs_Ultima_majority_voting	HSC_MPP	8254	mAOC0541	mAOC-KLB	gene	ADT	mAOC-KLB	0.0147550526350865	0.0147550526350865	NA	ok	
Adult_cHSPCs_Ultima_majority_voting	MEBEMP-L	1898	mAOC0541	mAOC-KLB	gene	ADT	mAOC-KLB	0.0331546271934419	0.0331546271934419	NA	ok	
Adult_cHSPCs_Ultima_majority_voting	MKP	565	mAOC0541	mAOC-KLB	gene	ADT	mAOC-KLB	0.125085230839451	0.125085230839451	NA	ok	
Adult_cHSPCs_Ultima_majority_voting	Monocyte	195	mAOC0541	mAOC-KLB	gene	ADT	mAOC-KLB	0.164709819685445	0.164709819685445	NA	ok	
Adult_cHSPCs_Ultima_majority_voting	NK/T	116	mAOC0541	mAOC-KLB	gene	ADT	mAOC-KLB	0.326935449949833	0.326935449949833	NA	ok	
Adult_cHSPCs_Ultima_majority_voting	B	652	mAOC0542	mAOC-CD107a	gene	ADT	mAOC-CD107a	0.0208482304124649	0.0208482304124649	NA	ok	
Adult_cHSPCs_Ultima_majority_voting	CLP	506	mAOC0542	mAOC-CD107a	gene	ADT	mAOC-CD107a	0.00911886103121717	0.00911886103121717	NA	ok	
Adult_cHSPCs_Ultima_majority_voting	ERYP	440	mAOC0542	mAOC-CD107a	gene	ADT	mAOC-CD107a	0.0104746370026378	0.0104746370026378	NA	ok	
Adult_cHSPCs_Ultima_majority_voting	GMP-L	663	mAOC0542	mAOC-CD107a	gene	ADT	mAOC-CD107a	0.0153150108102366	0.0153150108102366	NA	ok	
Adult_cHSPCs_Ultima_majority_voting	HSC_MPP	8254	mAOC0542	mAOC-CD107a	gene	ADT	mAOC-CD107a	0.0129968512172581	0.0129968512172581	NA	ok	
Adult_cHSPCs_Ultima_majority_voting	MEBEMP-L	1898	mAOC0542	mAOC-CD107a	gene	ADT	mAOC-CD107a	0.0101168524355272	0.0101168524355272	NA	ok	
Adult_cHSPCs_Ultima_majority_voting	MKP	565	mAOC0542	mAOC-CD107a	gene	ADT	mAOC-CD107a	0.0374834767274811	0.0374834767274811	NA	ok	
Adult_cHSPCs_Ultima_majority_voting	Monocyte	195	mAOC0542	mAOC-CD107a	gene	ADT	mAOC-CD107a	0.0395736304170202	0.0395736304170202	NA	ok	
Adult_cHSPCs_Ultima_majority_voting	NK/T	116	mAOC0542	mAOC-CD107a	gene	ADT	mAOC-CD107a	0.133207108992552	0.133207108992552	NA	ok	
Adult_cHSPCs_Ultima_majority_voting	B	652	mAOC0543	mAOC-GARP	gene	ADT	mAOC-GARP	0.0153517032598036	0.0153517032598036	NA	ok	
Adult_cHSPCs_Ultima_majority_voting	CLP	506	mAOC0543	mAOC-GARP	gene	ADT	mAOC-GARP	0.00677546318955391	0.00677546318955391	NA	ok	
Adult_cHSPCs_Ultima_majority_voting	ERYP	440	mAOC0543	mAOC-GARP	gene	ADT	mAOC-GARP	0.0103318100134646	0.0103318100134646	NA	ok	
Adult_cHSPCs_Ultima_majority_voting	GMP-L	663	mAOC0543	mAOC-GARP	gene	ADT	mAOC-GARP	0.0135450242485498	0.0135450242485498	NA	ok	
Adult_cHSPCs_Ultima_majority_voting	HSC_MPP	8254	mAOC0543	mAOC-GARP	gene	ADT	mAOC-GARP	0.00784906733057741	0.00784906733057741	NA	ok	
Adult_cHSPCs_Ultima_majority_voting	MEBEMP-L	1898	mAOC0543	mAOC-GARP	gene	ADT	mAOC-GARP	0.00869507670827676	0.00869507670827676	NA	ok	
Adult_cHSPCs_Ultima_majority_voting	MKP	565	mAOC0543	mAOC-GARP	gene	ADT	mAOC-GARP	0.0407544444553377	0.0407544444553377	NA	ok	
Adult_cHSPCs_Ultima_majority_voting	Monocyte	195	mAOC0543	mAOC-GARP	gene	ADT	mAOC-GARP	0.0220603581503723	0.0220603581503723	NA	ok	
Adult_cHSPCs_Ultima_majority_voting	NK/T	116	mAOC0543	mAOC-GARP	gene	ADT	mAOC-GARP	0.0642979520926664	0.0642979520926664	NA	ok	
Adult_cHSPCs_Ultima_majority_voting	B	652	mAOC0544	mAOC-MICA	gene	ADT	mAOC-MICA	0.0244175492893149	0.0244175492893149	NA	ok	
Adult_cHSPCs_Ultima_majority_voting	CLP	506	mAOC0544	mAOC-MICA	gene	ADT	mAOC-MICA	0.0132413180764991	0.0132413180764991	NA	ok	
Adult_cHSPCs_Ultima_majority_voting	ERYP	440	mAOC0544	mAOC-MICA	gene	ADT	mAOC-MICA	0.0154999176767857	0.0154999176767857	NA	ok	
Adult_cHSPCs_Ultima_majority_voting	GMP-L	663	mAOC0544	mAOC-MICA	gene	ADT	mAOC-MICA	0.023066512202671	0.023066512202671	NA	ok	
Adult_cHSPCs_Ultima_majority_voting	HSC_MPP	8254	mAOC0544	mAOC-MICA	gene	ADT	mAOC-MICA	0.0194437120943152	0.0194437120943152	NA	ok	
Adult_cHSPCs_Ultima_majority_voting	MEBEMP-L	1898	mAOC0544	mAOC-MICA	gene	ADT	mAOC-MICA	0.0191852562190056	0.0191852562190056	NA	ok	
Adult_cHSPCs_Ultima_majority_voting	MKP	565	mAOC0544	mAOC-MICA	gene	ADT	mAOC-MICA	0.0399030635001676	0.0399030635001676	NA	ok	
Adult_cHSPCs_Ultima_majority_voting	Monocyte	195	mAOC0544	mAOC-MICA	gene	ADT	mAOC-MICA	0.0974816648583761	0.0974816648583761	NA	ok	
Adult_cHSPCs_Ultima_majority_voting	NK/T	116	mAOC0544	mAOC-MICA	gene	ADT	mAOC-MICA	0.119999201034116	0.119999201034116	NA	ok	
Adult_cHSPCs_Ultima_majority_voting	B	652	mAOC0545	mAOC-CD335	gene	ADT	mAOC-CD335	0.0402842932589438	0.0402842932589438	NA	ok	
Adult_cHSPCs_Ultima_majority_voting	CLP	506	mAOC0545	mAOC-CD335	gene	ADT	mAOC-CD335	0.0291262237713574	0.0291262237713574	NA	ok	
Adult_cHSPCs_Ultima_majority_voting	ERYP	440	mAOC0545	mAOC-CD335	gene	ADT	mAOC-CD335	0.0323054131268278	0.0323054131268278	NA	ok	
Adult_cHSPCs_Ultima_majority_voting	GMP-L	663	mAOC0545	mAOC-CD335	gene	ADT	mAOC-CD335	0.0388121666693227	0.0388121666693227	NA	ok	
Adult_cHSPCs_Ultima_majority_voting	HSC_MPP	8254	mAOC0545	mAOC-CD335	gene	ADT	mAOC-CD335	0.0357215582148876	0.0357215582148876	NA	ok	
Adult_cHSPCs_Ultima_majority_voting	MEBEMP-L	1898	mAOC0545	mAOC-CD335	gene	ADT	mAOC-CD335	0.0307414916918659	0.0307414916918659	NA	ok	
Adult_cHSPCs_Ultima_majority_voting	MKP	565	mAOC0545	mAOC-CD335	gene	ADT	mAOC-CD335	0.0834143493845092	0.0834143493845092	NA	ok	
Adult_cHSPCs_Ultima_majority_voting	Monocyte	195	mAOC0545	mAOC-CD335	gene	ADT	mAOC-CD335	0.0735703752307856	0.0735703752307856	NA	ok	
Adult_cHSPCs_Ultima_majority_voting	NK/T	116	mAOC0545	mAOC-CD335	gene	ADT	mAOC-CD335	0.199350872108258	0.199350872108258	NA	ok	
Adult_cHSPCs_Ultima_majority_voting	B	652	mAOC0548	mAOC-SLC40A1	gene	ADT	mAOC-SLC40A1	0.0413946766285202	0.0413946766285202	NA	ok	
Adult_cHSPCs_Ultima_majority_voting	CLP	506	mAOC0548	mAOC-SLC40A1	gene	ADT	mAOC-SLC40A1	0.0262130952453793	0.0262130952453793	NA	ok	
Adult_cHSPCs_Ultima_majority_voting	ERYP	440	mAOC0548	mAOC-SLC40A1	gene	ADT	mAOC-SLC40A1	0.0172136805816345	0.0172136805816345	NA	ok	
Adult_cHSPCs_Ultima_majority_voting	GMP-L	663	mAOC0548	mAOC-SLC40A1	gene	ADT	mAOC-SLC40A1	0.0361537239769533	0.0361537239769533	NA	ok	
Adult_cHSPCs_Ultima_majority_voting	HSC_MPP	8254	mAOC0548	mAOC-SLC40A1	gene	ADT	mAOC-SLC40A1	0.0322113182770671	0.0322113182770671	NA	ok	
Adult_cHSPCs_Ultima_majority_voting	MEBEMP-L	1898	mAOC0548	mAOC-SLC40A1	gene	ADT	mAOC-SLC40A1	0.0255182842796614	0.0255182842796614	NA	ok	
Adult_cHSPCs_Ultima_majority_voting	MKP	565	mAOC0548	mAOC-SLC40A1	gene	ADT	mAOC-SLC40A1	0.0614015018643002	0.0614015018643002	NA	ok	
Adult_cHSPCs_Ultima_majority_voting	Monocyte	195	mAOC0548	mAOC-SLC40A1	gene	ADT	mAOC-SLC40A1	0.105983194750772	0.105983194750772	NA	ok	
Adult_cHSPCs_Ultima_majority_voting	NK/T	116	mAOC0548	mAOC-SLC40A1	gene	ADT	mAOC-SLC40A1	0.206268277706861	0.206268277706861	NA	ok	
Adult_cHSPCs_Ultima_majority_voting	B	652	mAOC0549	mAOC-CD366	gene	ADT	mAOC-CD366	0.281350857258032	0.281350857258032	NA	ok	
Adult_cHSPCs_Ultima_majority_voting	CLP	506	mAOC0549	mAOC-CD366	gene	ADT	mAOC-CD366	1.75838065966258	1.75838065966258	NA	ok	
Adult_cHSPCs_Ultima_majority_voting	ERYP	440	mAOC0549	mAOC-CD366	gene	ADT	mAOC-CD366	0.305523859038766	0.305523859038766	NA	ok	
Adult_cHSPCs_Ultima_majority_voting	GMP-L	663	mAOC0549	mAOC-CD366	gene	ADT	mAOC-CD366	0.41721735597821	0.41721735597821	NA	ok	
Adult_cHSPCs_Ultima_majority_voting	HSC_MPP	8254	mAOC0549	mAOC-CD366	gene	ADT	mAOC-CD366	1.08790504060881	1.08790504060881	NA	ok	
Adult_cHSPCs_Ultima_majority_voting	MEBEMP-L	1898	mAOC0549	mAOC-CD366	gene	ADT	mAOC-CD366	0.274640370156942	0.274640370156942	NA	ok	
Adult_cHSPCs_Ultima_majority_voting	MKP	565	mAOC0549	mAOC-CD366	gene	ADT	mAOC-CD366	0.411730142825178	0.411730142825178	NA	ok	
Adult_cHSPCs_Ultima_majority_voting	Monocyte	195	mAOC0549	mAOC-CD366	gene	ADT	mAOC-CD366	1.23203013539435	1.23203013539435	NA	ok	
Adult_cHSPCs_Ultima_majority_voting	NK/T	116	mAOC0549	mAOC-CD366	gene	ADT	mAOC-CD366	0.816362620851197	0.816362620851197	NA	ok	
Adult_cHSPCs_Ultima_majority_voting	B	652	mAOC0550	mAOC-CD262	gene	ADT	mAOC-CD262	0.0189410428708348	0.0189410428708348	NA	ok	
Adult_cHSPCs_Ultima_majority_voting	CLP	506	mAOC0550	mAOC-CD262	gene	ADT	mAOC-CD262	0.00916570541442507	0.00916570541442507	NA	ok	
Adult_cHSPCs_Ultima_majority_voting	ERYP	440	mAOC0550	mAOC-CD262	gene	ADT	mAOC-CD262	0.0107324718890292	0.0107324718890292	NA	ok	
Adult_cHSPCs_Ultima_majority_voting	GMP-L	663	mAOC0550	mAOC-CD262	gene	ADT	mAOC-CD262	0.0142830365697159	0.0142830365697159	NA	ok	
Adult_cHSPCs_Ultima_majority_voting	HSC_MPP	8254	mAOC0550	mAOC-CD262	gene	ADT	mAOC-CD262	0.0110538493549889	0.0110538493549889	NA	ok	
Adult_cHSPCs_Ultima_majority_voting	MEBEMP-L	1898	mAOC0550	mAOC-CD262	gene	ADT	mAOC-CD262	0.0132061821711976	0.0132061821711976	NA	ok	
Adult_cHSPCs_Ultima_majority_voting	MKP	565	mAOC0550	mAOC-CD262	gene	ADT	mAOC-CD262	0.027948033980117	0.027948033980117	NA	ok	
Adult_cHSPCs_Ultima_majority_voting	Monocyte	195	mAOC0550	mAOC-CD262	gene	ADT	mAOC-CD262	0.0291684371353877	0.0291684371353877	NA	ok	
Adult_cHSPCs_Ultima_majority_voting	NK/T	116	mAOC0550	mAOC-CD262	gene	ADT	mAOC-CD262	0.0987326035441896	0.0987326035441896	NA	ok	
Adult_cHSPCs_Ultima_majority_voting	B	652	mAOC0551	mAOC-CD269	gene	ADT	mAOC-CD269	0.0532068439275493	0.0532068439275493	NA	ok	
Adult_cHSPCs_Ultima_majority_voting	CLP	506	mAOC0551	mAOC-CD269	gene	ADT	mAOC-CD269	0.0330150828091155	0.0330150828091155	NA	ok	
Adult_cHSPCs_Ultima_majority_voting	ERYP	440	mAOC0551	mAOC-CD269	gene	ADT	mAOC-CD269	0.0257091376236287	0.0257091376236287	NA	ok	
Adult_cHSPCs_Ultima_majority_voting	GMP-L	663	mAOC0551	mAOC-CD269	gene	ADT	mAOC-CD269	0.0503491223312766	0.0503491223312766	NA	ok	
Adult_cHSPCs_Ultima_majority_voting	HSC_MPP	8254	mAOC0551	mAOC-CD269	gene	ADT	mAOC-CD269	0.0427162896885484	0.0427162896885484	NA	ok	
Adult_cHSPCs_Ultima_majority_voting	MEBEMP-L	1898	mAOC0551	mAOC-CD269	gene	ADT	mAOC-CD269	0.0309312166032708	0.0309312166032708	NA	ok	
Adult_cHSPCs_Ultima_majority_voting	MKP	565	mAOC0551	mAOC-CD269	gene	ADT	mAOC-CD269	0.0542669518166601	0.0542669518166601	NA	ok	
Adult_cHSPCs_Ultima_majority_voting	Monocyte	195	mAOC0551	mAOC-CD269	gene	ADT	mAOC-CD269	0.108248363706769	0.108248363706769	NA	ok	
Adult_cHSPCs_Ultima_majority_voting	NK/T	116	mAOC0551	mAOC-CD269	gene	ADT	mAOC-CD269	0.232250203888074	0.232250203888074	NA	ok	
Adult_cHSPCs_Ultima_majority_voting	B	652	mAOC0553	mAOC-TSHR	gene	ADT	mAOC-TSHR	0.0103766534325611	0.0103766534325611	NA	ok	
Adult_cHSPCs_Ultima_majority_voting	CLP	506	mAOC0553	mAOC-TSHR	gene	ADT	mAOC-TSHR	0.00384978964553497	0.00384978964553497	NA	ok	
Adult_cHSPCs_Ultima_majority_voting	ERYP	440	mAOC0553	mAOC-TSHR	gene	ADT	mAOC-TSHR	0.00412536355951397	0.00412536355951397	NA	ok	
Adult_cHSPCs_Ultima_majority_voting	GMP-L	663	mAOC0553	mAOC-TSHR	gene	ADT	mAOC-TSHR	0.00828430348936619	0.00828430348936619	NA	ok	
Adult_cHSPCs_Ultima_majority_voting	HSC_MPP	8254	mAOC0553	mAOC-TSHR	gene	ADT	mAOC-TSHR	0.00513292605190493	0.00513292605190493	NA	ok	
Adult_cHSPCs_Ultima_majority_voting	MEBEMP-L	1898	mAOC0553	mAOC-TSHR	gene	ADT	mAOC-TSHR	0.0041832379163648	0.0041832379163648	NA	ok	
Adult_cHSPCs_Ultima_majority_voting	MKP	565	mAOC0553	mAOC-TSHR	gene	ADT	mAOC-TSHR	0.0191216727932716	0.0191216727932716	NA	ok	
Adult_cHSPCs_Ultima_majority_voting	Monocyte	195	mAOC0553	mAOC-TSHR	gene	ADT	mAOC-TSHR	0.0268118710577458	0.0268118710577458	NA	ok	
Adult_cHSPCs_Ultima_majority_voting	NK/T	116	mAOC0553	mAOC-TSHR	gene	ADT	mAOC-TSHR	0.078488304948651	0.078488304948651	NA	ok	
Adult_cHSPCs_Ultima_majority_voting	B	652	mAOC0554	mAOC-CD309	gene	ADT	mAOC-CD309	0.0385643009958111	0.0385643009958111	NA	ok	
Adult_cHSPCs_Ultima_majority_voting	CLP	506	mAOC0554	mAOC-CD309	gene	ADT	mAOC-CD309	0.0157734529174334	0.0157734529174334	NA	ok	
Adult_cHSPCs_Ultima_majority_voting	ERYP	440	mAOC0554	mAOC-CD309	gene	ADT	mAOC-CD309	0.0088288995308675	0.0088288995308675	NA	ok	
Adult_cHSPCs_Ultima_majority_voting	GMP-L	663	mAOC0554	mAOC-CD309	gene	ADT	mAOC-CD309	0.0238599038540928	0.0238599038540928	NA	ok	
Adult_cHSPCs_Ultima_majority_voting	HSC_MPP	8254	mAOC0554	mAOC-CD309	gene	ADT	mAOC-CD309	0.0202245955890123	0.0202245955890123	NA	ok	
Adult_cHSPCs_Ultima_majority_voting	MEBEMP-L	1898	mAOC0554	mAOC-CD309	gene	ADT	mAOC-CD309	0.0186491966432842	0.0186491966432842	NA	ok	
Adult_cHSPCs_Ultima_majority_voting	MKP	565	mAOC0554	mAOC-CD309	gene	ADT	mAOC-CD309	0.0453720581449619	0.0453720581449619	NA	ok	
Adult_cHSPCs_Ultima_majority_voting	Monocyte	195	mAOC0554	mAOC-CD309	gene	ADT	mAOC-CD309	0.0350559361169231	0.0350559361169231	NA	ok	
Adult_cHSPCs_Ultima_majority_voting	NK/T	116	mAOC0554	mAOC-CD309	gene	ADT	mAOC-CD309	0.174871837987134	0.174871837987134	NA	ok	
Adult_cHSPCs_Ultima_majority_voting	B	652	mAOC0555	mAOC-VISTA	gene	ADT	mAOC-VISTA	0.00745637818870395	0.00745637818870395	NA	ok	
Adult_cHSPCs_Ultima_majority_voting	CLP	506	mAOC0555	mAOC-VISTA	gene	ADT	mAOC-VISTA	0.00257093123355655	0.00257093123355655	NA	ok	
Adult_cHSPCs_Ultima_majority_voting	ERYP	440	mAOC0555	mAOC-VISTA	gene	ADT	mAOC-VISTA	0.0045885409315863	0.0045885409315863	NA	ok	
Adult_cHSPCs_Ultima_majority_voting	GMP-L	663	mAOC0555	mAOC-VISTA	gene	ADT	mAOC-VISTA	0.00653041430118598	0.00653041430118598	NA	ok	
Adult_cHSPCs_Ultima_majority_voting	HSC_MPP	8254	mAOC0555	mAOC-VISTA	gene	ADT	mAOC-VISTA	0.00235895338673139	0.00235895338673139	NA	ok	
Adult_cHSPCs_Ultima_majority_voting	MEBEMP-L	1898	mAOC0555	mAOC-VISTA	gene	ADT	mAOC-VISTA	0.00312274153533867	0.00312274153533867	NA	ok	
Adult_cHSPCs_Ultima_majority_voting	MKP	565	mAOC0555	mAOC-VISTA	gene	ADT	mAOC-VISTA	0.00719150313493573	0.00719150313493573	NA	ok	
Adult_cHSPCs_Ultima_majority_voting	Monocyte	195	mAOC0555	mAOC-VISTA	gene	ADT	mAOC-VISTA	0.00862002472363418	0.00862002472363418	NA	ok	
Adult_cHSPCs_Ultima_majority_voting	NK/T	116	mAOC0555	mAOC-VISTA	gene	ADT	mAOC-VISTA	0.0221643182716284	0.0221643182716284	NA	ok	
Adult_cHSPCs_Ultima_majority_voting	B	652	mAOC0556	mAOC-CD197	gene	ADT	mAOC-CD197	0.0163450884041283	0.0163450884041283	NA	ok	
Adult_cHSPCs_Ultima_majority_voting	CLP	506	mAOC0556	mAOC-CD197	gene	ADT	mAOC-CD197	0.00815406694531819	0.00815406694531819	NA	ok	
Adult_cHSPCs_Ultima_majority_voting	ERYP	440	mAOC0556	mAOC-CD197	gene	ADT	mAOC-CD197	0.00896070201198131	0.00896070201198131	NA	ok	
Adult_cHSPCs_Ultima_majority_voting	GMP-L	663	mAOC0556	mAOC-CD197	gene	ADT	mAOC-CD197	0.0161315309127099	0.0161315309127099	NA	ok	
Adult_cHSPCs_Ultima_majority_voting	HSC_MPP	8254	mAOC0556	mAOC-CD197	gene	ADT	mAOC-CD197	0.0138328824457479	0.0138328824457479	NA	ok	
Adult_cHSPCs_Ultima_majority_voting	MEBEMP-L	1898	mAOC0556	mAOC-CD197	gene	ADT	mAOC-CD197	0.0116685572677319	0.0116685572677319	NA	ok	
Adult_cHSPCs_Ultima_majority_voting	MKP	565	mAOC0556	mAOC-CD197	gene	ADT	mAOC-CD197	0.0229643764858652	0.0229643764858652	NA	ok	
Adult_cHSPCs_Ultima_majority_voting	Monocyte	195	mAOC0556	mAOC-CD197	gene	ADT	mAOC-CD197	0.0249725468496633	0.0249725468496633	NA	ok	
Adult_cHSPCs_Ultima_majority_voting	NK/T	116	mAOC0556	mAOC-CD197	gene	ADT	mAOC-CD197	0.0904206028025996	0.0904206028025996	NA	ok	
Adult_cHSPCs_Ultima_majority_voting	B	652	mAOC0561	mAOC-CD32b	gene	ADT	mAOC-CD32b	0.0148888798875421	0.0148888798875421	NA	ok	
Adult_cHSPCs_Ultima_majority_voting	CLP	506	mAOC0561	mAOC-CD32b	gene	ADT	mAOC-CD32b	0.00821796878945838	0.00821796878945838	NA	ok	
Adult_cHSPCs_Ultima_majority_voting	ERYP	440	mAOC0561	mAOC-CD32b	gene	ADT	mAOC-CD32b	0.0103333726120881	0.0103333726120881	NA	ok	
Adult_cHSPCs_Ultima_majority_voting	GMP-L	663	mAOC0561	mAOC-CD32b	gene	ADT	mAOC-CD32b	0.015147001038733	0.015147001038733	NA	ok	
Adult_cHSPCs_Ultima_majority_voting	HSC_MPP	8254	mAOC0561	mAOC-CD32b	gene	ADT	mAOC-CD32b	0.01152946476671	0.01152946476671	NA	ok	
Adult_cHSPCs_Ultima_majority_voting	MEBEMP-L	1898	mAOC0561	mAOC-CD32b	gene	ADT	mAOC-CD32b	0.0109631150978274	0.0109631150978274	NA	ok	
Adult_cHSPCs_Ultima_majority_voting	MKP	565	mAOC0561	mAOC-CD32b	gene	ADT	mAOC-CD32b	0.0346122247337245	0.0346122247337245	NA	ok	
Adult_cHSPCs_Ultima_majority_voting	Monocyte	195	mAOC0561	mAOC-CD32b	gene	ADT	mAOC-CD32b	0.0245568437407377	0.0245568437407377	NA	ok	
Adult_cHSPCs_Ultima_majority_voting	NK/T	116	mAOC0561	mAOC-CD32b	gene	ADT	mAOC-CD32b	0.0618767350206073	0.0618767350206073	NA	ok	
Adult_cHSPCs_Ultima_majority_voting	B	652	mAOC0562	mAOC-CD332	gene	ADT	mAOC-CD332	0.000685577733440647	0.000685577733440647	NA	ok	
Adult_cHSPCs_Ultima_majority_voting	CLP	506	mAOC0562	mAOC-CD332	gene	ADT	mAOC-CD332	0.00018613978038675	0.00018613978038675	NA	ok	
Adult_cHSPCs_Ultima_majority_voting	ERYP	440	mAOC0562	mAOC-CD332	gene	ADT	mAOC-CD332	0	0	NA	ok	
Adult_cHSPCs_Ultima_majority_voting	GMP-L	663	mAOC0562	mAOC-CD332	gene	ADT	mAOC-CD332	3.40759391398433e-05	3.40759391398433e-05	NA	ok	
Adult_cHSPCs_Ultima_majority_voting	HSC_MPP	8254	mAOC0562	mAOC-CD332	gene	ADT	mAOC-CD332	4.02800012404831e-05	4.02800012404831e-05	NA	ok	
Adult_cHSPCs_Ultima_majority_voting	MEBEMP-L	1898	mAOC0562	mAOC-CD332	gene	ADT	mAOC-CD332	3.26674292881376e-05	3.26674292881376e-05	NA	ok	
Adult_cHSPCs_Ultima_majority_voting	MKP	565	mAOC0562	mAOC-CD332	gene	ADT	mAOC-CD332	0.000230720782550329	0.000230720782550329	NA	ok	
Adult_cHSPCs_Ultima_majority_voting	Monocyte	195	mAOC0562	mAOC-CD332	gene	ADT	mAOC-CD332	9.80543499511404e-05	9.80543499511404e-05	NA	ok	
Adult_cHSPCs_Ultima_majority_voting	NK/T	116	mAOC0562	mAOC-CD332	gene	ADT	mAOC-CD332	0.00606309178174694	0.00606309178174694	NA	ok	
Adult_cHSPCs_Ultima_majority_voting	B	652	mAOC0564	mAOC-CD338	gene	ADT	mAOC-CD338	0.00558676981606381	0.00558676981606381	NA	ok	
Adult_cHSPCs_Ultima_majority_voting	CLP	506	mAOC0564	mAOC-CD338	gene	ADT	mAOC-CD338	0.00347833661122032	0.00347833661122032	NA	ok	
Adult_cHSPCs_Ultima_majority_voting	ERYP	440	mAOC0564	mAOC-CD338	gene	ADT	mAOC-CD338	0.00390037373645735	0.00390037373645735	NA	ok	
Adult_cHSPCs_Ultima_majority_voting	GMP-L	663	mAOC0564	mAOC-CD338	gene	ADT	mAOC-CD338	0.00631100830587096	0.00631100830587096	NA	ok	
Adult_cHSPCs_Ultima_majority_voting	HSC_MPP	8254	mAOC0564	mAOC-CD338	gene	ADT	mAOC-CD338	0.00427339656805919	0.00427339656805919	NA	ok	
Adult_cHSPCs_Ultima_majority_voting	MEBEMP-L	1898	mAOC0564	mAOC-CD338	gene	ADT	mAOC-CD338	0.00463384607242278	0.00463384607242278	NA	ok	
Adult_cHSPCs_Ultima_majority_voting	MKP	565	mAOC0564	mAOC-CD338	gene	ADT	mAOC-CD338	0.0156334394339628	0.0156334394339628	NA	ok	
Adult_cHSPCs_Ultima_majority_voting	Monocyte	195	mAOC0564	mAOC-CD338	gene	ADT	mAOC-CD338	0.097685902441506	0.097685902441506	NA	ok	
Adult_cHSPCs_Ultima_majority_voting	NK/T	116	mAOC0564	mAOC-CD338	gene	ADT	mAOC-CD338	0.0221120944324017	0.0221120944324017	NA	ok	
Adult_cHSPCs_Ultima_majority_voting	B	652	mAOC0567	mAOC-CD20	gene	ADT	mAOC-CD20	2.96279255935436	2.96279255935436	NA	ok	
Adult_cHSPCs_Ultima_majority_voting	CLP	506	mAOC0567	mAOC-CD20	gene	ADT	mAOC-CD20	0.260839784429104	0.260839784429104	NA	ok	
Adult_cHSPCs_Ultima_majority_voting	ERYP	440	mAOC0567	mAOC-CD20	gene	ADT	mAOC-CD20	0.0288369523549578	0.0288369523549578	NA	ok	
Adult_cHSPCs_Ultima_majority_voting	GMP-L	663	mAOC0567	mAOC-CD20	gene	ADT	mAOC-CD20	0.123893787005949	0.123893787005949	NA	ok	
Adult_cHSPCs_Ultima_majority_voting	HSC_MPP	8254	mAOC0567	mAOC-CD20	gene	ADT	mAOC-CD20	0.0414324003536319	0.0414324003536319	NA	ok	
Adult_cHSPCs_Ultima_majority_voting	MEBEMP-L	1898	mAOC0567	mAOC-CD20	gene	ADT	mAOC-CD20	0.0316086853610412	0.0316086853610412	NA	ok	
Adult_cHSPCs_Ultima_majority_voting	MKP	565	mAOC0567	mAOC-CD20	gene	ADT	mAOC-CD20	0.0582597537948822	0.0582597537948822	NA	ok	
Adult_cHSPCs_Ultima_majority_voting	Monocyte	195	mAOC0567	mAOC-CD20	gene	ADT	mAOC-CD20	0.411935308793691	0.411935308793691	NA	ok	
Adult_cHSPCs_Ultima_majority_voting	NK/T	116	mAOC0567	mAOC-CD20	gene	ADT	mAOC-CD20	0.668513491314069	0.668513491314069	NA	ok	
Adult_cHSPCs_Ultima_majority_voting	B	652	mAOC0569	mAOC-FZD5	gene	ADT	mAOC-FZD5	0.11002807591983	0.11002807591983	NA	ok	
Adult_cHSPCs_Ultima_majority_voting	CLP	506	mAOC0569	mAOC-FZD5	gene	ADT	mAOC-FZD5	0.269502985109543	0.269502985109543	NA	ok	
Adult_cHSPCs_Ultima_majority_voting	ERYP	440	mAOC0569	mAOC-FZD5	gene	ADT	mAOC-FZD5	0.307107365500544	0.307107365500544	NA	ok	
Adult_cHSPCs_Ultima_majority_voting	GMP-L	663	mAOC0569	mAOC-FZD5	gene	ADT	mAOC-FZD5	0.329005037109454	0.329005037109454	NA	ok	
Adult_cHSPCs_Ultima_majority_voting	HSC_MPP	8254	mAOC0569	mAOC-FZD5	gene	ADT	mAOC-FZD5	0.0964369510545573	0.0964369510545573	NA	ok	
Adult_cHSPCs_Ultima_majority_voting	MEBEMP-L	1898	mAOC0569	mAOC-FZD5	gene	ADT	mAOC-FZD5	0.213326248625299	0.213326248625299	NA	ok	
Adult_cHSPCs_Ultima_majority_voting	MKP	565	mAOC0569	mAOC-FZD5	gene	ADT	mAOC-FZD5	0.16016348703686	0.16016348703686	NA	ok	
Adult_cHSPCs_Ultima_majority_voting	Monocyte	195	mAOC0569	mAOC-FZD5	gene	ADT	mAOC-FZD5	0.956356955366988	0.956356955366988	NA	ok	
Adult_cHSPCs_Ultima_majority_voting	NK/T	116	mAOC0569	mAOC-FZD5	gene	ADT	mAOC-FZD5	0.307435037711179	0.307435037711179	NA	ok	
Adult_cHSPCs_Ultima_majority_voting	B	652	mAOC0570	mAOC-GLP1R	gene	ADT	mAOC-GLP1R	0.0102813710699166	0.0102813710699166	NA	ok	
Adult_cHSPCs_Ultima_majority_voting	CLP	506	mAOC0570	mAOC-GLP1R	gene	ADT	mAOC-GLP1R	0.00220360207496598	0.00220360207496598	NA	ok	
Adult_cHSPCs_Ultima_majority_voting	ERYP	440	mAOC0570	mAOC-GLP1R	gene	ADT	mAOC-GLP1R	0.00153601458170732	0.00153601458170732	NA	ok	
Adult_cHSPCs_Ultima_majority_voting	GMP-L	663	mAOC0570	mAOC-GLP1R	gene	ADT	mAOC-GLP1R	0.00425976083099866	0.00425976083099866	NA	ok	
Adult_cHSPCs_Ultima_majority_voting	HSC_MPP	8254	mAOC0570	mAOC-GLP1R	gene	ADT	mAOC-GLP1R	0.00320290058431695	0.00320290058431695	NA	ok	
Adult_cHSPCs_Ultima_majority_voting	MEBEMP-L	1898	mAOC0570	mAOC-GLP1R	gene	ADT	mAOC-GLP1R	0.00431557388418307	0.00431557388418307	NA	ok	
Adult_cHSPCs_Ultima_majority_voting	MKP	565	mAOC0570	mAOC-GLP1R	gene	ADT	mAOC-GLP1R	0.00588587500236694	0.00588587500236694	NA	ok	
Adult_cHSPCs_Ultima_majority_voting	Monocyte	195	mAOC0570	mAOC-GLP1R	gene	ADT	mAOC-GLP1R	0.0379547447466093	0.0379547447466093	NA	ok	
Adult_cHSPCs_Ultima_majority_voting	NK/T	116	mAOC0570	mAOC-GLP1R	gene	ADT	mAOC-GLP1R	0.0328234974267242	0.0328234974267242	NA	ok	
Adult_cHSPCs_Ultima_majority_voting	B	652	mAOC0576	mAOC-SIGLEC15	gene	ADT	mAOC-SIGLEC15	0.293423734412755	0.293423734412755	NA	ok	
Adult_cHSPCs_Ultima_majority_voting	CLP	506	mAOC0576	mAOC-SIGLEC15	gene	ADT	mAOC-SIGLEC15	0.0956293673675979	0.0956293673675979	NA	ok	
Adult_cHSPCs_Ultima_majority_voting	ERYP	440	mAOC0576	mAOC-SIGLEC15	gene	ADT	mAOC-SIGLEC15	0.0877988280248271	0.0877988280248271	NA	ok	
Adult_cHSPCs_Ultima_majority_voting	GMP-L	663	mAOC0576	mAOC-SIGLEC15	gene	ADT	mAOC-SIGLEC15	0.17525026803934	0.17525026803934	NA	ok	
Adult_cHSPCs_Ultima_majority_voting	HSC_MPP	8254	mAOC0576	mAOC-SIGLEC15	gene	ADT	mAOC-SIGLEC15	0.116934753108867	0.116934753108867	NA	ok	
Adult_cHSPCs_Ultima_majority_voting	MEBEMP-L	1898	mAOC0576	mAOC-SIGLEC15	gene	ADT	mAOC-SIGLEC15	0.0673839951672918	0.0673839951672918	NA	ok	
Adult_cHSPCs_Ultima_majority_voting	MKP	565	mAOC0576	mAOC-SIGLEC15	gene	ADT	mAOC-SIGLEC15	0.154052478138693	0.154052478138693	NA	ok	
Adult_cHSPCs_Ultima_majority_voting	Monocyte	195	mAOC0576	mAOC-SIGLEC15	gene	ADT	mAOC-SIGLEC15	0.947416283227629	0.947416283227629	NA	ok	
Adult_cHSPCs_Ultima_majority_voting	NK/T	116	mAOC0576	mAOC-SIGLEC15	gene	ADT	mAOC-SIGLEC15	0.477899116492281	0.477899116492281	NA	ok	
Adult_cHSPCs_Ultima_majority_voting	B	652	mAOC0580	mAOC-CD202b	gene	ADT	mAOC-CD202b	0.0217464651080692	0.0217464651080692	NA	ok	
Adult_cHSPCs_Ultima_majority_voting	CLP	506	mAOC0580	mAOC-CD202b	gene	ADT	mAOC-CD202b	0.01283118041435	0.01283118041435	NA	ok	
Adult_cHSPCs_Ultima_majority_voting	ERYP	440	mAOC0580	mAOC-CD202b	gene	ADT	mAOC-CD202b	0.0106161321032072	0.0106161321032072	NA	ok	
Adult_cHSPCs_Ultima_majority_voting	GMP-L	663	mAOC0580	mAOC-CD202b	gene	ADT	mAOC-CD202b	0.0235824483925535	0.0235824483925535	NA	ok	
Adult_cHSPCs_Ultima_majority_voting	HSC_MPP	8254	mAOC0580	mAOC-CD202b	gene	ADT	mAOC-CD202b	0.0159767671508902	0.0159767671508902	NA	ok	
Adult_cHSPCs_Ultima_majority_voting	MEBEMP-L	1898	mAOC0580	mAOC-CD202b	gene	ADT	mAOC-CD202b	0.0149401251683613	0.0149401251683613	NA	ok	
Adult_cHSPCs_Ultima_majority_voting	MKP	565	mAOC0580	mAOC-CD202b	gene	ADT	mAOC-CD202b	0.0414727267250502	0.0414727267250502	NA	ok	
Adult_cHSPCs_Ultima_majority_voting	Monocyte	195	mAOC0580	mAOC-CD202b	gene	ADT	mAOC-CD202b	0.0924541434146271	0.0924541434146271	NA	ok	
Adult_cHSPCs_Ultima_majority_voting	NK/T	116	mAOC0580	mAOC-CD202b	gene	ADT	mAOC-CD202b	0.104916434559684	0.104916434559684	NA	ok	
Adult_cHSPCs_Ultima_majority_voting	B	652	mAOC0581	mAOC-CD154	gene	ADT	mAOC-CD154	0.0291821739179724	0.0291821739179724	NA	ok	
Adult_cHSPCs_Ultima_majority_voting	CLP	506	mAOC0581	mAOC-CD154	gene	ADT	mAOC-CD154	0.0100049615891093	0.0100049615891093	NA	ok	
Adult_cHSPCs_Ultima_majority_voting	ERYP	440	mAOC0581	mAOC-CD154	gene	ADT	mAOC-CD154	0.0165921657926133	0.0165921657926133	NA	ok	
Adult_cHSPCs_Ultima_majority_voting	GMP-L	663	mAOC0581	mAOC-CD154	gene	ADT	mAOC-CD154	0.0244087962103916	0.0244087962103916	NA	ok	
Adult_cHSPCs_Ultima_majority_voting	HSC_MPP	8254	mAOC0581	mAOC-CD154	gene	ADT	mAOC-CD154	0.014319424716247	0.014319424716247	NA	ok	
Adult_cHSPCs_Ultima_majority_voting	MEBEMP-L	1898	mAOC0581	mAOC-CD154	gene	ADT	mAOC-CD154	0.0292291924393377	0.0292291924393377	NA	ok	
Adult_cHSPCs_Ultima_majority_voting	MKP	565	mAOC0581	mAOC-CD154	gene	ADT	mAOC-CD154	0.0431105368797673	0.0431105368797673	NA	ok	
Adult_cHSPCs_Ultima_majority_voting	Monocyte	195	mAOC0581	mAOC-CD154	gene	ADT	mAOC-CD154	0.186329382652094	0.186329382652094	NA	ok	
Adult_cHSPCs_Ultima_majority_voting	NK/T	116	mAOC0581	mAOC-CD154	gene	ADT	mAOC-CD154	0.125099533372082	0.125099533372082	NA	ok	
Adult_cHSPCs_Ultima_majority_voting	B	652	mAOC0582	mAOC-CD46	gene	ADT	mAOC-CD46	2.20616817927369	2.20616817927369	NA	ok	
Adult_cHSPCs_Ultima_majority_voting	CLP	506	mAOC0582	mAOC-CD46	gene	ADT	mAOC-CD46	2.60604236645802	2.60604236645802	NA	ok	
Adult_cHSPCs_Ultima_majority_voting	ERYP	440	mAOC0582	mAOC-CD46	gene	ADT	mAOC-CD46	3.39451577761504	3.39451577761504	NA	ok	
Adult_cHSPCs_Ultima_majority_voting	GMP-L	663	mAOC0582	mAOC-CD46	gene	ADT	mAOC-CD46	2.85664471991696	2.85664471991696	NA	ok	
Adult_cHSPCs_Ultima_majority_voting	HSC_MPP	8254	mAOC0582	mAOC-CD46	gene	ADT	mAOC-CD46	2.78161982119359	2.78161982119359	NA	ok	
Adult_cHSPCs_Ultima_majority_voting	MEBEMP-L	1898	mAOC0582	mAOC-CD46	gene	ADT	mAOC-CD46	3.15200457387812	3.15200457387812	NA	ok	
Adult_cHSPCs_Ultima_majority_voting	MKP	565	mAOC0582	mAOC-CD46	gene	ADT	mAOC-CD46	3.15413276519839	3.15413276519839	NA	ok	
Adult_cHSPCs_Ultima_majority_voting	Monocyte	195	mAOC0582	mAOC-CD46	gene	ADT	mAOC-CD46	2.86160453027061	2.86160453027061	NA	ok	
Adult_cHSPCs_Ultima_majority_voting	NK/T	116	mAOC0582	mAOC-CD46	gene	ADT	mAOC-CD46	2.15131845230214	2.15131845230214	NA	ok	
Adult_cHSPCs_Ultima_majority_voting	B	652	mAOC0583	mAOC-CD74	gene	ADT	mAOC-CD74	1.99070938793686	1.99070938793686	NA	ok	
Adult_cHSPCs_Ultima_majority_voting	CLP	506	mAOC0583	mAOC-CD74	gene	ADT	mAOC-CD74	1.13586434002906	1.13586434002906	NA	ok	
Adult_cHSPCs_Ultima_majority_voting	ERYP	440	mAOC0583	mAOC-CD74	gene	ADT	mAOC-CD74	0.250060477251825	0.250060477251825	NA	ok	
Adult_cHSPCs_Ultima_majority_voting	GMP-L	663	mAOC0583	mAOC-CD74	gene	ADT	mAOC-CD74	0.629122535488965	0.629122535488965	NA	ok	
Adult_cHSPCs_Ultima_majority_voting	HSC_MPP	8254	mAOC0583	mAOC-CD74	gene	ADT	mAOC-CD74	0.782089109465776	0.782089109465776	NA	ok	
Adult_cHSPCs_Ultima_majority_voting	MEBEMP-L	1898	mAOC0583	mAOC-CD74	gene	ADT	mAOC-CD74	0.315506713639025	0.315506713639025	NA	ok	
Adult_cHSPCs_Ultima_majority_voting	MKP	565	mAOC0583	mAOC-CD74	gene	ADT	mAOC-CD74	0.253705368108496	0.253705368108496	NA	ok	
Adult_cHSPCs_Ultima_majority_voting	Monocyte	195	mAOC0583	mAOC-CD74	gene	ADT	mAOC-CD74	1.13527991881248	1.13527991881248	NA	ok	
Adult_cHSPCs_Ultima_majority_voting	NK/T	116	mAOC0583	mAOC-CD74	gene	ADT	mAOC-CD74	0.722164505951367	0.722164505951367	NA	ok	
Adult_cHSPCs_Ultima_majority_voting	B	652	mAOC0584	mAOC-CD116	gene	ADT	mAOC-CD116	0.139076693693882	0.139076693693882	NA	ok	
Adult_cHSPCs_Ultima_majority_voting	CLP	506	mAOC0584	mAOC-CD116	gene	ADT	mAOC-CD116	0.800351126084645	0.800351126084645	NA	ok	
Adult_cHSPCs_Ultima_majority_voting	ERYP	440	mAOC0584	mAOC-CD116	gene	ADT	mAOC-CD116	0.12564849355145	0.12564849355145	NA	ok	
Adult_cHSPCs_Ultima_majority_voting	GMP-L	663	mAOC0584	mAOC-CD116	gene	ADT	mAOC-CD116	0.217343700785497	0.217343700785497	NA	ok	
Adult_cHSPCs_Ultima_majority_voting	HSC_MPP	8254	mAOC0584	mAOC-CD116	gene	ADT	mAOC-CD116	0.154437871339332	0.154437871339332	NA	ok	
Adult_cHSPCs_Ultima_majority_voting	MEBEMP-L	1898	mAOC0584	mAOC-CD116	gene	ADT	mAOC-CD116	0.098765567479324	0.098765567479324	NA	ok	
Adult_cHSPCs_Ultima_majority_voting	MKP	565	mAOC0584	mAOC-CD116	gene	ADT	mAOC-CD116	0.124062568307284	0.124062568307284	NA	ok	
Adult_cHSPCs_Ultima_majority_voting	Monocyte	195	mAOC0584	mAOC-CD116	gene	ADT	mAOC-CD116	2.93831365308018	2.93831365308018	NA	ok	
Adult_cHSPCs_Ultima_majority_voting	NK/T	116	mAOC0584	mAOC-CD116	gene	ADT	mAOC-CD116	0.382427766227591	0.382427766227591	NA	ok	
Adult_cHSPCs_Ultima_majority_voting	B	652	mAOC0585	mAOC-FCER1A	gene	ADT	mAOC-FCER1A	0.0265209763731451	0.0265209763731451	NA	ok	
Adult_cHSPCs_Ultima_majority_voting	CLP	506	mAOC0585	mAOC-FCER1A	gene	ADT	mAOC-FCER1A	0.0157628860575459	0.0157628860575459	NA	ok	
Adult_cHSPCs_Ultima_majority_voting	ERYP	440	mAOC0585	mAOC-FCER1A	gene	ADT	mAOC-FCER1A	0.0135007132386801	0.0135007132386801	NA	ok	
Adult_cHSPCs_Ultima_majority_voting	GMP-L	663	mAOC0585	mAOC-FCER1A	gene	ADT	mAOC-FCER1A	0.0166586198890372	0.0166586198890372	NA	ok	
Adult_cHSPCs_Ultima_majority_voting	HSC_MPP	8254	mAOC0585	mAOC-FCER1A	gene	ADT	mAOC-FCER1A	0.0202647813006791	0.0202647813006791	NA	ok	
Adult_cHSPCs_Ultima_majority_voting	MEBEMP-L	1898	mAOC0585	mAOC-FCER1A	gene	ADT	mAOC-FCER1A	0.0190342765630344	0.0190342765630344	NA	ok	
Adult_cHSPCs_Ultima_majority_voting	MKP	565	mAOC0585	mAOC-FCER1A	gene	ADT	mAOC-FCER1A	0.0365570389453983	0.0365570389453983	NA	ok	
Adult_cHSPCs_Ultima_majority_voting	Monocyte	195	mAOC0585	mAOC-FCER1A	gene	ADT	mAOC-FCER1A	0.0595464106306136	0.0595464106306136	NA	ok	
Adult_cHSPCs_Ultima_majority_voting	NK/T	116	mAOC0585	mAOC-FCER1A	gene	ADT	mAOC-FCER1A	0.146606416005356	0.146606416005356	NA	ok	
Adult_cHSPCs_Ultima_majority_voting	B	652	mAOC0586	mAOC-CD50	gene	ADT	mAOC-CD50	0.0202146648657087	0.0202146648657087	NA	ok	
Adult_cHSPCs_Ultima_majority_voting	CLP	506	mAOC0586	mAOC-CD50	gene	ADT	mAOC-CD50	0.018858985627874	0.018858985627874	NA	ok	
Adult_cHSPCs_Ultima_majority_voting	ERYP	440	mAOC0586	mAOC-CD50	gene	ADT	mAOC-CD50	0.014644466876755	0.014644466876755	NA	ok	
Adult_cHSPCs_Ultima_majority_voting	GMP-L	663	mAOC0586	mAOC-CD50	gene	ADT	mAOC-CD50	0.0152706155082724	0.0152706155082724	NA	ok	
Adult_cHSPCs_Ultima_majority_voting	HSC_MPP	8254	mAOC0586	mAOC-CD50	gene	ADT	mAOC-CD50	0.016285313775245	0.016285313775245	NA	ok	
Adult_cHSPCs_Ultima_majority_voting	MEBEMP-L	1898	mAOC0586	mAOC-CD50	gene	ADT	mAOC-CD50	0.0185903695026069	0.0185903695026069	NA	ok	
Adult_cHSPCs_Ultima_majority_voting	MKP	565	mAOC0586	mAOC-CD50	gene	ADT	mAOC-CD50	0.0371721539869059	0.0371721539869059	NA	ok	
Adult_cHSPCs_Ultima_majority_voting	Monocyte	195	mAOC0586	mAOC-CD50	gene	ADT	mAOC-CD50	0.0269156194985004	0.0269156194985004	NA	ok	
Adult_cHSPCs_Ultima_majority_voting	NK/T	116	mAOC0586	mAOC-CD50	gene	ADT	mAOC-CD50	0.132876602810056	0.132876602810056	NA	ok	
Adult_cHSPCs_Ultima_majority_voting	B	652	mAOC0587	mAOC-CD210b	gene	ADT	mAOC-CD210b	0.0429139238555282	0.0429139238555282	NA	ok	
Adult_cHSPCs_Ultima_majority_voting	CLP	506	mAOC0587	mAOC-CD210b	gene	ADT	mAOC-CD210b	0.0197790437823799	0.0197790437823799	NA	ok	
Adult_cHSPCs_Ultima_majority_voting	ERYP	440	mAOC0587	mAOC-CD210b	gene	ADT	mAOC-CD210b	0.0133799951603262	0.0133799951603262	NA	ok	
Adult_cHSPCs_Ultima_majority_voting	GMP-L	663	mAOC0587	mAOC-CD210b	gene	ADT	mAOC-CD210b	0.0287459525941032	0.0287459525941032	NA	ok	
Adult_cHSPCs_Ultima_majority_voting	HSC_MPP	8254	mAOC0587	mAOC-CD210b	gene	ADT	mAOC-CD210b	0.02560366912849	0.02560366912849	NA	ok	
Adult_cHSPCs_Ultima_majority_voting	MEBEMP-L	1898	mAOC0587	mAOC-CD210b	gene	ADT	mAOC-CD210b	0.0235966417990925	0.0235966417990925	NA	ok	
Adult_cHSPCs_Ultima_majority_voting	MKP	565	mAOC0587	mAOC-CD210b	gene	ADT	mAOC-CD210b	0.0459648248845093	0.0459648248845093	NA	ok	
Adult_cHSPCs_Ultima_majority_voting	Monocyte	195	mAOC0587	mAOC-CD210b	gene	ADT	mAOC-CD210b	0.077962041670924	0.077962041670924	NA	ok	
Adult_cHSPCs_Ultima_majority_voting	NK/T	116	mAOC0587	mAOC-CD210b	gene	ADT	mAOC-CD210b	0.184103200936326	0.184103200936326	NA	ok	
Adult_cHSPCs_Ultima_majority_voting	B	652	mAOC0588	mAOC-CD218a	gene	ADT	mAOC-CD218a	0.0325073877088784	0.0325073877088784	NA	ok	
Adult_cHSPCs_Ultima_majority_voting	CLP	506	mAOC0588	mAOC-CD218a	gene	ADT	mAOC-CD218a	0.027557185318735	0.027557185318735	NA	ok	
Adult_cHSPCs_Ultima_majority_voting	ERYP	440	mAOC0588	mAOC-CD218a	gene	ADT	mAOC-CD218a	0.018532774665019	0.018532774665019	NA	ok	
Adult_cHSPCs_Ultima_majority_voting	GMP-L	663	mAOC0588	mAOC-CD218a	gene	ADT	mAOC-CD218a	0.0339133492079396	0.0339133492079396	NA	ok	
Adult_cHSPCs_Ultima_majority_voting	HSC_MPP	8254	mAOC0588	mAOC-CD218a	gene	ADT	mAOC-CD218a	0.0451630189465128	0.0451630189465128	NA	ok	
Adult_cHSPCs_Ultima_majority_voting	MEBEMP-L	1898	mAOC0588	mAOC-CD218a	gene	ADT	mAOC-CD218a	0.0255773639171939	0.0255773639171939	NA	ok	
Adult_cHSPCs_Ultima_majority_voting	MKP	565	mAOC0588	mAOC-CD218a	gene	ADT	mAOC-CD218a	0.061958416430553	0.061958416430553	NA	ok	
Adult_cHSPCs_Ultima_majority_voting	Monocyte	195	mAOC0588	mAOC-CD218a	gene	ADT	mAOC-CD218a	0.0579708198619792	0.0579708198619792	NA	ok	
Adult_cHSPCs_Ultima_majority_voting	NK/T	116	mAOC0588	mAOC-CD218a	gene	ADT	mAOC-CD218a	0.171374131864053	0.171374131864053	NA	ok	
Adult_cHSPCs_Ultima_majority_voting	B	652	mAOC0589	mAOC-IL1RAP	gene	ADT	mAOC-IL1RAP	0.0128426089353371	0.0128426089353371	NA	ok	
Adult_cHSPCs_Ultima_majority_voting	CLP	506	mAOC0589	mAOC-IL1RAP	gene	ADT	mAOC-IL1RAP	0.00515969282466249	0.00515969282466249	NA	ok	
Adult_cHSPCs_Ultima_majority_voting	ERYP	440	mAOC0589	mAOC-IL1RAP	gene	ADT	mAOC-IL1RAP	0.00825414556407999	0.00825414556407999	NA	ok	
Adult_cHSPCs_Ultima_majority_voting	GMP-L	663	mAOC0589	mAOC-IL1RAP	gene	ADT	mAOC-IL1RAP	0.0119282865545015	0.0119282865545015	NA	ok	
Adult_cHSPCs_Ultima_majority_voting	HSC_MPP	8254	mAOC0589	mAOC-IL1RAP	gene	ADT	mAOC-IL1RAP	0.0101565053301194	0.0101565053301194	NA	ok	
Adult_cHSPCs_Ultima_majority_voting	MEBEMP-L	1898	mAOC0589	mAOC-IL1RAP	gene	ADT	mAOC-IL1RAP	0.00867704196798764	0.00867704196798764	NA	ok	
Adult_cHSPCs_Ultima_majority_voting	MKP	565	mAOC0589	mAOC-IL1RAP	gene	ADT	mAOC-IL1RAP	0.0287765668560553	0.0287765668560553	NA	ok	
Adult_cHSPCs_Ultima_majority_voting	Monocyte	195	mAOC0589	mAOC-IL1RAP	gene	ADT	mAOC-IL1RAP	0.273602431088548	0.273602431088548	NA	ok	
Adult_cHSPCs_Ultima_majority_voting	NK/T	116	mAOC0589	mAOC-IL1RAP	gene	ADT	mAOC-IL1RAP	0.0650199190896027	0.0650199190896027	NA	ok	
Adult_cHSPCs_Ultima_majority_voting	B	652	mAOC0590	mAOC-CD360	gene	ADT	mAOC-CD360	0.0499276319598577	0.0499276319598577	NA	ok	
Adult_cHSPCs_Ultima_majority_voting	CLP	506	mAOC0590	mAOC-CD360	gene	ADT	mAOC-CD360	0.0241908385397443	0.0241908385397443	NA	ok	
Adult_cHSPCs_Ultima_majority_voting	ERYP	440	mAOC0590	mAOC-CD360	gene	ADT	mAOC-CD360	0.012191981738872	0.012191981738872	NA	ok	
Adult_cHSPCs_Ultima_majority_voting	GMP-L	663	mAOC0590	mAOC-CD360	gene	ADT	mAOC-CD360	0.0239537094141977	0.0239537094141977	NA	ok	
Adult_cHSPCs_Ultima_majority_voting	HSC_MPP	8254	mAOC0590	mAOC-CD360	gene	ADT	mAOC-CD360	0.0262527184433145	0.0262527184433145	NA	ok	
Adult_cHSPCs_Ultima_majority_voting	MEBEMP-L	1898	mAOC0590	mAOC-CD360	gene	ADT	mAOC-CD360	0.0171670546927984	0.0171670546927984	NA	ok	
Adult_cHSPCs_Ultima_majority_voting	MKP	565	mAOC0590	mAOC-CD360	gene	ADT	mAOC-CD360	0.0463235692731114	0.0463235692731114	NA	ok	
Adult_cHSPCs_Ultima_majority_voting	Monocyte	195	mAOC0590	mAOC-CD360	gene	ADT	mAOC-CD360	0.686270382361624	0.686270382361624	NA	ok	
Adult_cHSPCs_Ultima_majority_voting	NK/T	116	mAOC0590	mAOC-CD360	gene	ADT	mAOC-CD360	0.179219882795229	0.179219882795229	NA	ok	
Adult_cHSPCs_Ultima_majority_voting	B	652	mAOC0591	mAOC-CD85f	gene	ADT	mAOC-CD85f	0.0458001780213486	0.0458001780213486	NA	ok	
Adult_cHSPCs_Ultima_majority_voting	CLP	506	mAOC0591	mAOC-CD85f	gene	ADT	mAOC-CD85f	0.0441385908869599	0.0441385908869599	NA	ok	
Adult_cHSPCs_Ultima_majority_voting	ERYP	440	mAOC0591	mAOC-CD85f	gene	ADT	mAOC-CD85f	0.0185100077360064	0.0185100077360064	NA	ok	
Adult_cHSPCs_Ultima_majority_voting	GMP-L	663	mAOC0591	mAOC-CD85f	gene	ADT	mAOC-CD85f	0.0364944031292096	0.0364944031292096	NA	ok	
Adult_cHSPCs_Ultima_majority_voting	HSC_MPP	8254	mAOC0591	mAOC-CD85f	gene	ADT	mAOC-CD85f	0.0284603119529838	0.0284603119529838	NA	ok	
Adult_cHSPCs_Ultima_majority_voting	MEBEMP-L	1898	mAOC0591	mAOC-CD85f	gene	ADT	mAOC-CD85f	0.0173309477892952	0.0173309477892952	NA	ok	
Adult_cHSPCs_Ultima_majority_voting	MKP	565	mAOC0591	mAOC-CD85f	gene	ADT	mAOC-CD85f	0.0581639112763216	0.0581639112763216	NA	ok	
Adult_cHSPCs_Ultima_majority_voting	Monocyte	195	mAOC0591	mAOC-CD85f	gene	ADT	mAOC-CD85f	1.52399215426676	1.52399215426676	NA	ok	
Adult_cHSPCs_Ultima_majority_voting	NK/T	116	mAOC0591	mAOC-CD85f	gene	ADT	mAOC-CD85f	0.227234794694572	0.227234794694572	NA	ok	
Adult_cHSPCs_Ultima_majority_voting	B	652	mAOC0592	mAOC-CD85a	gene	ADT	mAOC-CD85a	0.0317088475582185	0.0317088475582185	NA	ok	
Adult_cHSPCs_Ultima_majority_voting	CLP	506	mAOC0592	mAOC-CD85a	gene	ADT	mAOC-CD85a	0.0466883488529129	0.0466883488529129	NA	ok	
Adult_cHSPCs_Ultima_majority_voting	ERYP	440	mAOC0592	mAOC-CD85a	gene	ADT	mAOC-CD85a	0.0211318092068903	0.0211318092068903	NA	ok	
Adult_cHSPCs_Ultima_majority_voting	GMP-L	663	mAOC0592	mAOC-CD85a	gene	ADT	mAOC-CD85a	0.0265465461271027	0.0265465461271027	NA	ok	
Adult_cHSPCs_Ultima_majority_voting	HSC_MPP	8254	mAOC0592	mAOC-CD85a	gene	ADT	mAOC-CD85a	0.019166114757836	0.019166114757836	NA	ok	
Adult_cHSPCs_Ultima_majority_voting	MEBEMP-L	1898	mAOC0592	mAOC-CD85a	gene	ADT	mAOC-CD85a	0.0151638632042338	0.0151638632042338	NA	ok	
Adult_cHSPCs_Ultima_majority_voting	MKP	565	mAOC0592	mAOC-CD85a	gene	ADT	mAOC-CD85a	0.0374857787725113	0.0374857787725113	NA	ok	
Adult_cHSPCs_Ultima_majority_voting	Monocyte	195	mAOC0592	mAOC-CD85a	gene	ADT	mAOC-CD85a	1.53950522309556	1.53950522309556	NA	ok	
Adult_cHSPCs_Ultima_majority_voting	NK/T	116	mAOC0592	mAOC-CD85a	gene	ADT	mAOC-CD85a	0.151638326495321	0.151638326495321	NA	ok	
Adult_cHSPCs_Ultima_majority_voting	B	652	mAOC0593	mAOC-CD6	gene	ADT	mAOC-CD6	0.0788930289593983	0.0788930289593983	NA	ok	
Adult_cHSPCs_Ultima_majority_voting	CLP	506	mAOC0593	mAOC-CD6	gene	ADT	mAOC-CD6	0.0127222361120578	0.0127222361120578	NA	ok	
Adult_cHSPCs_Ultima_majority_voting	ERYP	440	mAOC0593	mAOC-CD6	gene	ADT	mAOC-CD6	0.00911962222972407	0.00911962222972407	NA	ok	
Adult_cHSPCs_Ultima_majority_voting	GMP-L	663	mAOC0593	mAOC-CD6	gene	ADT	mAOC-CD6	0.0190470466120149	0.0190470466120149	NA	ok	
Adult_cHSPCs_Ultima_majority_voting	HSC_MPP	8254	mAOC0593	mAOC-CD6	gene	ADT	mAOC-CD6	0.0206076036823066	0.0206076036823066	NA	ok	
Adult_cHSPCs_Ultima_majority_voting	MEBEMP-L	1898	mAOC0593	mAOC-CD6	gene	ADT	mAOC-CD6	0.0111340855801251	0.0111340855801251	NA	ok	
Adult_cHSPCs_Ultima_majority_voting	MKP	565	mAOC0593	mAOC-CD6	gene	ADT	mAOC-CD6	0.0325107968890917	0.0325107968890917	NA	ok	
Adult_cHSPCs_Ultima_majority_voting	Monocyte	195	mAOC0593	mAOC-CD6	gene	ADT	mAOC-CD6	0.0484086124770231	0.0484086124770231	NA	ok	
Adult_cHSPCs_Ultima_majority_voting	NK/T	116	mAOC0593	mAOC-CD6	gene	ADT	mAOC-CD6	0.535948543237548	0.535948543237548	NA	ok	
Adult_cHSPCs_Ultima_majority_voting	B	652	mAOC0598	mAOC-CD89	gene	ADT	mAOC-CD89	0.217117154675768	0.217117154675768	NA	ok	
Adult_cHSPCs_Ultima_majority_voting	CLP	506	mAOC0598	mAOC-CD89	gene	ADT	mAOC-CD89	0.149791568630866	0.149791568630866	NA	ok	
Adult_cHSPCs_Ultima_majority_voting	ERYP	440	mAOC0598	mAOC-CD89	gene	ADT	mAOC-CD89	0.159353283730619	0.159353283730619	NA	ok	
Adult_cHSPCs_Ultima_majority_voting	GMP-L	663	mAOC0598	mAOC-CD89	gene	ADT	mAOC-CD89	0.162056804621886	0.162056804621886	NA	ok	
Adult_cHSPCs_Ultima_majority_voting	HSC_MPP	8254	mAOC0598	mAOC-CD89	gene	ADT	mAOC-CD89	0.161221730915571	0.161221730915571	NA	ok	
Adult_cHSPCs_Ultima_majority_voting	MEBEMP-L	1898	mAOC0598	mAOC-CD89	gene	ADT	mAOC-CD89	0.141654803458593	0.141654803458593	NA	ok	
Adult_cHSPCs_Ultima_majority_voting	MKP	565	mAOC0598	mAOC-CD89	gene	ADT	mAOC-CD89	0.223499843010588	0.223499843010588	NA	ok	
Adult_cHSPCs_Ultima_majority_voting	Monocyte	195	mAOC0598	mAOC-CD89	gene	ADT	mAOC-CD89	0.335692026616422	0.335692026616422	NA	ok	
Adult_cHSPCs_Ultima_majority_voting	NK/T	116	mAOC0598	mAOC-CD89	gene	ADT	mAOC-CD89	0.516983929187425	0.516983929187425	NA	ok	
Adult_cHSPCs_Ultima_majority_voting	B	652	mAOC0599	mAOC-CD23	gene	ADT	mAOC-CD23	0.00127926881322207	0.00127926881322207	NA	ok	
Adult_cHSPCs_Ultima_majority_voting	CLP	506	mAOC0599	mAOC-CD23	gene	ADT	mAOC-CD23	0.00062998012747142	0.00062998012747142	NA	ok	
Adult_cHSPCs_Ultima_majority_voting	ERYP	440	mAOC0599	mAOC-CD23	gene	ADT	mAOC-CD23	0.012072744385378	0.012072744385378	NA	ok	
Adult_cHSPCs_Ultima_majority_voting	GMP-L	663	mAOC0599	mAOC-CD23	gene	ADT	mAOC-CD23	0.00227467981735616	0.00227467981735616	NA	ok	
Adult_cHSPCs_Ultima_majority_voting	HSC_MPP	8254	mAOC0599	mAOC-CD23	gene	ADT	mAOC-CD23	0.000812629297773761	0.000812629297773761	NA	ok	
Adult_cHSPCs_Ultima_majority_voting	MEBEMP-L	1898	mAOC0599	mAOC-CD23	gene	ADT	mAOC-CD23	0.00239965579686056	0.00239965579686056	NA	ok	
Adult_cHSPCs_Ultima_majority_voting	MKP	565	mAOC0599	mAOC-CD23	gene	ADT	mAOC-CD23	0.0100662038517711	0.0100662038517711	NA	ok	
Adult_cHSPCs_Ultima_majority_voting	Monocyte	195	mAOC0599	mAOC-CD23	gene	ADT	mAOC-CD23	0.00171402431346593	0.00171402431346593	NA	ok	
Adult_cHSPCs_Ultima_majority_voting	NK/T	116	mAOC0599	mAOC-CD23	gene	ADT	mAOC-CD23	0.00863215930278205	0.00863215930278205	NA	ok	
Adult_cHSPCs_Ultima_majority_voting	B	652	mAOC0600	mAOC-CD316	gene	ADT	mAOC-CD316	0.0641737222150012	0.0641737222150012	NA	ok	
Adult_cHSPCs_Ultima_majority_voting	CLP	506	mAOC0600	mAOC-CD316	gene	ADT	mAOC-CD316	0.0384941396726038	0.0384941396726038	NA	ok	
Adult_cHSPCs_Ultima_majority_voting	ERYP	440	mAOC0600	mAOC-CD316	gene	ADT	mAOC-CD316	0.0365285037780642	0.0365285037780642	NA	ok	
Adult_cHSPCs_Ultima_majority_voting	GMP-L	663	mAOC0600	mAOC-CD316	gene	ADT	mAOC-CD316	0.0578323312156074	0.0578323312156074	NA	ok	
Adult_cHSPCs_Ultima_majority_voting	HSC_MPP	8254	mAOC0600	mAOC-CD316	gene	ADT	mAOC-CD316	0.0482711101876631	0.0482711101876631	NA	ok	
Adult_cHSPCs_Ultima_majority_voting	MEBEMP-L	1898	mAOC0600	mAOC-CD316	gene	ADT	mAOC-CD316	0.0412600913851318	0.0412600913851318	NA	ok	
Adult_cHSPCs_Ultima_majority_voting	MKP	565	mAOC0600	mAOC-CD316	gene	ADT	mAOC-CD316	0.0679809637846278	0.0679809637846278	NA	ok	
Adult_cHSPCs_Ultima_majority_voting	Monocyte	195	mAOC0600	mAOC-CD316	gene	ADT	mAOC-CD316	0.0891378615059957	0.0891378615059957	NA	ok	
Adult_cHSPCs_Ultima_majority_voting	NK/T	116	mAOC0600	mAOC-CD316	gene	ADT	mAOC-CD316	0.251606534190579	0.251606534190579	NA	ok	
Adult_cHSPCs_Ultima_majority_voting	B	652	mAOC0601	mAOC-CD126	gene	ADT	mAOC-CD126	0.0573568438615183	0.0573568438615183	NA	ok	
Adult_cHSPCs_Ultima_majority_voting	CLP	506	mAOC0601	mAOC-CD126	gene	ADT	mAOC-CD126	0.615572567337561	0.615572567337561	NA	ok	
Adult_cHSPCs_Ultima_majority_voting	ERYP	440	mAOC0601	mAOC-CD126	gene	ADT	mAOC-CD126	0.0226566687453698	0.0226566687453698	NA	ok	
Adult_cHSPCs_Ultima_majority_voting	GMP-L	663	mAOC0601	mAOC-CD126	gene	ADT	mAOC-CD126	0.477307722475687	0.477307722475687	NA	ok	
Adult_cHSPCs_Ultima_majority_voting	HSC_MPP	8254	mAOC0601	mAOC-CD126	gene	ADT	mAOC-CD126	0.196427257456448	0.196427257456448	NA	ok	
Adult_cHSPCs_Ultima_majority_voting	MEBEMP-L	1898	mAOC0601	mAOC-CD126	gene	ADT	mAOC-CD126	0.017148245322057	0.017148245322057	NA	ok	
Adult_cHSPCs_Ultima_majority_voting	MKP	565	mAOC0601	mAOC-CD126	gene	ADT	mAOC-CD126	0.100104518420725	0.100104518420725	NA	ok	
Adult_cHSPCs_Ultima_majority_voting	Monocyte	195	mAOC0601	mAOC-CD126	gene	ADT	mAOC-CD126	0.342192142151794	0.342192142151794	NA	ok	
Adult_cHSPCs_Ultima_majority_voting	NK/T	116	mAOC0601	mAOC-CD126	gene	ADT	mAOC-CD126	0.285955072310089	0.285955072310089	NA	ok	
Adult_cHSPCs_Ultima_majority_voting	B	652	mAOC0602	mAOC-CD132	gene	ADT	mAOC-CD132	0.0366623178393952	0.0366623178393952	NA	ok	
Adult_cHSPCs_Ultima_majority_voting	CLP	506	mAOC0602	mAOC-CD132	gene	ADT	mAOC-CD132	0.243562274969012	0.243562274969012	NA	ok	
Adult_cHSPCs_Ultima_majority_voting	ERYP	440	mAOC0602	mAOC-CD132	gene	ADT	mAOC-CD132	0.0137778159055429	0.0137778159055429	NA	ok	
Adult_cHSPCs_Ultima_majority_voting	GMP-L	663	mAOC0602	mAOC-CD132	gene	ADT	mAOC-CD132	0.118604220389585	0.118604220389585	NA	ok	
Adult_cHSPCs_Ultima_majority_voting	HSC_MPP	8254	mAOC0602	mAOC-CD132	gene	ADT	mAOC-CD132	0.145561077726497	0.145561077726497	NA	ok	
Adult_cHSPCs_Ultima_majority_voting	MEBEMP-L	1898	mAOC0602	mAOC-CD132	gene	ADT	mAOC-CD132	0.0124511550750463	0.0124511550750463	NA	ok	
Adult_cHSPCs_Ultima_majority_voting	MKP	565	mAOC0602	mAOC-CD132	gene	ADT	mAOC-CD132	0.0351534822155518	0.0351534822155518	NA	ok	
Adult_cHSPCs_Ultima_majority_voting	Monocyte	195	mAOC0602	mAOC-CD132	gene	ADT	mAOC-CD132	0.0506055996874974	0.0506055996874974	NA	ok	
Adult_cHSPCs_Ultima_majority_voting	NK/T	116	mAOC0602	mAOC-CD132	gene	ADT	mAOC-CD132	0.209157234132942	0.209157234132942	NA	ok	
Adult_cHSPCs_Ultima_majority_voting	B	652	mAOC0603	mAOC-CD130	gene	ADT	mAOC-CD130	0.0467177624148901	0.0467177624148901	NA	ok	
Adult_cHSPCs_Ultima_majority_voting	CLP	506	mAOC0603	mAOC-CD130	gene	ADT	mAOC-CD130	0.015676521840795	0.015676521840795	NA	ok	
Adult_cHSPCs_Ultima_majority_voting	ERYP	440	mAOC0603	mAOC-CD130	gene	ADT	mAOC-CD130	0.0223129438123446	0.0223129438123446	NA	ok	
Adult_cHSPCs_Ultima_majority_voting	GMP-L	663	mAOC0603	mAOC-CD130	gene	ADT	mAOC-CD130	0.0318833403805722	0.0318833403805722	NA	ok	
Adult_cHSPCs_Ultima_majority_voting	HSC_MPP	8254	mAOC0603	mAOC-CD130	gene	ADT	mAOC-CD130	0.0545891336992286	0.0545891336992286	NA	ok	
Adult_cHSPCs_Ultima_majority_voting	MEBEMP-L	1898	mAOC0603	mAOC-CD130	gene	ADT	mAOC-CD130	0.301567770098698	0.301567770098698	NA	ok	
Adult_cHSPCs_Ultima_majority_voting	MKP	565	mAOC0603	mAOC-CD130	gene	ADT	mAOC-CD130	0.211482252596057	0.211482252596057	NA	ok	
Adult_cHSPCs_Ultima_majority_voting	Monocyte	195	mAOC0603	mAOC-CD130	gene	ADT	mAOC-CD130	0.234260731212596	0.234260731212596	NA	ok	
Adult_cHSPCs_Ultima_majority_voting	NK/T	116	mAOC0603	mAOC-CD130	gene	ADT	mAOC-CD130	0.268066056945134	0.268066056945134	NA	ok	
Adult_cHSPCs_Ultima_majority_voting	B	652	mAOC0604	mAOC-CD127	gene	ADT	mAOC-CD127	0.0121802645463201	0.0121802645463201	NA	ok	
Adult_cHSPCs_Ultima_majority_voting	CLP	506	mAOC0604	mAOC-CD127	gene	ADT	mAOC-CD127	0.00407725383864061	0.00407725383864061	NA	ok	
Adult_cHSPCs_Ultima_majority_voting	ERYP	440	mAOC0604	mAOC-CD127	gene	ADT	mAOC-CD127	0.00587019380324571	0.00587019380324571	NA	ok	
Adult_cHSPCs_Ultima_majority_voting	GMP-L	663	mAOC0604	mAOC-CD127	gene	ADT	mAOC-CD127	0.00812046118585118	0.00812046118585118	NA	ok	
Adult_cHSPCs_Ultima_majority_voting	HSC_MPP	8254	mAOC0604	mAOC-CD127	gene	ADT	mAOC-CD127	0.00680712657850237	0.00680712657850237	NA	ok	
Adult_cHSPCs_Ultima_majority_voting	MEBEMP-L	1898	mAOC0604	mAOC-CD127	gene	ADT	mAOC-CD127	0.00787698076540449	0.00787698076540449	NA	ok	
Adult_cHSPCs_Ultima_majority_voting	MKP	565	mAOC0604	mAOC-CD127	gene	ADT	mAOC-CD127	0.0175498225945984	0.0175498225945984	NA	ok	
Adult_cHSPCs_Ultima_majority_voting	Monocyte	195	mAOC0604	mAOC-CD127	gene	ADT	mAOC-CD127	0.0217469790903964	0.0217469790903964	NA	ok	
Adult_cHSPCs_Ultima_majority_voting	NK/T	116	mAOC0604	mAOC-CD127	gene	ADT	mAOC-CD127	0.0574047532489048	0.0574047532489048	NA	ok	
Adult_cHSPCs_Ultima_majority_voting	B	652	mAOC0605	mAOC-CD158k	gene	ADT	mAOC-CD158k	0.149126586840113	0.149126586840113	NA	ok	
Adult_cHSPCs_Ultima_majority_voting	CLP	506	mAOC0605	mAOC-CD158k	gene	ADT	mAOC-CD158k	0.0683413000209058	0.0683413000209058	NA	ok	
Adult_cHSPCs_Ultima_majority_voting	ERYP	440	mAOC0605	mAOC-CD158k	gene	ADT	mAOC-CD158k	0.0293245680968517	0.0293245680968517	NA	ok	
Adult_cHSPCs_Ultima_majority_voting	GMP-L	663	mAOC0605	mAOC-CD158k	gene	ADT	mAOC-CD158k	0.0724977202312133	0.0724977202312133	NA	ok	
Adult_cHSPCs_Ultima_majority_voting	HSC_MPP	8254	mAOC0605	mAOC-CD158k	gene	ADT	mAOC-CD158k	0.0748426432292038	0.0748426432292038	NA	ok	
Adult_cHSPCs_Ultima_majority_voting	MEBEMP-L	1898	mAOC0605	mAOC-CD158k	gene	ADT	mAOC-CD158k	0.047296704552207	0.047296704552207	NA	ok	
Adult_cHSPCs_Ultima_majority_voting	MKP	565	mAOC0605	mAOC-CD158k	gene	ADT	mAOC-CD158k	0.113268173674218	0.113268173674218	NA	ok	
Adult_cHSPCs_Ultima_majority_voting	Monocyte	195	mAOC0605	mAOC-CD158k	gene	ADT	mAOC-CD158k	0.376674940504308	0.376674940504308	NA	ok	
Adult_cHSPCs_Ultima_majority_voting	NK/T	116	mAOC0605	mAOC-CD158k	gene	ADT	mAOC-CD158k	0.386416459459082	0.386416459459082	NA	ok	
Adult_cHSPCs_Ultima_majority_voting	B	652	mAOC0606	mAOC-CD98	gene	ADT	mAOC-CD98	0.333179713432096	0.333179713432096	NA	ok	
Adult_cHSPCs_Ultima_majority_voting	CLP	506	mAOC0606	mAOC-CD98	gene	ADT	mAOC-CD98	0.625894105527218	0.625894105527218	NA	ok	
Adult_cHSPCs_Ultima_majority_voting	ERYP	440	mAOC0606	mAOC-CD98	gene	ADT	mAOC-CD98	1.53087846958975	1.53087846958975	NA	ok	
Adult_cHSPCs_Ultima_majority_voting	GMP-L	663	mAOC0606	mAOC-CD98	gene	ADT	mAOC-CD98	1.21724409840432	1.21724409840432	NA	ok	
Adult_cHSPCs_Ultima_majority_voting	HSC_MPP	8254	mAOC0606	mAOC-CD98	gene	ADT	mAOC-CD98	0.797094904935844	0.797094904935844	NA	ok	
Adult_cHSPCs_Ultima_majority_voting	MEBEMP-L	1898	mAOC0606	mAOC-CD98	gene	ADT	mAOC-CD98	1.15318128461004	1.15318128461004	NA	ok	
Adult_cHSPCs_Ultima_majority_voting	MKP	565	mAOC0606	mAOC-CD98	gene	ADT	mAOC-CD98	1.34427402513929	1.34427402513929	NA	ok	
Adult_cHSPCs_Ultima_majority_voting	Monocyte	195	mAOC0606	mAOC-CD98	gene	ADT	mAOC-CD98	0.805720606408038	0.805720606408038	NA	ok	
Adult_cHSPCs_Ultima_majority_voting	NK/T	116	mAOC0606	mAOC-CD98	gene	ADT	mAOC-CD98	0.242150911432262	0.242150911432262	NA	ok	
Adult_cHSPCs_Ultima_majority_voting	B	652	mAOC0607	mAOC-TGFBR2	gene	ADT	mAOC-TGFBR2	0.0537671761049594	0.0537671761049594	NA	ok	
Adult_cHSPCs_Ultima_majority_voting	CLP	506	mAOC0607	mAOC-TGFBR2	gene	ADT	mAOC-TGFBR2	0.0329100802933763	0.0329100802933763	NA	ok	
Adult_cHSPCs_Ultima_majority_voting	ERYP	440	mAOC0607	mAOC-TGFBR2	gene	ADT	mAOC-TGFBR2	0.0177849385702143	0.0177849385702143	NA	ok	
Adult_cHSPCs_Ultima_majority_voting	GMP-L	663	mAOC0607	mAOC-TGFBR2	gene	ADT	mAOC-TGFBR2	0.0434487928317498	0.0434487928317498	NA	ok	
Adult_cHSPCs_Ultima_majority_voting	HSC_MPP	8254	mAOC0607	mAOC-TGFBR2	gene	ADT	mAOC-TGFBR2	0.0417537775618647	0.0417537775618647	NA	ok	
Adult_cHSPCs_Ultima_majority_voting	MEBEMP-L	1898	mAOC0607	mAOC-TGFBR2	gene	ADT	mAOC-TGFBR2	0.0281744135947092	0.0281744135947092	NA	ok	
Adult_cHSPCs_Ultima_majority_voting	MKP	565	mAOC0607	mAOC-TGFBR2	gene	ADT	mAOC-TGFBR2	0.0493555672476888	0.0493555672476888	NA	ok	
Adult_cHSPCs_Ultima_majority_voting	Monocyte	195	mAOC0607	mAOC-TGFBR2	gene	ADT	mAOC-TGFBR2	0.0767370240510086	0.0767370240510086	NA	ok	
Adult_cHSPCs_Ultima_majority_voting	NK/T	116	mAOC0607	mAOC-TGFBR2	gene	ADT	mAOC-TGFBR2	0.201752696297542	0.201752696297542	NA	ok	
Adult_cHSPCs_Ultima_majority_voting	B	652	mAOC0608	mAOC-CDH8	gene	ADT	mAOC-CDH8	0.0527355397477234	0.0527355397477234	NA	ok	
Adult_cHSPCs_Ultima_majority_voting	CLP	506	mAOC0608	mAOC-CDH8	gene	ADT	mAOC-CDH8	0.0266317199290776	0.0266317199290776	NA	ok	
Adult_cHSPCs_Ultima_majority_voting	ERYP	440	mAOC0608	mAOC-CDH8	gene	ADT	mAOC-CDH8	0.0128488656402452	0.0128488656402452	NA	ok	
Adult_cHSPCs_Ultima_majority_voting	GMP-L	663	mAOC0608	mAOC-CDH8	gene	ADT	mAOC-CDH8	0.0290081362239026	0.0290081362239026	NA	ok	
Adult_cHSPCs_Ultima_majority_voting	HSC_MPP	8254	mAOC0608	mAOC-CDH8	gene	ADT	mAOC-CDH8	0.0208539993360441	0.0208539993360441	NA	ok	
Adult_cHSPCs_Ultima_majority_voting	MEBEMP-L	1898	mAOC0608	mAOC-CDH8	gene	ADT	mAOC-CDH8	0.0178088696535812	0.0178088696535812	NA	ok	
Adult_cHSPCs_Ultima_majority_voting	MKP	565	mAOC0608	mAOC-CDH8	gene	ADT	mAOC-CDH8	0.0464993349553256	0.0464993349553256	NA	ok	
Adult_cHSPCs_Ultima_majority_voting	Monocyte	195	mAOC0608	mAOC-CDH8	gene	ADT	mAOC-CDH8	0.249671605385576	0.249671605385576	NA	ok	
Adult_cHSPCs_Ultima_majority_voting	NK/T	116	mAOC0608	mAOC-CDH8	gene	ADT	mAOC-CDH8	0.244597797597543	0.244597797597543	NA	ok	
Adult_cHSPCs_Ultima_majority_voting	B	652	mAOC0610	mAOC-CD334	gene	ADT	mAOC-CD334	0.054811731618143	0.054811731618143	NA	ok	
Adult_cHSPCs_Ultima_majority_voting	CLP	506	mAOC0610	mAOC-CD334	gene	ADT	mAOC-CD334	0.0411581270985788	0.0411581270985788	NA	ok	
Adult_cHSPCs_Ultima_majority_voting	ERYP	440	mAOC0610	mAOC-CD334	gene	ADT	mAOC-CD334	0.0142470478269816	0.0142470478269816	NA	ok	
Adult_cHSPCs_Ultima_majority_voting	GMP-L	663	mAOC0610	mAOC-CD334	gene	ADT	mAOC-CD334	0.0369053436328634	0.0369053436328634	NA	ok	
Adult_cHSPCs_Ultima_majority_voting	HSC_MPP	8254	mAOC0610	mAOC-CD334	gene	ADT	mAOC-CD334	0.0320965015955249	0.0320965015955249	NA	ok	
Adult_cHSPCs_Ultima_majority_voting	MEBEMP-L	1898	mAOC0610	mAOC-CD334	gene	ADT	mAOC-CD334	0.0214951162268049	0.0214951162268049	NA	ok	
Adult_cHSPCs_Ultima_majority_voting	MKP	565	mAOC0610	mAOC-CD334	gene	ADT	mAOC-CD334	0.0687387492437183	0.0687387492437183	NA	ok	
Adult_cHSPCs_Ultima_majority_voting	Monocyte	195	mAOC0610	mAOC-CD334	gene	ADT	mAOC-CD334	0.767960729090986	0.767960729090986	NA	ok	
Adult_cHSPCs_Ultima_majority_voting	NK/T	116	mAOC0610	mAOC-CD334	gene	ADT	mAOC-CD334	0.22722661513294	0.22722661513294	NA	ok	
Adult_cHSPCs_Ultima_majority_voting	B	652	mAOC0611	mAOC-CD166	gene	ADT	mAOC-CD166	0.110969668094134	0.110969668094134	NA	ok	
Adult_cHSPCs_Ultima_majority_voting	CLP	506	mAOC0611	mAOC-CD166	gene	ADT	mAOC-CD166	1.12847376005263	1.12847376005263	NA	ok	
Adult_cHSPCs_Ultima_majority_voting	ERYP	440	mAOC0611	mAOC-CD166	gene	ADT	mAOC-CD166	0.479596207337635	0.479596207337635	NA	ok	
Adult_cHSPCs_Ultima_majority_voting	GMP-L	663	mAOC0611	mAOC-CD166	gene	ADT	mAOC-CD166	1.38914698649726	1.38914698649726	NA	ok	
Adult_cHSPCs_Ultima_majority_voting	HSC_MPP	8254	mAOC0611	mAOC-CD166	gene	ADT	mAOC-CD166	1.29523675631061	1.29523675631061	NA	ok	
Adult_cHSPCs_Ultima_majority_voting	MEBEMP-L	1898	mAOC0611	mAOC-CD166	gene	ADT	mAOC-CD166	0.191180304444051	0.191180304444051	NA	ok	
Adult_cHSPCs_Ultima_majority_voting	MKP	565	mAOC0611	mAOC-CD166	gene	ADT	mAOC-CD166	0.666770927466105	0.666770927466105	NA	ok	
Adult_cHSPCs_Ultima_majority_voting	Monocyte	195	mAOC0611	mAOC-CD166	gene	ADT	mAOC-CD166	0.270389847119214	0.270389847119214	NA	ok	
Adult_cHSPCs_Ultima_majority_voting	NK/T	116	mAOC0611	mAOC-CD166	gene	ADT	mAOC-CD166	0.318331273903953	0.318331273903953	NA	ok	
Adult_cHSPCs_Ultima_majority_voting	B	652	mAOC0613	mAOC-CD66a	gene	ADT	mAOC-CD66a	0.0988727616498111	0.0988727616498111	NA	ok	
Adult_cHSPCs_Ultima_majority_voting	CLP	506	mAOC0613	mAOC-CD66a	gene	ADT	mAOC-CD66a	0.0688963029279221	0.0688963029279221	NA	ok	
Adult_cHSPCs_Ultima_majority_voting	ERYP	440	mAOC0613	mAOC-CD66a	gene	ADT	mAOC-CD66a	0.052486798304311	0.052486798304311	NA	ok	
Adult_cHSPCs_Ultima_majority_voting	GMP-L	663	mAOC0613	mAOC-CD66a	gene	ADT	mAOC-CD66a	0.0650626237292753	0.0650626237292753	NA	ok	
Adult_cHSPCs_Ultima_majority_voting	HSC_MPP	8254	mAOC0613	mAOC-CD66a	gene	ADT	mAOC-CD66a	0.07843194378811	0.07843194378811	NA	ok	
Adult_cHSPCs_Ultima_majority_voting	MEBEMP-L	1898	mAOC0613	mAOC-CD66a	gene	ADT	mAOC-CD66a	0.056104407201559	0.056104407201559	NA	ok	
Adult_cHSPCs_Ultima_majority_voting	MKP	565	mAOC0613	mAOC-CD66a	gene	ADT	mAOC-CD66a	0.129858688986552	0.129858688986552	NA	ok	
Adult_cHSPCs_Ultima_majority_voting	Monocyte	195	mAOC0613	mAOC-CD66a	gene	ADT	mAOC-CD66a	0.195084052264061	0.195084052264061	NA	ok	
Adult_cHSPCs_Ultima_majority_voting	NK/T	116	mAOC0613	mAOC-CD66a	gene	ADT	mAOC-CD66a	0.299279734755106	0.299279734755106	NA	ok	
Adult_cHSPCs_Ultima_majority_voting	B	652	mAOC0614	mAOC-F2	gene	ADT	mAOC-F2	0.110725307834583	0.110725307834583	NA	ok	
Adult_cHSPCs_Ultima_majority_voting	CLP	506	mAOC0614	mAOC-F2	gene	ADT	mAOC-F2	0.11748361718688	0.11748361718688	NA	ok	
Adult_cHSPCs_Ultima_majority_voting	ERYP	440	mAOC0614	mAOC-F2	gene	ADT	mAOC-F2	0.125930274243495	0.125930274243495	NA	ok	
Adult_cHSPCs_Ultima_majority_voting	GMP-L	663	mAOC0614	mAOC-F2	gene	ADT	mAOC-F2	0.124756254360806	0.124756254360806	NA	ok	
Adult_cHSPCs_Ultima_majority_voting	HSC_MPP	8254	mAOC0614	mAOC-F2	gene	ADT	mAOC-F2	0.130244114255702	0.130244114255702	NA	ok	
Adult_cHSPCs_Ultima_majority_voting	MEBEMP-L	1898	mAOC0614	mAOC-F2	gene	ADT	mAOC-F2	0.101193391905239	0.101193391905239	NA	ok	
Adult_cHSPCs_Ultima_majority_voting	MKP	565	mAOC0614	mAOC-F2	gene	ADT	mAOC-F2	0.130012900445356	0.130012900445356	NA	ok	
Adult_cHSPCs_Ultima_majority_voting	Monocyte	195	mAOC0614	mAOC-F2	gene	ADT	mAOC-F2	0.250495366794903	0.250495366794903	NA	ok	
Adult_cHSPCs_Ultima_majority_voting	NK/T	116	mAOC0614	mAOC-F2	gene	ADT	mAOC-F2	0.39640235575989	0.39640235575989	NA	ok	
Adult_cHSPCs_Ultima_majority_voting	B	652	mAOC0615	mAOC-SIGIRR	gene	ADT	mAOC-SIGIRR	0.0523739807803842	0.0523739807803842	NA	ok	
Adult_cHSPCs_Ultima_majority_voting	CLP	506	mAOC0615	mAOC-SIGIRR	gene	ADT	mAOC-SIGIRR	0.226925866005132	0.226925866005132	NA	ok	
Adult_cHSPCs_Ultima_majority_voting	ERYP	440	mAOC0615	mAOC-SIGIRR	gene	ADT	mAOC-SIGIRR	0.0294141927582866	0.0294141927582866	NA	ok	
Adult_cHSPCs_Ultima_majority_voting	GMP-L	663	mAOC0615	mAOC-SIGIRR	gene	ADT	mAOC-SIGIRR	0.0544283880182211	0.0544283880182211	NA	ok	
Adult_cHSPCs_Ultima_majority_voting	HSC_MPP	8254	mAOC0615	mAOC-SIGIRR	gene	ADT	mAOC-SIGIRR	0.0902307649803224	0.0902307649803224	NA	ok	
Adult_cHSPCs_Ultima_majority_voting	MEBEMP-L	1898	mAOC0615	mAOC-SIGIRR	gene	ADT	mAOC-SIGIRR	0.0215379086638969	0.0215379086638969	NA	ok	
Adult_cHSPCs_Ultima_majority_voting	MKP	565	mAOC0615	mAOC-SIGIRR	gene	ADT	mAOC-SIGIRR	0.114517238027162	0.114517238027162	NA	ok	
Adult_cHSPCs_Ultima_majority_voting	Monocyte	195	mAOC0615	mAOC-SIGIRR	gene	ADT	mAOC-SIGIRR	1.10813964149085	1.10813964149085	NA	ok	
Adult_cHSPCs_Ultima_majority_voting	NK/T	116	mAOC0615	mAOC-SIGIRR	gene	ADT	mAOC-SIGIRR	0.530791423154968	0.530791423154968	NA	ok	
Adult_cHSPCs_Ultima_majority_voting	B	652	mAOC0616	mAOC-CTSS	gene	ADT	mAOC-CTSS	0.0158658232350539	0.0158658232350539	NA	ok	
Adult_cHSPCs_Ultima_majority_voting	CLP	506	mAOC0616	mAOC-CTSS	gene	ADT	mAOC-CTSS	0.00823311902727794	0.00823311902727794	NA	ok	
Adult_cHSPCs_Ultima_majority_voting	ERYP	440	mAOC0616	mAOC-CTSS	gene	ADT	mAOC-CTSS	0.00719687648046392	0.00719687648046392	NA	ok	
Adult_cHSPCs_Ultima_majority_voting	GMP-L	663	mAOC0616	mAOC-CTSS	gene	ADT	mAOC-CTSS	0.011982631803013	0.011982631803013	NA	ok	
Adult_cHSPCs_Ultima_majority_voting	HSC_MPP	8254	mAOC0616	mAOC-CTSS	gene	ADT	mAOC-CTSS	0.00905439498994453	0.00905439498994453	NA	ok	
Adult_cHSPCs_Ultima_majority_voting	MEBEMP-L	1898	mAOC0616	mAOC-CTSS	gene	ADT	mAOC-CTSS	0.00968332780038691	0.00968332780038691	NA	ok	
Adult_cHSPCs_Ultima_majority_voting	MKP	565	mAOC0616	mAOC-CTSS	gene	ADT	mAOC-CTSS	0.0186030345520033	0.0186030345520033	NA	ok	
Adult_cHSPCs_Ultima_majority_voting	Monocyte	195	mAOC0616	mAOC-CTSS	gene	ADT	mAOC-CTSS	0.0146950389672819	0.0146950389672819	NA	ok	
Adult_cHSPCs_Ultima_majority_voting	NK/T	116	mAOC0616	mAOC-CTSS	gene	ADT	mAOC-CTSS	0.080771559808023	0.080771559808023	NA	ok	
Adult_cHSPCs_Ultima_majority_voting	B	652	mAOC0617	mAOC-CSF3	gene	ADT	mAOC-CSF3	0.0249125814100452	0.0249125814100452	NA	ok	
Adult_cHSPCs_Ultima_majority_voting	CLP	506	mAOC0617	mAOC-CSF3	gene	ADT	mAOC-CSF3	0.0256793614979532	0.0256793614979532	NA	ok	
Adult_cHSPCs_Ultima_majority_voting	ERYP	440	mAOC0617	mAOC-CSF3	gene	ADT	mAOC-CSF3	0.0190343771555954	0.0190343771555954	NA	ok	
Adult_cHSPCs_Ultima_majority_voting	GMP-L	663	mAOC0617	mAOC-CSF3	gene	ADT	mAOC-CSF3	0.0249986642846962	0.0249986642846962	NA	ok	
Adult_cHSPCs_Ultima_majority_voting	HSC_MPP	8254	mAOC0617	mAOC-CSF3	gene	ADT	mAOC-CSF3	0.0329584651425694	0.0329584651425694	NA	ok	
Adult_cHSPCs_Ultima_majority_voting	MEBEMP-L	1898	mAOC0617	mAOC-CSF3	gene	ADT	mAOC-CSF3	0.0302617980956301	0.0302617980956301	NA	ok	
Adult_cHSPCs_Ultima_majority_voting	MKP	565	mAOC0617	mAOC-CSF3	gene	ADT	mAOC-CSF3	0.054261623057075	0.054261623057075	NA	ok	
Adult_cHSPCs_Ultima_majority_voting	Monocyte	195	mAOC0617	mAOC-CSF3	gene	ADT	mAOC-CSF3	0.0401834243155625	0.0401834243155625	NA	ok	
Adult_cHSPCs_Ultima_majority_voting	NK/T	116	mAOC0617	mAOC-CSF3	gene	ADT	mAOC-CSF3	0.122013228152837	0.122013228152837	NA	ok	
Adult_cHSPCs_Ultima_majority_voting	B	652	mAOC0618	mAOC-SORT1	gene	ADT	mAOC-SORT1	0.529328144048123	0.529328144048123	NA	ok	
Adult_cHSPCs_Ultima_majority_voting	CLP	506	mAOC0618	mAOC-SORT1	gene	ADT	mAOC-SORT1	0.588811595185678	0.588811595185678	NA	ok	
Adult_cHSPCs_Ultima_majority_voting	ERYP	440	mAOC0618	mAOC-SORT1	gene	ADT	mAOC-SORT1	0.548745886879596	0.548745886879596	NA	ok	
Adult_cHSPCs_Ultima_majority_voting	GMP-L	663	mAOC0618	mAOC-SORT1	gene	ADT	mAOC-SORT1	0.539606072904732	0.539606072904732	NA	ok	
Adult_cHSPCs_Ultima_majority_voting	HSC_MPP	8254	mAOC0618	mAOC-SORT1	gene	ADT	mAOC-SORT1	0.546627880031344	0.546627880031344	NA	ok	
Adult_cHSPCs_Ultima_majority_voting	MEBEMP-L	1898	mAOC0618	mAOC-SORT1	gene	ADT	mAOC-SORT1	0.524492575156598	0.524492575156598	NA	ok	
Adult_cHSPCs_Ultima_majority_voting	MKP	565	mAOC0618	mAOC-SORT1	gene	ADT	mAOC-SORT1	0.6396836592827	0.6396836592827	NA	ok	
Adult_cHSPCs_Ultima_majority_voting	Monocyte	195	mAOC0618	mAOC-SORT1	gene	ADT	mAOC-SORT1	1.60467786161533	1.60467786161533	NA	ok	
Adult_cHSPCs_Ultima_majority_voting	NK/T	116	mAOC0618	mAOC-SORT1	gene	ADT	mAOC-SORT1	1.04224510541401	1.04224510541401	NA	ok	
Adult_cHSPCs_Ultima_majority_voting	B	652	mAOC0619	mAOC-ROR2	gene	ADT	mAOC-ROR2	0.045566291238109	0.045566291238109	NA	ok	
Adult_cHSPCs_Ultima_majority_voting	CLP	506	mAOC0619	mAOC-ROR2	gene	ADT	mAOC-ROR2	0.037165113579525	0.037165113579525	NA	ok	
Adult_cHSPCs_Ultima_majority_voting	ERYP	440	mAOC0619	mAOC-ROR2	gene	ADT	mAOC-ROR2	0.0287283882704252	0.0287283882704252	NA	ok	
Adult_cHSPCs_Ultima_majority_voting	GMP-L	663	mAOC0619	mAOC-ROR2	gene	ADT	mAOC-ROR2	0.0413712576273548	0.0413712576273548	NA	ok	
Adult_cHSPCs_Ultima_majority_voting	HSC_MPP	8254	mAOC0619	mAOC-ROR2	gene	ADT	mAOC-ROR2	0.0384817706354359	0.0384817706354359	NA	ok	
Adult_cHSPCs_Ultima_majority_voting	MEBEMP-L	1898	mAOC0619	mAOC-ROR2	gene	ADT	mAOC-ROR2	0.0337561680991027	0.0337561680991027	NA	ok	
Adult_cHSPCs_Ultima_majority_voting	MKP	565	mAOC0619	mAOC-ROR2	gene	ADT	mAOC-ROR2	0.0484083819461899	0.0484083819461899	NA	ok	
Adult_cHSPCs_Ultima_majority_voting	Monocyte	195	mAOC0619	mAOC-ROR2	gene	ADT	mAOC-ROR2	0.0730238873628363	0.0730238873628363	NA	ok	
Adult_cHSPCs_Ultima_majority_voting	NK/T	116	mAOC0619	mAOC-ROR2	gene	ADT	mAOC-ROR2	0.21028040820034	0.21028040820034	NA	ok	
Adult_cHSPCs_Ultima_majority_voting	B	652	mAOC0629	mAOC-TSPAN8	gene	ADT	mAOC-TSPAN8	0.205835754537071	0.205835754537071	NA	ok	
Adult_cHSPCs_Ultima_majority_voting	CLP	506	mAOC0629	mAOC-TSPAN8	gene	ADT	mAOC-TSPAN8	0.214805267793703	0.214805267793703	NA	ok	
Adult_cHSPCs_Ultima_majority_voting	ERYP	440	mAOC0629	mAOC-TSPAN8	gene	ADT	mAOC-TSPAN8	0.223225984633414	0.223225984633414	NA	ok	
Adult_cHSPCs_Ultima_majority_voting	GMP-L	663	mAOC0629	mAOC-TSPAN8	gene	ADT	mAOC-TSPAN8	0.214419358406153	0.214419358406153	NA	ok	
Adult_cHSPCs_Ultima_majority_voting	HSC_MPP	8254	mAOC0629	mAOC-TSPAN8	gene	ADT	mAOC-TSPAN8	0.235532242970723	0.235532242970723	NA	ok	
Adult_cHSPCs_Ultima_majority_voting	MEBEMP-L	1898	mAOC0629	mAOC-TSPAN8	gene	ADT	mAOC-TSPAN8	0.184585021114176	0.184585021114176	NA	ok	
Adult_cHSPCs_Ultima_majority_voting	MKP	565	mAOC0629	mAOC-TSPAN8	gene	ADT	mAOC-TSPAN8	0.268508846647274	0.268508846647274	NA	ok	
Adult_cHSPCs_Ultima_majority_voting	Monocyte	195	mAOC0629	mAOC-TSPAN8	gene	ADT	mAOC-TSPAN8	0.215267289690782	0.215267289690782	NA	ok	
Adult_cHSPCs_Ultima_majority_voting	NK/T	116	mAOC0629	mAOC-TSPAN8	gene	ADT	mAOC-TSPAN8	0.575787737492025	0.575787737492025	NA	ok	
Adult_cHSPCs_Ultima_majority_voting	B	652	mAOC0630	mAOC-CD84	gene	ADT	mAOC-CD84	0.000876639202491821	0.000876639202491821	NA	ok	
Adult_cHSPCs_Ultima_majority_voting	CLP	506	mAOC0630	mAOC-CD84	gene	ADT	mAOC-CD84	0	0	NA	ok	
Adult_cHSPCs_Ultima_majority_voting	ERYP	440	mAOC0630	mAOC-CD84	gene	ADT	mAOC-CD84	0	0	NA	ok	
Adult_cHSPCs_Ultima_majority_voting	GMP-L	663	mAOC0630	mAOC-CD84	gene	ADT	mAOC-CD84	0	0	NA	ok	
Adult_cHSPCs_Ultima_majority_voting	HSC_MPP	8254	mAOC0630	mAOC-CD84	gene	ADT	mAOC-CD84	0	0	NA	ok	
Adult_cHSPCs_Ultima_majority_voting	MEBEMP-L	1898	mAOC0630	mAOC-CD84	gene	ADT	mAOC-CD84	0	0	NA	ok	
Adult_cHSPCs_Ultima_majority_voting	MKP	565	mAOC0630	mAOC-CD84	gene	ADT	mAOC-CD84	0.00112028091343788	0.00112028091343788	NA	ok	
Adult_cHSPCs_Ultima_majority_voting	Monocyte	195	mAOC0630	mAOC-CD84	gene	ADT	mAOC-CD84	9.80543499511404e-05	9.80543499511404e-05	NA	ok	
Adult_cHSPCs_Ultima_majority_voting	NK/T	116	mAOC0630	mAOC-CD84	gene	ADT	mAOC-CD84	0	0	NA	ok	
Adult_cHSPCs_Ultima_majority_voting	B	652	mAOC363	mAOC-CD47	gene	ADT	mAOC-CD47	0.0848888846865492	0.0848888846865492	NA	ok	
Adult_cHSPCs_Ultima_majority_voting	CLP	506	mAOC363	mAOC-CD47	gene	ADT	mAOC-CD47	0.131021514549807	0.131021514549807	NA	ok	
Adult_cHSPCs_Ultima_majority_voting	ERYP	440	mAOC363	mAOC-CD47	gene	ADT	mAOC-CD47	0.00596610120332879	0.00596610120332879	NA	ok	
Adult_cHSPCs_Ultima_majority_voting	GMP-L	663	mAOC363	mAOC-CD47	gene	ADT	mAOC-CD47	0.0275822088257236	0.0275822088257236	NA	ok	
Adult_cHSPCs_Ultima_majority_voting	HSC_MPP	8254	mAOC363	mAOC-CD47	gene	ADT	mAOC-CD47	0.0408490866382771	0.0408490866382771	NA	ok	
Adult_cHSPCs_Ultima_majority_voting	MEBEMP-L	1898	mAOC363	mAOC-CD47	gene	ADT	mAOC-CD47	0.0155819293709531	0.0155819293709531	NA	ok	
Adult_cHSPCs_Ultima_majority_voting	MKP	565	mAOC363	mAOC-CD47	gene	ADT	mAOC-CD47	0.131625531265897	0.131625531265897	NA	ok	
Adult_cHSPCs_Ultima_majority_voting	Monocyte	195	mAOC363	mAOC-CD47	gene	ADT	mAOC-CD47	0.531079908964158	0.531079908964158	NA	ok	
Adult_cHSPCs_Ultima_majority_voting	NK/T	116	mAOC363	mAOC-CD47	gene	ADT	mAOC-CD47	0.271928363120123	0.271928363120123	NA	ok	
Adult_cHSPCs_Ultima_majority_voting	B	652	mAOC365	mAOC-CD29	gene	ADT	mAOC-CD29	0.000476598722409901	0.000476598722409901	NA	ok	
Adult_cHSPCs_Ultima_majority_voting	CLP	506	mAOC365	mAOC-CD29	gene	ADT	mAOC-CD29	0.000363629977621687	0.000363629977621687	NA	ok	
Adult_cHSPCs_Ultima_majority_voting	ERYP	440	mAOC365	mAOC-CD29	gene	ADT	mAOC-CD29	0.000445220351731573	0.000445220351731573	NA	ok	
Adult_cHSPCs_Ultima_majority_voting	GMP-L	663	mAOC365	mAOC-CD29	gene	ADT	mAOC-CD29	0.00127962225362631	0.00127962225362631	NA	ok	
Adult_cHSPCs_Ultima_majority_voting	HSC_MPP	8254	mAOC365	mAOC-CD29	gene	ADT	mAOC-CD29	0.000268436433745375	0.000268436433745375	NA	ok	
Adult_cHSPCs_Ultima_majority_voting	MEBEMP-L	1898	mAOC365	mAOC-CD29	gene	ADT	mAOC-CD29	0.000289231908700468	0.000289231908700468	NA	ok	
Adult_cHSPCs_Ultima_majority_voting	MKP	565	mAOC365	mAOC-CD29	gene	ADT	mAOC-CD29	0.00114318616521688	0.00114318616521688	NA	ok	
Adult_cHSPCs_Ultima_majority_voting	Monocyte	195	mAOC365	mAOC-CD29	gene	ADT	mAOC-CD29	0.000184053352931346	0.000184053352931346	NA	ok	
Adult_cHSPCs_Ultima_majority_voting	NK/T	116	mAOC365	mAOC-CD29	gene	ADT	mAOC-CD29	0	0	NA	ok	
Adult_cHSPCs_Ultima_majority_voting	B	652	mAOC366	mAOC-CD244	gene	ADT	mAOC-CD244	0.0100926903619022	0.0100926903619022	NA	ok	
Adult_cHSPCs_Ultima_majority_voting	CLP	506	mAOC366	mAOC-CD244	gene	ADT	mAOC-CD244	0.825036544454445	0.825036544454445	NA	ok	
Adult_cHSPCs_Ultima_majority_voting	ERYP	440	mAOC366	mAOC-CD244	gene	ADT	mAOC-CD244	0.106414588536144	0.106414588536144	NA	ok	
Adult_cHSPCs_Ultima_majority_voting	GMP-L	663	mAOC366	mAOC-CD244	gene	ADT	mAOC-CD244	0.487623999078582	0.487623999078582	NA	ok	
Adult_cHSPCs_Ultima_majority_voting	HSC_MPP	8254	mAOC366	mAOC-CD244	gene	ADT	mAOC-CD244	0.687658137835415	0.687658137835415	NA	ok	
Adult_cHSPCs_Ultima_majority_voting	MEBEMP-L	1898	mAOC366	mAOC-CD244	gene	ADT	mAOC-CD244	0.12098079119667	0.12098079119667	NA	ok	
Adult_cHSPCs_Ultima_majority_voting	MKP	565	mAOC366	mAOC-CD244	gene	ADT	mAOC-CD244	0.251360202910669	0.251360202910669	NA	ok	
Adult_cHSPCs_Ultima_majority_voting	Monocyte	195	mAOC366	mAOC-CD244	gene	ADT	mAOC-CD244	0.147177638139818	0.147177638139818	NA	ok	
Adult_cHSPCs_Ultima_majority_voting	NK/T	116	mAOC366	mAOC-CD244	gene	ADT	mAOC-CD244	0.171055790851466	0.171055790851466	NA	ok	
Adult_cHSPCs_Ultima_majority_voting	B	652	mAOC373	mAOC-CD81	gene	ADT	mAOC-CD81	0.0754560208235193	0.0754560208235193	NA	ok	
Adult_cHSPCs_Ultima_majority_voting	CLP	506	mAOC373	mAOC-CD81	gene	ADT	mAOC-CD81	0.0958118050953912	0.0958118050953912	NA	ok	
Adult_cHSPCs_Ultima_majority_voting	ERYP	440	mAOC373	mAOC-CD81	gene	ADT	mAOC-CD81	0.0237018075827254	0.0237018075827254	NA	ok	
Adult_cHSPCs_Ultima_majority_voting	GMP-L	663	mAOC373	mAOC-CD81	gene	ADT	mAOC-CD81	0.0422477543363595	0.0422477543363595	NA	ok	
Adult_cHSPCs_Ultima_majority_voting	HSC_MPP	8254	mAOC373	mAOC-CD81	gene	ADT	mAOC-CD81	0.0698391618069362	0.0698391618069362	NA	ok	
Adult_cHSPCs_Ultima_majority_voting	MEBEMP-L	1898	mAOC373	mAOC-CD81	gene	ADT	mAOC-CD81	0.0358253339310893	0.0358253339310893	NA	ok	
Adult_cHSPCs_Ultima_majority_voting	MKP	565	mAOC373	mAOC-CD81	gene	ADT	mAOC-CD81	0.109689462512493	0.109689462512493	NA	ok	
Adult_cHSPCs_Ultima_majority_voting	Monocyte	195	mAOC373	mAOC-CD81	gene	ADT	mAOC-CD81	0.109165308727515	0.109165308727515	NA	ok	
Adult_cHSPCs_Ultima_majority_voting	NK/T	116	mAOC373	mAOC-CD81	gene	ADT	mAOC-CD81	0.562109903098337	0.562109903098337	NA	ok	
Adult_cHSPCs_Ultima_majority_voting	B	652	mAOC374	mAOC-CD32	gene	ADT	mAOC-CD32	0.00751909653226423	0.00751909653226423	NA	ok	
Adult_cHSPCs_Ultima_majority_voting	CLP	506	mAOC374	mAOC-CD32	gene	ADT	mAOC-CD32	0	0	NA	ok	
Adult_cHSPCs_Ultima_majority_voting	ERYP	440	mAOC374	mAOC-CD32	gene	ADT	mAOC-CD32	0	0	NA	ok	
Adult_cHSPCs_Ultima_majority_voting	GMP-L	663	mAOC374	mAOC-CD32	gene	ADT	mAOC-CD32	0.0010197063779519	0.0010197063779519	NA	ok	
Adult_cHSPCs_Ultima_majority_voting	HSC_MPP	8254	mAOC374	mAOC-CD32	gene	ADT	mAOC-CD32	0.000682038121745209	0.000682038121745209	NA	ok	
Adult_cHSPCs_Ultima_majority_voting	MEBEMP-L	1898	mAOC374	mAOC-CD32	gene	ADT	mAOC-CD32	0.00570935843207864	0.00570935843207864	NA	ok	
Adult_cHSPCs_Ultima_majority_voting	MKP	565	mAOC374	mAOC-CD32	gene	ADT	mAOC-CD32	0.00897729623457723	0.00897729623457723	NA	ok	
Adult_cHSPCs_Ultima_majority_voting	Monocyte	195	mAOC374	mAOC-CD32	gene	ADT	mAOC-CD32	0	0	NA	ok	
Adult_cHSPCs_Ultima_majority_voting	NK/T	116	mAOC374	mAOC-CD32	gene	ADT	mAOC-CD32	0.0114782231404809	0.0114782231404809	NA	ok	
Adult_cHSPCs_Ultima_majority_voting	B	652	mAOC375	mAOC-CD162	gene	ADT	mAOC-CD162	0	0	NA	ok	
Adult_cHSPCs_Ultima_majority_voting	CLP	506	mAOC375	mAOC-CD162	gene	ADT	mAOC-CD162	0	0	NA	ok	
Adult_cHSPCs_Ultima_majority_voting	ERYP	440	mAOC375	mAOC-CD162	gene	ADT	mAOC-CD162	0	0	NA	ok	
Adult_cHSPCs_Ultima_majority_voting	GMP-L	663	mAOC375	mAOC-CD162	gene	ADT	mAOC-CD162	0.00075474092334381	0.00075474092334381	NA	ok	
Adult_cHSPCs_Ultima_majority_voting	HSC_MPP	8254	mAOC375	mAOC-CD162	gene	ADT	mAOC-CD162	0.000555862482680067	0.000555862482680067	NA	ok	
Adult_cHSPCs_Ultima_majority_voting	MEBEMP-L	1898	mAOC375	mAOC-CD162	gene	ADT	mAOC-CD162	0	0	NA	ok	
Adult_cHSPCs_Ultima_majority_voting	MKP	565	mAOC375	mAOC-CD162	gene	ADT	mAOC-CD162	0	0	NA	ok	
Adult_cHSPCs_Ultima_majority_voting	Monocyte	195	mAOC375	mAOC-CD162	gene	ADT	mAOC-CD162	0	0	NA	ok	
Adult_cHSPCs_Ultima_majority_voting	NK/T	116	mAOC375	mAOC-CD162	gene	ADT	mAOC-CD162	0	0	NA	ok	
Adult_cHSPCs_Ultima_majority_voting	B	652	mAOC376	mAOC-CD357	gene	ADT	mAOC-CD357	0.00358835206970362	0.00358835206970362	NA	ok	
Adult_cHSPCs_Ultima_majority_voting	CLP	506	mAOC376	mAOC-CD357	gene	ADT	mAOC-CD357	0.00141938009468819	0.00141938009468819	NA	ok	
Adult_cHSPCs_Ultima_majority_voting	ERYP	440	mAOC376	mAOC-CD357	gene	ADT	mAOC-CD357	0.00170122193078441	0.00170122193078441	NA	ok	
Adult_cHSPCs_Ultima_majority_voting	GMP-L	663	mAOC376	mAOC-CD357	gene	ADT	mAOC-CD357	0.00433016661473886	0.00433016661473886	NA	ok	
Adult_cHSPCs_Ultima_majority_voting	HSC_MPP	8254	mAOC376	mAOC-CD357	gene	ADT	mAOC-CD357	0.00121292472117244	0.00121292472117244	NA	ok	
Adult_cHSPCs_Ultima_majority_voting	MEBEMP-L	1898	mAOC376	mAOC-CD357	gene	ADT	mAOC-CD357	0.0014457185919246	0.0014457185919246	NA	ok	
Adult_cHSPCs_Ultima_majority_voting	MKP	565	mAOC376	mAOC-CD357	gene	ADT	mAOC-CD357	0.00367344603994065	0.00367344603994065	NA	ok	
Adult_cHSPCs_Ultima_majority_voting	Monocyte	195	mAOC376	mAOC-CD357	gene	ADT	mAOC-CD357	0.0023485485736185	0.0023485485736185	NA	ok	
Adult_cHSPCs_Ultima_majority_voting	NK/T	116	mAOC376	mAOC-CD357	gene	ADT	mAOC-CD357	0.00865683585367831	0.00865683585367831	NA	ok	
Adult_cHSPCs_Ultima_majority_voting	B	652	mAOC377	mAOC-CD326	gene	ADT	mAOC-CD326	0	0	NA	ok	
Adult_cHSPCs_Ultima_majority_voting	CLP	506	mAOC377	mAOC-CD326	gene	ADT	mAOC-CD326	0	0	NA	ok	
Adult_cHSPCs_Ultima_majority_voting	ERYP	440	mAOC377	mAOC-CD326	gene	ADT	mAOC-CD326	0	0	NA	ok	
Adult_cHSPCs_Ultima_majority_voting	GMP-L	663	mAOC377	mAOC-CD326	gene	ADT	mAOC-CD326	0	0	NA	ok	
Adult_cHSPCs_Ultima_majority_voting	HSC_MPP	8254	mAOC377	mAOC-CD326	gene	ADT	mAOC-CD326	0.000531585465792752	0.000531585465792752	NA	ok	
Adult_cHSPCs_Ultima_majority_voting	MEBEMP-L	1898	mAOC377	mAOC-CD326	gene	ADT	mAOC-CD326	0.000332826940550924	0.000332826940550924	NA	ok	
Adult_cHSPCs_Ultima_majority_voting	MKP	565	mAOC377	mAOC-CD326	gene	ADT	mAOC-CD326	0	0	NA	ok	
Adult_cHSPCs_Ultima_majority_voting	Monocyte	195	mAOC377	mAOC-CD326	gene	ADT	mAOC-CD326	0.00508287025360188	0.00508287025360188	NA	ok	
Adult_cHSPCs_Ultima_majority_voting	NK/T	116	mAOC377	mAOC-CD326	gene	ADT	mAOC-CD326	0	0	NA	ok	
Adult_cHSPCs_Ultima_majority_voting	B	652	mAOC378	mAOC-TGFBI	gene	ADT	mAOC-TGFBI	0.0529960657710603	0.0529960657710603	NA	ok	
Adult_cHSPCs_Ultima_majority_voting	CLP	506	mAOC378	mAOC-TGFBI	gene	ADT	mAOC-TGFBI	0.00495949366309535	0.00495949366309535	NA	ok	
Adult_cHSPCs_Ultima_majority_voting	ERYP	440	mAOC378	mAOC-TGFBI	gene	ADT	mAOC-TGFBI	0.00535233456922429	0.00535233456922429	NA	ok	
Adult_cHSPCs_Ultima_majority_voting	GMP-L	663	mAOC378	mAOC-TGFBI	gene	ADT	mAOC-TGFBI	0.00492262375842189	0.00492262375842189	NA	ok	
Adult_cHSPCs_Ultima_majority_voting	HSC_MPP	8254	mAOC378	mAOC-TGFBI	gene	ADT	mAOC-TGFBI	0.0025046647787727	0.0025046647787727	NA	ok	
Adult_cHSPCs_Ultima_majority_voting	MEBEMP-L	1898	mAOC378	mAOC-TGFBI	gene	ADT	mAOC-TGFBI	0.00287222993062682	0.00287222993062682	NA	ok	
Adult_cHSPCs_Ultima_majority_voting	MKP	565	mAOC378	mAOC-TGFBI	gene	ADT	mAOC-TGFBI	0.0111673726363999	0.0111673726363999	NA	ok	
Adult_cHSPCs_Ultima_majority_voting	Monocyte	195	mAOC378	mAOC-TGFBI	gene	ADT	mAOC-TGFBI	0.0182622263682179	0.0182622263682179	NA	ok	
Adult_cHSPCs_Ultima_majority_voting	NK/T	116	mAOC378	mAOC-TGFBI	gene	ADT	mAOC-TGFBI	0.114028937903547	0.114028937903547	NA	ok	
Adult_cHSPCs_Ultima_majority_voting	B	652	mAOC379	mAOC-CD68	gene	ADT	mAOC-CD68	0	0	NA	ok	
Adult_cHSPCs_Ultima_majority_voting	CLP	506	mAOC379	mAOC-CD68	gene	ADT	mAOC-CD68	0	0	NA	ok	
Adult_cHSPCs_Ultima_majority_voting	ERYP	440	mAOC379	mAOC-CD68	gene	ADT	mAOC-CD68	0	0	NA	ok	
Adult_cHSPCs_Ultima_majority_voting	GMP-L	663	mAOC379	mAOC-CD68	gene	ADT	mAOC-CD68	0	0	NA	ok	
Adult_cHSPCs_Ultima_majority_voting	HSC_MPP	8254	mAOC379	mAOC-CD68	gene	ADT	mAOC-CD68	0.000240743590903806	0.000240743590903806	NA	ok	
Adult_cHSPCs_Ultima_majority_voting	MEBEMP-L	1898	mAOC379	mAOC-CD68	gene	ADT	mAOC-CD68	0	0	NA	ok	
Adult_cHSPCs_Ultima_majority_voting	MKP	565	mAOC379	mAOC-CD68	gene	ADT	mAOC-CD68	0	0	NA	ok	
Adult_cHSPCs_Ultima_majority_voting	Monocyte	195	mAOC379	mAOC-CD68	gene	ADT	mAOC-CD68	0	0	NA	ok	
Adult_cHSPCs_Ultima_majority_voting	NK/T	116	mAOC379	mAOC-CD68	gene	ADT	mAOC-CD68	0	0	NA	ok	
Adult_cHSPCs_Ultima_majority_voting	B	652	mAOC381	mAOC-CD102	gene	ADT	mAOC-CD102	0	0	NA	ok	
Adult_cHSPCs_Ultima_majority_voting	CLP	506	mAOC381	mAOC-CD102	gene	ADT	mAOC-CD102	0	0	NA	ok	
Adult_cHSPCs_Ultima_majority_voting	ERYP	440	mAOC381	mAOC-CD102	gene	ADT	mAOC-CD102	0	0	NA	ok	
Adult_cHSPCs_Ultima_majority_voting	GMP-L	663	mAOC381	mAOC-CD102	gene	ADT	mAOC-CD102	0	0	NA	ok	
Adult_cHSPCs_Ultima_majority_voting	HSC_MPP	8254	mAOC381	mAOC-CD102	gene	ADT	mAOC-CD102	0.000291102822114245	0.000291102822114245	NA	ok	
Adult_cHSPCs_Ultima_majority_voting	MEBEMP-L	1898	mAOC381	mAOC-CD102	gene	ADT	mAOC-CD102	2.31122725532352e-05	2.31122725532352e-05	NA	ok	
Adult_cHSPCs_Ultima_majority_voting	MKP	565	mAOC381	mAOC-CD102	gene	ADT	mAOC-CD102	0	0	NA	ok	
Adult_cHSPCs_Ultima_majority_voting	Monocyte	195	mAOC381	mAOC-CD102	gene	ADT	mAOC-CD102	0	0	NA	ok	
Adult_cHSPCs_Ultima_majority_voting	NK/T	116	mAOC381	mAOC-CD102	gene	ADT	mAOC-CD102	0	0	NA	ok	
Adult_cHSPCs_Ultima_majority_voting	B	652	mAOC382	mAOC-TIGIT	gene	ADT	mAOC-TIGIT	0.00841674487062876	0.00841674487062876	NA	ok	
Adult_cHSPCs_Ultima_majority_voting	CLP	506	mAOC382	mAOC-TIGIT	gene	ADT	mAOC-TIGIT	0.00313719747909699	0.00313719747909699	NA	ok	
Adult_cHSPCs_Ultima_majority_voting	ERYP	440	mAOC382	mAOC-TIGIT	gene	ADT	mAOC-TIGIT	0.00358575322116017	0.00358575322116017	NA	ok	
Adult_cHSPCs_Ultima_majority_voting	GMP-L	663	mAOC382	mAOC-TIGIT	gene	ADT	mAOC-TIGIT	0.00609267248863196	0.00609267248863196	NA	ok	
Adult_cHSPCs_Ultima_majority_voting	HSC_MPP	8254	mAOC382	mAOC-TIGIT	gene	ADT	mAOC-TIGIT	0.00426108031478068	0.00426108031478068	NA	ok	
Adult_cHSPCs_Ultima_majority_voting	MEBEMP-L	1898	mAOC382	mAOC-TIGIT	gene	ADT	mAOC-TIGIT	0.00628637394888674	0.00628637394888674	NA	ok	
Adult_cHSPCs_Ultima_majority_voting	MKP	565	mAOC382	mAOC-TIGIT	gene	ADT	mAOC-TIGIT	0.014783118300228	0.014783118300228	NA	ok	
Adult_cHSPCs_Ultima_majority_voting	Monocyte	195	mAOC382	mAOC-TIGIT	gene	ADT	mAOC-TIGIT	0.0359434834785175	0.0359434834785175	NA	ok	
Adult_cHSPCs_Ultima_majority_voting	NK/T	116	mAOC382	mAOC-TIGIT	gene	ADT	mAOC-TIGIT	0.0531371895423408	0.0531371895423408	NA	ok	
Adult_cHSPCs_Ultima_majority_voting	B	652	mAOC383	mAOC-CD146	gene	ADT	mAOC-CD146	0.011585191887507	0.011585191887507	NA	ok	
Adult_cHSPCs_Ultima_majority_voting	CLP	506	mAOC383	mAOC-CD146	gene	ADT	mAOC-CD146	0.00555975059427516	0.00555975059427516	NA	ok	
Adult_cHSPCs_Ultima_majority_voting	ERYP	440	mAOC383	mAOC-CD146	gene	ADT	mAOC-CD146	0.00699851577959772	0.00699851577959772	NA	ok	
Adult_cHSPCs_Ultima_majority_voting	GMP-L	663	mAOC383	mAOC-CD146	gene	ADT	mAOC-CD146	0.00998320502646871	0.00998320502646871	NA	ok	
Adult_cHSPCs_Ultima_majority_voting	HSC_MPP	8254	mAOC383	mAOC-CD146	gene	ADT	mAOC-CD146	0.00751763119054788	0.00751763119054788	NA	ok	
Adult_cHSPCs_Ultima_majority_voting	MEBEMP-L	1898	mAOC383	mAOC-CD146	gene	ADT	mAOC-CD146	0.00782437968068152	0.00782437968068152	NA	ok	
Adult_cHSPCs_Ultima_majority_voting	MKP	565	mAOC383	mAOC-CD146	gene	ADT	mAOC-CD146	0.017294058515622	0.017294058515622	NA	ok	
Adult_cHSPCs_Ultima_majority_voting	Monocyte	195	mAOC383	mAOC-CD146	gene	ADT	mAOC-CD146	0.00897873791764422	0.00897873791764422	NA	ok	
Adult_cHSPCs_Ultima_majority_voting	NK/T	116	mAOC383	mAOC-CD146	gene	ADT	mAOC-CD146	0.0443051715010593	0.0443051715010593	NA	ok	
Adult_cHSPCs_Ultima_majority_voting	B	652	mAOC384	mAOC-CD158b2	gene	ADT	mAOC-CD158b2	0	0	NA	ok	
Adult_cHSPCs_Ultima_majority_voting	CLP	506	mAOC384	mAOC-CD158b2	gene	ADT	mAOC-CD158b2	7.53696389795627e-05	7.53696389795627e-05	NA	ok	
Adult_cHSPCs_Ultima_majority_voting	ERYP	440	mAOC384	mAOC-CD158b2	gene	ADT	mAOC-CD158b2	0	0	NA	ok	
Adult_cHSPCs_Ultima_majority_voting	GMP-L	663	mAOC384	mAOC-CD158b2	gene	ADT	mAOC-CD158b2	0	0	NA	ok	
Adult_cHSPCs_Ultima_majority_voting	HSC_MPP	8254	mAOC384	mAOC-CD158b2	gene	ADT	mAOC-CD158b2	0.000176471405407709	0.000176471405407709	NA	ok	
Adult_cHSPCs_Ultima_majority_voting	MEBEMP-L	1898	mAOC384	mAOC-CD158b2	gene	ADT	mAOC-CD158b2	0	0	NA	ok	
Adult_cHSPCs_Ultima_majority_voting	MKP	565	mAOC384	mAOC-CD158b2	gene	ADT	mAOC-CD158b2	0	0	NA	ok	
Adult_cHSPCs_Ultima_majority_voting	Monocyte	195	mAOC384	mAOC-CD158b2	gene	ADT	mAOC-CD158b2	0	0	NA	ok	
Adult_cHSPCs_Ultima_majority_voting	NK/T	116	mAOC384	mAOC-CD158b2	gene	ADT	mAOC-CD158b2	0	0	NA	ok	
Adult_cHSPCs_Ultima_majority_voting	B	652	mAOC386	mAOC-CD85j	gene	ADT	mAOC-CD85j	0.000576157879564363	0.000576157879564363	NA	ok	
Adult_cHSPCs_Ultima_majority_voting	CLP	506	mAOC386	mAOC-CD85j	gene	ADT	mAOC-CD85j	0.00018613978038675	0.00018613978038675	NA	ok	
Adult_cHSPCs_Ultima_majority_voting	ERYP	440	mAOC386	mAOC-CD85j	gene	ADT	mAOC-CD85j	0	0	NA	ok	
Adult_cHSPCs_Ultima_majority_voting	GMP-L	663	mAOC386	mAOC-CD85j	gene	ADT	mAOC-CD85j	0.000293520973729261	0.000293520973729261	NA	ok	
Adult_cHSPCs_Ultima_majority_voting	HSC_MPP	8254	mAOC386	mAOC-CD85j	gene	ADT	mAOC-CD85j	0.000578477874530682	0.000578477874530682	NA	ok	
Adult_cHSPCs_Ultima_majority_voting	MEBEMP-L	1898	mAOC386	mAOC-CD85j	gene	ADT	mAOC-CD85j	0.000223283020513388	0.000223283020513388	NA	ok	
Adult_cHSPCs_Ultima_majority_voting	MKP	565	mAOC386	mAOC-CD85j	gene	ADT	mAOC-CD85j	0.000377631296111346	0.000377631296111346	NA	ok	
Adult_cHSPCs_Ultima_majority_voting	Monocyte	195	mAOC386	mAOC-CD85j	gene	ADT	mAOC-CD85j	8.59990029802055e-05	8.59990029802055e-05	NA	ok	
Adult_cHSPCs_Ultima_majority_voting	NK/T	116	mAOC386	mAOC-CD85j	gene	ADT	mAOC-CD85j	0	0	NA	ok	
Adult_cHSPCs_Ultima_majority_voting	B	652	mAOC387	mAOC-CD119	gene	ADT	mAOC-CD119	1.48050852289708	1.48050852289708	NA	ok	
Adult_cHSPCs_Ultima_majority_voting	CLP	506	mAOC387	mAOC-CD119	gene	ADT	mAOC-CD119	1.70717077959533	1.70717077959533	NA	ok	
Adult_cHSPCs_Ultima_majority_voting	ERYP	440	mAOC387	mAOC-CD119	gene	ADT	mAOC-CD119	1.32905834343428	1.32905834343428	NA	ok	
Adult_cHSPCs_Ultima_majority_voting	GMP-L	663	mAOC387	mAOC-CD119	gene	ADT	mAOC-CD119	1.92046978459872	1.92046978459872	NA	ok	
Adult_cHSPCs_Ultima_majority_voting	HSC_MPP	8254	mAOC387	mAOC-CD119	gene	ADT	mAOC-CD119	2.07700295964295	2.07700295964295	NA	ok	
Adult_cHSPCs_Ultima_majority_voting	MEBEMP-L	1898	mAOC387	mAOC-CD119	gene	ADT	mAOC-CD119	1.80618110785607	1.80618110785607	NA	ok	
Adult_cHSPCs_Ultima_majority_voting	MKP	565	mAOC387	mAOC-CD119	gene	ADT	mAOC-CD119	1.52874663243842	1.52874663243842	NA	ok	
Adult_cHSPCs_Ultima_majority_voting	Monocyte	195	mAOC387	mAOC-CD119	gene	ADT	mAOC-CD119	1.41472601266661	1.41472601266661	NA	ok	
Adult_cHSPCs_Ultima_majority_voting	NK/T	116	mAOC387	mAOC-CD119	gene	ADT	mAOC-CD119	1.03620425582332	1.03620425582332	NA	ok	
Adult_cHSPCs_Ultima_majority_voting	B	652	mAOC388	mAOC-CD305	gene	ADT	mAOC-CD305	0	0	NA	ok	
Adult_cHSPCs_Ultima_majority_voting	CLP	506	mAOC388	mAOC-CD305	gene	ADT	mAOC-CD305	0	0	NA	ok	
Adult_cHSPCs_Ultima_majority_voting	ERYP	440	mAOC388	mAOC-CD305	gene	ADT	mAOC-CD305	0	0	NA	ok	
Adult_cHSPCs_Ultima_majority_voting	GMP-L	663	mAOC388	mAOC-CD305	gene	ADT	mAOC-CD305	0	0	NA	ok	
Adult_cHSPCs_Ultima_majority_voting	HSC_MPP	8254	mAOC388	mAOC-CD305	gene	ADT	mAOC-CD305	4.61668382356726e-05	4.61668382356726e-05	NA	ok	
Adult_cHSPCs_Ultima_majority_voting	MEBEMP-L	1898	mAOC388	mAOC-CD305	gene	ADT	mAOC-CD305	0	0	NA	ok	
Adult_cHSPCs_Ultima_majority_voting	MKP	565	mAOC388	mAOC-CD305	gene	ADT	mAOC-CD305	0	0	NA	ok	
Adult_cHSPCs_Ultima_majority_voting	Monocyte	195	mAOC388	mAOC-CD305	gene	ADT	mAOC-CD305	0	0	NA	ok	
Adult_cHSPCs_Ultima_majority_voting	NK/T	116	mAOC388	mAOC-CD305	gene	ADT	mAOC-CD305	0	0	NA	ok	
Adult_cHSPCs_Ultima_majority_voting	B	652	mAOC391	mAOC-CD304	gene	ADT	mAOC-CD304	0	0	NA	ok	
Adult_cHSPCs_Ultima_majority_voting	CLP	506	mAOC391	mAOC-CD304	gene	ADT	mAOC-CD304	0	0	NA	ok	
Adult_cHSPCs_Ultima_majority_voting	ERYP	440	mAOC391	mAOC-CD304	gene	ADT	mAOC-CD304	0	0	NA	ok	
Adult_cHSPCs_Ultima_majority_voting	GMP-L	663	mAOC391	mAOC-CD304	gene	ADT	mAOC-CD304	0	0	NA	ok	
Adult_cHSPCs_Ultima_majority_voting	HSC_MPP	8254	mAOC391	mAOC-CD304	gene	ADT	mAOC-CD304	0.000967474071196091	0.000967474071196091	NA	ok	
Adult_cHSPCs_Ultima_majority_voting	MEBEMP-L	1898	mAOC391	mAOC-CD304	gene	ADT	mAOC-CD304	0.00347142063205101	0.00347142063205101	NA	ok	
Adult_cHSPCs_Ultima_majority_voting	MKP	565	mAOC391	mAOC-CD304	gene	ADT	mAOC-CD304	0	0	NA	ok	
Adult_cHSPCs_Ultima_majority_voting	Monocyte	195	mAOC391	mAOC-CD304	gene	ADT	mAOC-CD304	0.000184053352931346	0.000184053352931346	NA	ok	
Adult_cHSPCs_Ultima_majority_voting	NK/T	116	mAOC391	mAOC-CD304	gene	ADT	mAOC-CD304	0	0	NA	ok	
Adult_cHSPCs_Ultima_majority_voting	B	652	mAOC392	mAOC-CD352	gene	ADT	mAOC-CD352	0	0	NA	ok	
Adult_cHSPCs_Ultima_majority_voting	CLP	506	mAOC392	mAOC-CD352	gene	ADT	mAOC-CD352	0.00220844209422234	0.00220844209422234	NA	ok	
Adult_cHSPCs_Ultima_majority_voting	ERYP	440	mAOC392	mAOC-CD352	gene	ADT	mAOC-CD352	0	0	NA	ok	
Adult_cHSPCs_Ultima_majority_voting	GMP-L	663	mAOC392	mAOC-CD352	gene	ADT	mAOC-CD352	0	0	NA	ok	
Adult_cHSPCs_Ultima_majority_voting	HSC_MPP	8254	mAOC392	mAOC-CD352	gene	ADT	mAOC-CD352	0.00014996289089454	0.00014996289089454	NA	ok	
Adult_cHSPCs_Ultima_majority_voting	MEBEMP-L	1898	mAOC392	mAOC-CD352	gene	ADT	mAOC-CD352	0	0	NA	ok	
Adult_cHSPCs_Ultima_majority_voting	MKP	565	mAOC392	mAOC-CD352	gene	ADT	mAOC-CD352	0.00225531062184367	0.00225531062184367	NA	ok	
Adult_cHSPCs_Ultima_majority_voting	Monocyte	195	mAOC392	mAOC-CD352	gene	ADT	mAOC-CD352	0.00404609490285185	0.00404609490285185	NA	ok	
Adult_cHSPCs_Ultima_majority_voting	NK/T	116	mAOC392	mAOC-CD352	gene	ADT	mAOC-CD352	0	0	NA	ok	
Adult_cHSPCs_Ultima_majority_voting	B	652	mAOC411	mAOC-CD122	gene	ADT	mAOC-CD122	0.038023470817713	0.038023470817713	NA	ok	
Adult_cHSPCs_Ultima_majority_voting	CLP	506	mAOC411	mAOC-CD122	gene	ADT	mAOC-CD122	0.356245400919701	0.356245400919701	NA	ok	
Adult_cHSPCs_Ultima_majority_voting	ERYP	440	mAOC411	mAOC-CD122	gene	ADT	mAOC-CD122	0.00451877580198372	0.00451877580198372	NA	ok	
Adult_cHSPCs_Ultima_majority_voting	GMP-L	663	mAOC411	mAOC-CD122	gene	ADT	mAOC-CD122	0.031836263688618	0.031836263688618	NA	ok	
Adult_cHSPCs_Ultima_majority_voting	HSC_MPP	8254	mAOC411	mAOC-CD122	gene	ADT	mAOC-CD122	0.0511256092054093	0.0511256092054093	NA	ok	
Adult_cHSPCs_Ultima_majority_voting	MEBEMP-L	1898	mAOC411	mAOC-CD122	gene	ADT	mAOC-CD122	0.0137353463249499	0.0137353463249499	NA	ok	
Adult_cHSPCs_Ultima_majority_voting	MKP	565	mAOC411	mAOC-CD122	gene	ADT	mAOC-CD122	0.0370753240420306	0.0370753240420306	NA	ok	
Adult_cHSPCs_Ultima_majority_voting	Monocyte	195	mAOC411	mAOC-CD122	gene	ADT	mAOC-CD122	0.0732916154130137	0.0732916154130137	NA	ok	
Adult_cHSPCs_Ultima_majority_voting	NK/T	116	mAOC411	mAOC-CD122	gene	ADT	mAOC-CD122	0.396815353638225	0.396815353638225	NA	ok	
Adult_cHSPCs_Ultima_majority_voting	B	652	mAOC413	mAOC-CD116	gene	ADT	mAOC-CD116	0.139076693693882	0.139076693693882	NA	ok	
Adult_cHSPCs_Ultima_majority_voting	CLP	506	mAOC413	mAOC-CD116	gene	ADT	mAOC-CD116	0.800351126084645	0.800351126084645	NA	ok	
Adult_cHSPCs_Ultima_majority_voting	ERYP	440	mAOC413	mAOC-CD116	gene	ADT	mAOC-CD116	0.12564849355145	0.12564849355145	NA	ok	
Adult_cHSPCs_Ultima_majority_voting	GMP-L	663	mAOC413	mAOC-CD116	gene	ADT	mAOC-CD116	0.217343700785497	0.217343700785497	NA	ok	
Adult_cHSPCs_Ultima_majority_voting	HSC_MPP	8254	mAOC413	mAOC-CD116	gene	ADT	mAOC-CD116	0.154437871339332	0.154437871339332	NA	ok	
Adult_cHSPCs_Ultima_majority_voting	MEBEMP-L	1898	mAOC413	mAOC-CD116	gene	ADT	mAOC-CD116	0.098765567479324	0.098765567479324	NA	ok	
Adult_cHSPCs_Ultima_majority_voting	MKP	565	mAOC413	mAOC-CD116	gene	ADT	mAOC-CD116	0.124062568307284	0.124062568307284	NA	ok	
Adult_cHSPCs_Ultima_majority_voting	Monocyte	195	mAOC413	mAOC-CD116	gene	ADT	mAOC-CD116	2.93831365308018	2.93831365308018	NA	ok	
Adult_cHSPCs_Ultima_majority_voting	NK/T	116	mAOC413	mAOC-CD116	gene	ADT	mAOC-CD116	0.382427766227591	0.382427766227591	NA	ok	
Adult_cHSPCs_Ultima_majority_voting	B	652	mAOC415	mAOC-CD158b1	gene	ADT	mAOC-CD158b1	0.0684382117322673	0.0684382117322673	NA	ok	
Adult_cHSPCs_Ultima_majority_voting	CLP	506	mAOC415	mAOC-CD158b1	gene	ADT	mAOC-CD158b1	0.0409504794702836	0.0409504794702836	NA	ok	
Adult_cHSPCs_Ultima_majority_voting	ERYP	440	mAOC415	mAOC-CD158b1	gene	ADT	mAOC-CD158b1	0.00918085893267378	0.00918085893267378	NA	ok	
Adult_cHSPCs_Ultima_majority_voting	GMP-L	663	mAOC415	mAOC-CD158b1	gene	ADT	mAOC-CD158b1	0.0295256504296505	0.0295256504296505	NA	ok	
Adult_cHSPCs_Ultima_majority_voting	HSC_MPP	8254	mAOC415	mAOC-CD158b1	gene	ADT	mAOC-CD158b1	0.0260074475240175	0.0260074475240175	NA	ok	
Adult_cHSPCs_Ultima_majority_voting	MEBEMP-L	1898	mAOC415	mAOC-CD158b1	gene	ADT	mAOC-CD158b1	0.0178343088405033	0.0178343088405033	NA	ok	
Adult_cHSPCs_Ultima_majority_voting	MKP	565	mAOC415	mAOC-CD158b1	gene	ADT	mAOC-CD158b1	0.0318754081876023	0.0318754081876023	NA	ok	
Adult_cHSPCs_Ultima_majority_voting	Monocyte	195	mAOC415	mAOC-CD158b1	gene	ADT	mAOC-CD158b1	0.187945337165478	0.187945337165478	NA	ok	
Adult_cHSPCs_Ultima_majority_voting	NK/T	116	mAOC415	mAOC-CD158b1	gene	ADT	mAOC-CD158b1	0.363549375562469	0.363549375562469	NA	ok	
Adult_cHSPCs_Ultima_majority_voting	B	652	mAOC416	mAOC-CD278	gene	ADT	mAOC-CD278	0.0207698710944423	0.0207698710944423	NA	ok	
Adult_cHSPCs_Ultima_majority_voting	CLP	506	mAOC416	mAOC-CD278	gene	ADT	mAOC-CD278	0.0208830473342175	0.0208830473342175	NA	ok	
Adult_cHSPCs_Ultima_majority_voting	ERYP	440	mAOC416	mAOC-CD278	gene	ADT	mAOC-CD278	0.00763941614433771	0.00763941614433771	NA	ok	
Adult_cHSPCs_Ultima_majority_voting	GMP-L	663	mAOC416	mAOC-CD278	gene	ADT	mAOC-CD278	0.013610989313849	0.013610989313849	NA	ok	
Adult_cHSPCs_Ultima_majority_voting	HSC_MPP	8254	mAOC416	mAOC-CD278	gene	ADT	mAOC-CD278	0.0141145726025892	0.0141145726025892	NA	ok	
Adult_cHSPCs_Ultima_majority_voting	MEBEMP-L	1898	mAOC416	mAOC-CD278	gene	ADT	mAOC-CD278	0.0094384701876224	0.0094384701876224	NA	ok	
Adult_cHSPCs_Ultima_majority_voting	MKP	565	mAOC416	mAOC-CD278	gene	ADT	mAOC-CD278	0.0180304140780621	0.0180304140780621	NA	ok	
Adult_cHSPCs_Ultima_majority_voting	Monocyte	195	mAOC416	mAOC-CD278	gene	ADT	mAOC-CD278	0.137868250338803	0.137868250338803	NA	ok	
Adult_cHSPCs_Ultima_majority_voting	NK/T	116	mAOC416	mAOC-CD278	gene	ADT	mAOC-CD278	0.145965065244835	0.145965065244835	NA	ok	
Adult_cHSPCs_Ultima_majority_voting	B	652	mAOC417	mAOC-CD18	gene	ADT	mAOC-CD18	2.77082416372267	2.77082416372267	NA	ok	
Adult_cHSPCs_Ultima_majority_voting	CLP	506	mAOC417	mAOC-CD18	gene	ADT	mAOC-CD18	4.15085764539536	4.15085764539536	NA	ok	
Adult_cHSPCs_Ultima_majority_voting	ERYP	440	mAOC417	mAOC-CD18	gene	ADT	mAOC-CD18	1.04540886932037	1.04540886932037	NA	ok	
Adult_cHSPCs_Ultima_majority_voting	GMP-L	663	mAOC417	mAOC-CD18	gene	ADT	mAOC-CD18	2.45367461141606	2.45367461141606	NA	ok	
Adult_cHSPCs_Ultima_majority_voting	HSC_MPP	8254	mAOC417	mAOC-CD18	gene	ADT	mAOC-CD18	2.59462615324285	2.59462615324285	NA	ok	
Adult_cHSPCs_Ultima_majority_voting	MEBEMP-L	1898	mAOC417	mAOC-CD18	gene	ADT	mAOC-CD18	0.88993447727311	0.88993447727311	NA	ok	
Adult_cHSPCs_Ultima_majority_voting	MKP	565	mAOC417	mAOC-CD18	gene	ADT	mAOC-CD18	1.37668428519059	1.37668428519059	NA	ok	
Adult_cHSPCs_Ultima_majority_voting	Monocyte	195	mAOC417	mAOC-CD18	gene	ADT	mAOC-CD18	4.43003999911278	4.43003999911278	NA	ok	
Adult_cHSPCs_Ultima_majority_voting	NK/T	116	mAOC417	mAOC-CD18	gene	ADT	mAOC-CD18	2.29021174310473	2.29021174310473	NA	ok	
Adult_cHSPCs_Ultima_majority_voting	B	652	mAOC419	mAOC-CD11a	gene	ADT	mAOC-CD11a	2.36996020200169	2.36996020200169	NA	ok	
Adult_cHSPCs_Ultima_majority_voting	CLP	506	mAOC419	mAOC-CD11a	gene	ADT	mAOC-CD11a	3.78164675565779	3.78164675565779	NA	ok	
Adult_cHSPCs_Ultima_majority_voting	ERYP	440	mAOC419	mAOC-CD11a	gene	ADT	mAOC-CD11a	0.573833280485788	0.573833280485788	NA	ok	
Adult_cHSPCs_Ultima_majority_voting	GMP-L	663	mAOC419	mAOC-CD11a	gene	ADT	mAOC-CD11a	2.07198950275614	2.07198950275614	NA	ok	
Adult_cHSPCs_Ultima_majority_voting	HSC_MPP	8254	mAOC419	mAOC-CD11a	gene	ADT	mAOC-CD11a	2.16702367875897	2.16702367875897	NA	ok	
Adult_cHSPCs_Ultima_majority_voting	MEBEMP-L	1898	mAOC419	mAOC-CD11a	gene	ADT	mAOC-CD11a	0.535438112538585	0.535438112538585	NA	ok	
Adult_cHSPCs_Ultima_majority_voting	MKP	565	mAOC419	mAOC-CD11a	gene	ADT	mAOC-CD11a	0.998458488922969	0.998458488922969	NA	ok	
Adult_cHSPCs_Ultima_majority_voting	Monocyte	195	mAOC419	mAOC-CD11a	gene	ADT	mAOC-CD11a	4.24904288318155	4.24904288318155	NA	ok	
Adult_cHSPCs_Ultima_majority_voting	NK/T	116	mAOC419	mAOC-CD11a	gene	ADT	mAOC-CD11a	2.20901766990022	2.20901766990022	NA	ok	
Adult_cHSPCs_Ultima_majority_voting	B	652	mAOC421	mAOC-CD37	gene	ADT	mAOC-CD37	1.61257384266261	1.61257384266261	NA	ok	
Adult_cHSPCs_Ultima_majority_voting	CLP	506	mAOC421	mAOC-CD37	gene	ADT	mAOC-CD37	0.100933958956464	0.100933958956464	NA	ok	
Adult_cHSPCs_Ultima_majority_voting	ERYP	440	mAOC421	mAOC-CD37	gene	ADT	mAOC-CD37	0.0111748512968324	0.0111748512968324	NA	ok	
Adult_cHSPCs_Ultima_majority_voting	GMP-L	663	mAOC421	mAOC-CD37	gene	ADT	mAOC-CD37	0.0353151265994862	0.0353151265994862	NA	ok	
Adult_cHSPCs_Ultima_majority_voting	HSC_MPP	8254	mAOC421	mAOC-CD37	gene	ADT	mAOC-CD37	0.0175146735824333	0.0175146735824333	NA	ok	
Adult_cHSPCs_Ultima_majority_voting	MEBEMP-L	1898	mAOC421	mAOC-CD37	gene	ADT	mAOC-CD37	0.0135785122815157	0.0135785122815157	NA	ok	
Adult_cHSPCs_Ultima_majority_voting	MKP	565	mAOC421	mAOC-CD37	gene	ADT	mAOC-CD37	0.0411243171350458	0.0411243171350458	NA	ok	
Adult_cHSPCs_Ultima_majority_voting	Monocyte	195	mAOC421	mAOC-CD37	gene	ADT	mAOC-CD37	0.124993010993967	0.124993010993967	NA	ok	
Adult_cHSPCs_Ultima_majority_voting	NK/T	116	mAOC421	mAOC-CD37	gene	ADT	mAOC-CD37	0.373999478096371	0.373999478096371	NA	ok	
Adult_cHSPCs_Ultima_majority_voting	B	652	mAOC422	mAOC-CD26	gene	ADT	mAOC-CD26	0.137258337058916	0.137258337058916	NA	ok	
Adult_cHSPCs_Ultima_majority_voting	CLP	506	mAOC422	mAOC-CD26	gene	ADT	mAOC-CD26	0.378688973317804	0.378688973317804	NA	ok	
Adult_cHSPCs_Ultima_majority_voting	ERYP	440	mAOC422	mAOC-CD26	gene	ADT	mAOC-CD26	0.00928069293782531	0.00928069293782531	NA	ok	
Adult_cHSPCs_Ultima_majority_voting	GMP-L	663	mAOC422	mAOC-CD26	gene	ADT	mAOC-CD26	0.0508381274868976	0.0508381274868976	NA	ok	
Adult_cHSPCs_Ultima_majority_voting	HSC_MPP	8254	mAOC422	mAOC-CD26	gene	ADT	mAOC-CD26	0.107727063740062	0.107727063740062	NA	ok	
Adult_cHSPCs_Ultima_majority_voting	MEBEMP-L	1898	mAOC422	mAOC-CD26	gene	ADT	mAOC-CD26	0.0109859459798129	0.0109859459798129	NA	ok	
Adult_cHSPCs_Ultima_majority_voting	MKP	565	mAOC422	mAOC-CD26	gene	ADT	mAOC-CD26	0.0794661425985071	0.0794661425985071	NA	ok	
Adult_cHSPCs_Ultima_majority_voting	Monocyte	195	mAOC422	mAOC-CD26	gene	ADT	mAOC-CD26	0.507901655518717	0.507901655518717	NA	ok	
Adult_cHSPCs_Ultima_majority_voting	NK/T	116	mAOC422	mAOC-CD26	gene	ADT	mAOC-CD26	0.858927148117363	0.858927148117363	NA	ok	
Adult_cHSPCs_Ultima_majority_voting	B	652	mAOC423	mAOC-CD39	gene	ADT	mAOC-CD39	0.0309797864681838	0.0309797864681838	NA	ok	
Adult_cHSPCs_Ultima_majority_voting	CLP	506	mAOC423	mAOC-CD39	gene	ADT	mAOC-CD39	0.00673331027168802	0.00673331027168802	NA	ok	
Adult_cHSPCs_Ultima_majority_voting	ERYP	440	mAOC423	mAOC-CD39	gene	ADT	mAOC-CD39	0.00838382531736398	0.00838382531736398	NA	ok	
Adult_cHSPCs_Ultima_majority_voting	GMP-L	663	mAOC423	mAOC-CD39	gene	ADT	mAOC-CD39	0.0167690774062602	0.0167690774062602	NA	ok	
Adult_cHSPCs_Ultima_majority_voting	HSC_MPP	8254	mAOC423	mAOC-CD39	gene	ADT	mAOC-CD39	0.014212848473026	0.014212848473026	NA	ok	
Adult_cHSPCs_Ultima_majority_voting	MEBEMP-L	1898	mAOC423	mAOC-CD39	gene	ADT	mAOC-CD39	0.0111867200487789	0.0111867200487789	NA	ok	
Adult_cHSPCs_Ultima_majority_voting	MKP	565	mAOC423	mAOC-CD39	gene	ADT	mAOC-CD39	0.0399657657963241	0.0399657657963241	NA	ok	
Adult_cHSPCs_Ultima_majority_voting	Monocyte	195	mAOC423	mAOC-CD39	gene	ADT	mAOC-CD39	0.0881795777088931	0.0881795777088931	NA	ok	
Adult_cHSPCs_Ultima_majority_voting	NK/T	116	mAOC423	mAOC-CD39	gene	ADT	mAOC-CD39	0.126079283224629	0.126079283224629	NA	ok	
Adult_cHSPCs_Ultima_majority_voting	B	652	mAOC426	mAOC-CD172a	gene	ADT	mAOC-CD172a	0.199547029747857	0.199547029747857	NA	ok	
Adult_cHSPCs_Ultima_majority_voting	CLP	506	mAOC426	mAOC-CD172a	gene	ADT	mAOC-CD172a	0.785913547273804	0.785913547273804	NA	ok	
Adult_cHSPCs_Ultima_majority_voting	ERYP	440	mAOC426	mAOC-CD172a	gene	ADT	mAOC-CD172a	0.0996259890722013	0.0996259890722013	NA	ok	
Adult_cHSPCs_Ultima_majority_voting	GMP-L	663	mAOC426	mAOC-CD172a	gene	ADT	mAOC-CD172a	0.563072024242206	0.563072024242206	NA	ok	
Adult_cHSPCs_Ultima_majority_voting	HSC_MPP	8254	mAOC426	mAOC-CD172a	gene	ADT	mAOC-CD172a	0.701276638706004	0.701276638706004	NA	ok	
Adult_cHSPCs_Ultima_majority_voting	MEBEMP-L	1898	mAOC426	mAOC-CD172a	gene	ADT	mAOC-CD172a	0.290424417331644	0.290424417331644	NA	ok	
Adult_cHSPCs_Ultima_majority_voting	MKP	565	mAOC426	mAOC-CD172a	gene	ADT	mAOC-CD172a	0.369231840801204	0.369231840801204	NA	ok	
Adult_cHSPCs_Ultima_majority_voting	Monocyte	195	mAOC426	mAOC-CD172a	gene	ADT	mAOC-CD172a	3.95329219898163	3.95329219898163	NA	ok	
Adult_cHSPCs_Ultima_majority_voting	NK/T	116	mAOC426	mAOC-CD172a	gene	ADT	mAOC-CD172a	0.981547663078187	0.981547663078187	NA	ok	
Standardpcaclusters	1	116	mAOC433	HTO-433	hashtag	HTO	HTO-433	NA	NA	NA	missing_feature	Feature not found in HTO: HTO-433
Standardpcaclusters	2	652	mAOC433	HTO-433	hashtag	HTO	HTO-433	NA	NA	NA	missing_feature	Feature not found in HTO: HTO-433
Standardpcaclusters	3	2689	mAOC433	HTO-433	hashtag	HTO	HTO-433	NA	NA	NA	missing_feature	Feature not found in HTO: HTO-433
Standardpcaclusters	4	506	mAOC433	HTO-433	hashtag	HTO	HTO-433	NA	NA	NA	missing_feature	Feature not found in HTO: HTO-433
Standardpcaclusters	5	690	mAOC433	HTO-433	hashtag	HTO	HTO-433	NA	NA	NA	missing_feature	Feature not found in HTO: HTO-433
Standardpcaclusters	6	663	mAOC433	HTO-433	hashtag	HTO	HTO-433	NA	NA	NA	missing_feature	Feature not found in HTO: HTO-433
Standardpcaclusters	7	1552	mAOC433	HTO-433	hashtag	HTO	HTO-433	NA	NA	NA	missing_feature	Feature not found in HTO: HTO-433
Standardpcaclusters	8	2101	mAOC433	HTO-433	hashtag	HTO	HTO-433	NA	NA	NA	missing_feature	Feature not found in HTO: HTO-433
Standardpcaclusters	9	440	mAOC433	HTO-433	hashtag	HTO	HTO-433	NA	NA	NA	missing_feature	Feature not found in HTO: HTO-433
Standardpcaclusters	10	1898	mAOC433	HTO-433	hashtag	HTO	HTO-433	NA	NA	NA	missing_feature	Feature not found in HTO: HTO-433
Standardpcaclusters	11	346	mAOC433	HTO-433	hashtag	HTO	HTO-433	NA	NA	NA	missing_feature	Feature not found in HTO: HTO-433
Standardpcaclusters	12	135	mAOC433	HTO-433	hashtag	HTO	HTO-433	NA	NA	NA	missing_feature	Feature not found in HTO: HTO-433
Standardpcaclusters	13	1222	mAOC433	HTO-433	hashtag	HTO	HTO-433	NA	NA	NA	missing_feature	Feature not found in HTO: HTO-433
Standardpcaclusters	14	84	mAOC433	HTO-433	hashtag	HTO	HTO-433	NA	NA	NA	missing_feature	Feature not found in HTO: HTO-433
Standardpcaclusters	15	195	mAOC433	HTO-433	hashtag	HTO	HTO-433	NA	NA	NA	missing_feature	Feature not found in HTO: HTO-433
Standardpcaclusters	1	116	mAOC434	HTO-434	hashtag	HTO	HTO-434	NA	NA	NA	missing_feature	Feature not found in HTO: HTO-434
Standardpcaclusters	2	652	mAOC434	HTO-434	hashtag	HTO	HTO-434	NA	NA	NA	missing_feature	Feature not found in HTO: HTO-434
Standardpcaclusters	3	2689	mAOC434	HTO-434	hashtag	HTO	HTO-434	NA	NA	NA	missing_feature	Feature not found in HTO: HTO-434
Standardpcaclusters	4	506	mAOC434	HTO-434	hashtag	HTO	HTO-434	NA	NA	NA	missing_feature	Feature not found in HTO: HTO-434
Standardpcaclusters	5	690	mAOC434	HTO-434	hashtag	HTO	HTO-434	NA	NA	NA	missing_feature	Feature not found in HTO: HTO-434
Standardpcaclusters	6	663	mAOC434	HTO-434	hashtag	HTO	HTO-434	NA	NA	NA	missing_feature	Feature not found in HTO: HTO-434
Standardpcaclusters	7	1552	mAOC434	HTO-434	hashtag	HTO	HTO-434	NA	NA	NA	missing_feature	Feature not found in HTO: HTO-434
Standardpcaclusters	8	2101	mAOC434	HTO-434	hashtag	HTO	HTO-434	NA	NA	NA	missing_feature	Feature not found in HTO: HTO-434
Standardpcaclusters	9	440	mAOC434	HTO-434	hashtag	HTO	HTO-434	NA	NA	NA	missing_feature	Feature not found in HTO: HTO-434
Standardpcaclusters	10	1898	mAOC434	HTO-434	hashtag	HTO	HTO-434	NA	NA	NA	missing_feature	Feature not found in HTO: HTO-434
Standardpcaclusters	11	346	mAOC434	HTO-434	hashtag	HTO	HTO-434	NA	NA	NA	missing_feature	Feature not found in HTO: HTO-434
Standardpcaclusters	12	135	mAOC434	HTO-434	hashtag	HTO	HTO-434	NA	NA	NA	missing_feature	Feature not found in HTO: HTO-434
Standardpcaclusters	13	1222	mAOC434	HTO-434	hashtag	HTO	HTO-434	NA	NA	NA	missing_feature	Feature not found in HTO: HTO-434
Standardpcaclusters	14	84	mAOC434	HTO-434	hashtag	HTO	HTO-434	NA	NA	NA	missing_feature	Feature not found in HTO: HTO-434
Standardpcaclusters	15	195	mAOC434	HTO-434	hashtag	HTO	HTO-434	NA	NA	NA	missing_feature	Feature not found in HTO: HTO-434
Standardpcaclusters	1	116	mAOC435	HTO-435	hashtag	HTO	HTO-435	0.934050024911113	NA	0.934050024911113	ok	
Standardpcaclusters	2	652	mAOC435	HTO-435	hashtag	HTO	HTO-435	1.24663329057605	NA	1.24663329057605	ok	
Standardpcaclusters	3	2689	mAOC435	HTO-435	hashtag	HTO	HTO-435	0.998343717253644	NA	0.998343717253644	ok	
Standardpcaclusters	4	506	mAOC435	HTO-435	hashtag	HTO	HTO-435	0.870659734621485	NA	0.870659734621485	ok	
Standardpcaclusters	5	690	mAOC435	HTO-435	hashtag	HTO	HTO-435	0.986166805287359	NA	0.986166805287359	ok	
Standardpcaclusters	6	663	mAOC435	HTO-435	hashtag	HTO	HTO-435	1.03881273074476	NA	1.03881273074476	ok	
Standardpcaclusters	7	1552	mAOC435	HTO-435	hashtag	HTO	HTO-435	1.0106825298444	NA	1.0106825298444	ok	
Standardpcaclusters	8	2101	mAOC435	HTO-435	hashtag	HTO	HTO-435	0.991707354685917	NA	0.991707354685917	ok	
Standardpcaclusters	9	440	mAOC435	HTO-435	hashtag	HTO	HTO-435	0.998533565771194	NA	0.998533565771194	ok	
Standardpcaclusters	10	1898	mAOC435	HTO-435	hashtag	HTO	HTO-435	0.931005337696322	NA	0.931005337696322	ok	
Standardpcaclusters	11	346	mAOC435	HTO-435	hashtag	HTO	HTO-435	1.16123530237836	NA	1.16123530237836	ok	
Standardpcaclusters	12	135	mAOC435	HTO-435	hashtag	HTO	HTO-435	0.976044564030041	NA	0.976044564030041	ok	
Standardpcaclusters	13	1222	mAOC435	HTO-435	hashtag	HTO	HTO-435	0.818510450345805	NA	0.818510450345805	ok	
Standardpcaclusters	14	84	mAOC435	HTO-435	hashtag	HTO	HTO-435	0.976414334635555	NA	0.976414334635555	ok	
Standardpcaclusters	15	195	mAOC435	HTO-435	hashtag	HTO	HTO-435	0.863442340644245	NA	0.863442340644245	ok	
Standardpcaclusters	1	116	mAOC436	HTO-436	hashtag	HTO	HTO-436	0.876613093121731	NA	0.876613093121731	ok	
Standardpcaclusters	2	652	mAOC436	HTO-436	hashtag	HTO	HTO-436	1.2386354530956	NA	1.2386354530956	ok	
Standardpcaclusters	3	2689	mAOC436	HTO-436	hashtag	HTO	HTO-436	1.11237607206745	NA	1.11237607206745	ok	
Standardpcaclusters	4	506	mAOC436	HTO-436	hashtag	HTO	HTO-436	0.927766554678989	NA	0.927766554678989	ok	
Standardpcaclusters	5	690	mAOC436	HTO-436	hashtag	HTO	HTO-436	1.05543776536484	NA	1.05543776536484	ok	
Standardpcaclusters	6	663	mAOC436	HTO-436	hashtag	HTO	HTO-436	1.04008318445202	NA	1.04008318445202	ok	
Standardpcaclusters	7	1552	mAOC436	HTO-436	hashtag	HTO	HTO-436	1.0313788838656	NA	1.0313788838656	ok	
Standardpcaclusters	8	2101	mAOC436	HTO-436	hashtag	HTO	HTO-436	1.04750122008535	NA	1.04750122008535	ok	
Standardpcaclusters	9	440	mAOC436	HTO-436	hashtag	HTO	HTO-436	1.01307021637161	NA	1.01307021637161	ok	
Standardpcaclusters	10	1898	mAOC436	HTO-436	hashtag	HTO	HTO-436	1.00881607711316	NA	1.00881607711316	ok	
Standardpcaclusters	11	346	mAOC436	HTO-436	hashtag	HTO	HTO-436	1.07197318669776	NA	1.07197318669776	ok	
Standardpcaclusters	12	135	mAOC436	HTO-436	hashtag	HTO	HTO-436	0.939339507169276	NA	0.939339507169276	ok	
Standardpcaclusters	13	1222	mAOC436	HTO-436	hashtag	HTO	HTO-436	0.802526141481571	NA	0.802526141481571	ok	
Standardpcaclusters	14	84	mAOC436	HTO-436	hashtag	HTO	HTO-436	1.33984545645684	NA	1.33984545645684	ok	
Standardpcaclusters	15	195	mAOC436	HTO-436	hashtag	HTO	HTO-436	1.24786354467715	NA	1.24786354467715	ok	
Standardpcaclusters	1	116	mAOC437	HTO-437	hashtag	HTO	HTO-437	0.953073676290279	NA	0.953073676290279	ok	
Standardpcaclusters	2	652	mAOC437	HTO-437	hashtag	HTO	HTO-437	1.40207926509308	NA	1.40207926509308	ok	
Standardpcaclusters	3	2689	mAOC437	HTO-437	hashtag	HTO	HTO-437	1.00778578197195	NA	1.00778578197195	ok	
Standardpcaclusters	4	506	mAOC437	HTO-437	hashtag	HTO	HTO-437	0.989767615723313	NA	0.989767615723313	ok	
Standardpcaclusters	5	690	mAOC437	HTO-437	hashtag	HTO	HTO-437	1.02720236149831	NA	1.02720236149831	ok	
Standardpcaclusters	6	663	mAOC437	HTO-437	hashtag	HTO	HTO-437	1.02871146197528	NA	1.02871146197528	ok	
Standardpcaclusters	7	1552	mAOC437	HTO-437	hashtag	HTO	HTO-437	0.968023163692992	NA	0.968023163692992	ok	
Standardpcaclusters	8	2101	mAOC437	HTO-437	hashtag	HTO	HTO-437	0.957782913854156	NA	0.957782913854156	ok	
Standardpcaclusters	9	440	mAOC437	HTO-437	hashtag	HTO	HTO-437	0.952881782106964	NA	0.952881782106964	ok	
Standardpcaclusters	10	1898	mAOC437	HTO-437	hashtag	HTO	HTO-437	0.95725046194556	NA	0.95725046194556	ok	
Standardpcaclusters	11	346	mAOC437	HTO-437	hashtag	HTO	HTO-437	0.967061063059586	NA	0.967061063059586	ok	
Standardpcaclusters	12	135	mAOC437	HTO-437	hashtag	HTO	HTO-437	1.07647279032241	NA	1.07647279032241	ok	
Standardpcaclusters	13	1222	mAOC437	HTO-437	hashtag	HTO	HTO-437	0.943132436037727	NA	0.943132436037727	ok	
Standardpcaclusters	14	84	mAOC437	HTO-437	hashtag	HTO	HTO-437	1.37906650562271	NA	1.37906650562271	ok	
Standardpcaclusters	15	195	mAOC437	HTO-437	hashtag	HTO	HTO-437	1.28468091971234	NA	1.28468091971234	ok	
Standardpcaclusters	1	116	FADT0037	mAOC-S	spike_control	ADT	mAOC-S	0.0478366143654024	0.0478366143654024	NA	ok	
Standardpcaclusters	2	652	FADT0037	mAOC-S	spike_control	ADT	mAOC-S	0.0105184513220454	0.0105184513220454	NA	ok	
Standardpcaclusters	3	2689	FADT0037	mAOC-S	spike_control	ADT	mAOC-S	0.00387043030499842	0.00387043030499842	NA	ok	
Standardpcaclusters	4	506	FADT0037	mAOC-S	spike_control	ADT	mAOC-S	0.00726521266476871	0.00726521266476871	NA	ok	
Standardpcaclusters	5	690	FADT0037	mAOC-S	spike_control	ADT	mAOC-S	0.00657777572384508	0.00657777572384508	NA	ok	
Standardpcaclusters	6	663	FADT0037	mAOC-S	spike_control	ADT	mAOC-S	0.00691517453125343	0.00691517453125343	NA	ok	
Standardpcaclusters	7	1552	FADT0037	mAOC-S	spike_control	ADT	mAOC-S	0.00220444518941571	0.00220444518941571	NA	ok	
Standardpcaclusters	8	2101	FADT0037	mAOC-S	spike_control	ADT	mAOC-S	0.00518585128599473	0.00518585128599473	NA	ok	
Standardpcaclusters	9	440	FADT0037	mAOC-S	spike_control	ADT	mAOC-S	0.00530049615518503	0.00530049615518503	NA	ok	
Standardpcaclusters	10	1898	FADT0037	mAOC-S	spike_control	ADT	mAOC-S	0.00803272310832739	0.00803272310832739	NA	ok	
Standardpcaclusters	11	346	FADT0037	mAOC-S	spike_control	ADT	mAOC-S	0.00289774499409921	0.00289774499409921	NA	ok	
Standardpcaclusters	12	135	FADT0037	mAOC-S	spike_control	ADT	mAOC-S	0.019182731543009	0.019182731543009	NA	ok	
Standardpcaclusters	13	1222	FADT0037	mAOC-S	spike_control	ADT	mAOC-S	0.0273026468523853	0.0273026468523853	NA	ok	
Standardpcaclusters	14	84	FADT0037	mAOC-S	spike_control	ADT	mAOC-S	0.0419981239733077	0.0419981239733077	NA	ok	
Standardpcaclusters	15	195	FADT0037	mAOC-S	spike_control	ADT	mAOC-S	0.01642664728561	0.01642664728561	NA	ok	
Standardpcaclusters	1	116	FADT0040	mAOC-CD45RA	cd45_isoform	ADT	mAOC-CD45RA	3.35786791028099	3.35786791028099	NA	ok	
Standardpcaclusters	2	652	FADT0040	mAOC-CD45RA	cd45_isoform	ADT	mAOC-CD45RA	4.88455592282479	4.88455592282479	NA	ok	
Standardpcaclusters	3	2689	FADT0040	mAOC-CD45RA	cd45_isoform	ADT	mAOC-CD45RA	2.03907411591418	2.03907411591418	NA	ok	
Standardpcaclusters	4	506	FADT0040	mAOC-CD45RA	cd45_isoform	ADT	mAOC-CD45RA	3.1899008519284	3.1899008519284	NA	ok	
Standardpcaclusters	5	690	FADT0040	mAOC-CD45RA	cd45_isoform	ADT	mAOC-CD45RA	1.0614688102256	1.0614688102256	NA	ok	
Standardpcaclusters	6	663	FADT0040	mAOC-CD45RA	cd45_isoform	ADT	mAOC-CD45RA	1.2980191841199	1.2980191841199	NA	ok	
Standardpcaclusters	7	1552	FADT0040	mAOC-CD45RA	cd45_isoform	ADT	mAOC-CD45RA	0.949881221767928	0.949881221767928	NA	ok	
Standardpcaclusters	8	2101	FADT0040	mAOC-CD45RA	cd45_isoform	ADT	mAOC-CD45RA	0.259064317441448	0.259064317441448	NA	ok	
Standardpcaclusters	9	440	FADT0040	mAOC-CD45RA	cd45_isoform	ADT	mAOC-CD45RA	0.161906039306689	0.161906039306689	NA	ok	
Standardpcaclusters	10	1898	FADT0040	mAOC-CD45RA	cd45_isoform	ADT	mAOC-CD45RA	0.0770857986067603	0.0770857986067603	NA	ok	
Standardpcaclusters	11	346	FADT0040	mAOC-CD45RA	cd45_isoform	ADT	mAOC-CD45RA	0.564012045611948	0.564012045611948	NA	ok	
Standardpcaclusters	12	135	FADT0040	mAOC-CD45RA	cd45_isoform	ADT	mAOC-CD45RA	0.570533929604839	0.570533929604839	NA	ok	
Standardpcaclusters	13	1222	FADT0040	mAOC-CD45RA	cd45_isoform	ADT	mAOC-CD45RA	0.99323844421651	0.99323844421651	NA	ok	
Standardpcaclusters	14	84	FADT0040	mAOC-CD45RA	cd45_isoform	ADT	mAOC-CD45RA	0.075081855724507	0.075081855724507	NA	ok	
Standardpcaclusters	15	195	FADT0040	mAOC-CD45RA	cd45_isoform	ADT	mAOC-CD45RA	1.56753968264451	1.56753968264451	NA	ok	
Standardpcaclusters	1	116	FADT0041	mAOC-CD80	gene	ADT	mAOC-CD80	0.167587218062953	0.167587218062953	NA	ok	
Standardpcaclusters	2	652	FADT0041	mAOC-CD80	gene	ADT	mAOC-CD80	0.0461405394154555	0.0461405394154555	NA	ok	
Standardpcaclusters	3	2689	FADT0041	mAOC-CD80	gene	ADT	mAOC-CD80	0.0124803534317923	0.0124803534317923	NA	ok	
Standardpcaclusters	4	506	FADT0041	mAOC-CD80	gene	ADT	mAOC-CD80	0.0164174772594065	0.0164174772594065	NA	ok	
Standardpcaclusters	5	690	FADT0041	mAOC-CD80	gene	ADT	mAOC-CD80	0.015357567461561	0.015357567461561	NA	ok	
Standardpcaclusters	6	663	FADT0041	mAOC-CD80	gene	ADT	mAOC-CD80	0.0210140407299048	0.0210140407299048	NA	ok	
Standardpcaclusters	7	1552	FADT0041	mAOC-CD80	gene	ADT	mAOC-CD80	0.00968384158430599	0.00968384158430599	NA	ok	
Standardpcaclusters	8	2101	FADT0041	mAOC-CD80	gene	ADT	mAOC-CD80	0.0140868284069734	0.0140868284069734	NA	ok	
Standardpcaclusters	9	440	FADT0041	mAOC-CD80	gene	ADT	mAOC-CD80	0.00550584468228644	0.00550584468228644	NA	ok	
Standardpcaclusters	10	1898	FADT0041	mAOC-CD80	gene	ADT	mAOC-CD80	0.015184866743222	0.015184866743222	NA	ok	
Standardpcaclusters	11	346	FADT0041	mAOC-CD80	gene	ADT	mAOC-CD80	0.0031395707441194	0.0031395707441194	NA	ok	
Standardpcaclusters	12	135	FADT0041	mAOC-CD80	gene	ADT	mAOC-CD80	0.0675729648660429	0.0675729648660429	NA	ok	
Standardpcaclusters	13	1222	FADT0041	mAOC-CD80	gene	ADT	mAOC-CD80	0.106893487436725	0.106893487436725	NA	ok	
Standardpcaclusters	14	84	FADT0041	mAOC-CD80	gene	ADT	mAOC-CD80	0.108692656109477	0.108692656109477	NA	ok	
Standardpcaclusters	15	195	FADT0041	mAOC-CD80	gene	ADT	mAOC-CD80	0.0745930984839727	0.0745930984839727	NA	ok	
Standardpcaclusters	1	116	FADT0042	mAOC-CD21	gene	ADT	mAOC-CD21	1.80368756331458	1.80368756331458	NA	ok	
Standardpcaclusters	2	652	FADT0042	mAOC-CD21	gene	ADT	mAOC-CD21	3.52003778013939	3.52003778013939	NA	ok	
Standardpcaclusters	3	2689	FADT0042	mAOC-CD21	gene	ADT	mAOC-CD21	0.0960547852881577	0.0960547852881577	NA	ok	
Standardpcaclusters	4	506	FADT0042	mAOC-CD21	gene	ADT	mAOC-CD21	0.654783634146385	0.654783634146385	NA	ok	
Standardpcaclusters	5	690	FADT0042	mAOC-CD21	gene	ADT	mAOC-CD21	0.0701740076202784	0.0701740076202784	NA	ok	
Standardpcaclusters	6	663	FADT0042	mAOC-CD21	gene	ADT	mAOC-CD21	0.219289466153151	0.219289466153151	NA	ok	
Standardpcaclusters	7	1552	FADT0042	mAOC-CD21	gene	ADT	mAOC-CD21	0.0263531286187189	0.0263531286187189	NA	ok	
Standardpcaclusters	8	2101	FADT0042	mAOC-CD21	gene	ADT	mAOC-CD21	0.0361799600998495	0.0361799600998495	NA	ok	
Standardpcaclusters	9	440	FADT0042	mAOC-CD21	gene	ADT	mAOC-CD21	0.0194132647337176	0.0194132647337176	NA	ok	
Standardpcaclusters	10	1898	FADT0042	mAOC-CD21	gene	ADT	mAOC-CD21	0.0182559794062787	0.0182559794062787	NA	ok	
Standardpcaclusters	11	346	FADT0042	mAOC-CD21	gene	ADT	mAOC-CD21	0.0135052632441074	0.0135052632441074	NA	ok	
Standardpcaclusters	12	135	FADT0042	mAOC-CD21	gene	ADT	mAOC-CD21	0.059243014839989	0.059243014839989	NA	ok	
Standardpcaclusters	13	1222	FADT0042	mAOC-CD21	gene	ADT	mAOC-CD21	0.167907158181422	0.167907158181422	NA	ok	
Standardpcaclusters	14	84	FADT0042	mAOC-CD21	gene	ADT	mAOC-CD21	0.0803716030411602	0.0803716030411602	NA	ok	
Standardpcaclusters	15	195	FADT0042	mAOC-CD21	gene	ADT	mAOC-CD21	0.217156119964452	0.217156119964452	NA	ok	
Standardpcaclusters	1	116	FADT0043	mAOC-CD19	gene	ADT	mAOC-CD19	0	0	NA	ok	
Standardpcaclusters	2	652	FADT0043	mAOC-CD19	gene	ADT	mAOC-CD19	0.00159659603790393	0.00159659603790393	NA	ok	
Standardpcaclusters	3	2689	FADT0043	mAOC-CD19	gene	ADT	mAOC-CD19	0	0	NA	ok	
Standardpcaclusters	4	506	FADT0043	mAOC-CD19	gene	ADT	mAOC-CD19	0	0	NA	ok	
Standardpcaclusters	5	690	FADT0043	mAOC-CD19	gene	ADT	mAOC-CD19	0	0	NA	ok	
Standardpcaclusters	6	663	FADT0043	mAOC-CD19	gene	ADT	mAOC-CD19	1.71341994563443e-05	1.71341994563443e-05	NA	ok	
Standardpcaclusters	7	1552	FADT0043	mAOC-CD19	gene	ADT	mAOC-CD19	0	0	NA	ok	
Standardpcaclusters	8	2101	FADT0043	mAOC-CD19	gene	ADT	mAOC-CD19	4.67560197220819e-05	4.67560197220819e-05	NA	ok	
Standardpcaclusters	9	440	FADT0043	mAOC-CD19	gene	ADT	mAOC-CD19	0	0	NA	ok	
Standardpcaclusters	10	1898	FADT0043	mAOC-CD19	gene	ADT	mAOC-CD19	5.69655885027469e-05	5.69655885027469e-05	NA	ok	
Standardpcaclusters	11	346	FADT0043	mAOC-CD19	gene	ADT	mAOC-CD19	0	0	NA	ok	
Standardpcaclusters	12	135	FADT0043	mAOC-CD19	gene	ADT	mAOC-CD19	0	0	NA	ok	
Standardpcaclusters	13	1222	FADT0043	mAOC-CD19	gene	ADT	mAOC-CD19	0.000119220082986671	0.000119220082986671	NA	ok	
Standardpcaclusters	14	84	FADT0043	mAOC-CD19	gene	ADT	mAOC-CD19	0	0	NA	ok	
Standardpcaclusters	15	195	FADT0043	mAOC-CD19	gene	ADT	mAOC-CD19	0.00266927876735108	0.00266927876735108	NA	ok	
Standardpcaclusters	1	116	FADT0046	mAOC-CD4	gene	ADT	mAOC-CD4	1.41069471139761	1.41069471139761	NA	ok	
Standardpcaclusters	2	652	FADT0046	mAOC-CD4	gene	ADT	mAOC-CD4	0.272546455381825	0.272546455381825	NA	ok	
Standardpcaclusters	3	2689	FADT0046	mAOC-CD4	gene	ADT	mAOC-CD4	0.996166761057375	0.996166761057375	NA	ok	
Standardpcaclusters	4	506	FADT0046	mAOC-CD4	gene	ADT	mAOC-CD4	1.04875935662766	1.04875935662766	NA	ok	
Standardpcaclusters	5	690	FADT0046	mAOC-CD4	gene	ADT	mAOC-CD4	0.563333234739685	0.563333234739685	NA	ok	
Standardpcaclusters	6	663	FADT0046	mAOC-CD4	gene	ADT	mAOC-CD4	0.724000779472757	0.724000779472757	NA	ok	
Standardpcaclusters	7	1552	FADT0046	mAOC-CD4	gene	ADT	mAOC-CD4	1.81435817437424	1.81435817437424	NA	ok	
Standardpcaclusters	8	2101	FADT0046	mAOC-CD4	gene	ADT	mAOC-CD4	1.18345248305023	1.18345248305023	NA	ok	
Standardpcaclusters	9	440	FADT0046	mAOC-CD4	gene	ADT	mAOC-CD4	1.37708978663311	1.37708978663311	NA	ok	
Standardpcaclusters	10	1898	FADT0046	mAOC-CD4	gene	ADT	mAOC-CD4	0.518849518510379	0.518849518510379	NA	ok	
Standardpcaclusters	11	346	FADT0046	mAOC-CD4	gene	ADT	mAOC-CD4	0.781582711661775	0.781582711661775	NA	ok	
Standardpcaclusters	12	135	FADT0046	mAOC-CD4	gene	ADT	mAOC-CD4	0.712998957392996	0.712998957392996	NA	ok	
Standardpcaclusters	13	1222	FADT0046	mAOC-CD4	gene	ADT	mAOC-CD4	1.03713162897958	1.03713162897958	NA	ok	
Standardpcaclusters	14	84	FADT0046	mAOC-CD4	gene	ADT	mAOC-CD4	0.260513078706262	0.260513078706262	NA	ok	
Standardpcaclusters	15	195	FADT0046	mAOC-CD4	gene	ADT	mAOC-CD4	2.23986589228484	2.23986589228484	NA	ok	
Standardpcaclusters	1	116	FADT0158	mAOC-CD27	gene	ADT	mAOC-CD27	0.801182832683861	0.801182832683861	NA	ok	
Standardpcaclusters	2	652	FADT0158	mAOC-CD27	gene	ADT	mAOC-CD27	0.0516757039968351	0.0516757039968351	NA	ok	
Standardpcaclusters	3	2689	FADT0158	mAOC-CD27	gene	ADT	mAOC-CD27	0.00261291432233893	0.00261291432233893	NA	ok	
Standardpcaclusters	4	506	FADT0158	mAOC-CD27	gene	ADT	mAOC-CD27	0.00416785648882505	0.00416785648882505	NA	ok	
Standardpcaclusters	5	690	FADT0158	mAOC-CD27	gene	ADT	mAOC-CD27	0.00386065488153272	0.00386065488153272	NA	ok	
Standardpcaclusters	6	663	FADT0158	mAOC-CD27	gene	ADT	mAOC-CD27	0.00592560134551563	0.00592560134551563	NA	ok	
Standardpcaclusters	7	1552	FADT0158	mAOC-CD27	gene	ADT	mAOC-CD27	0.00193070839516453	0.00193070839516453	NA	ok	
Standardpcaclusters	8	2101	FADT0158	mAOC-CD27	gene	ADT	mAOC-CD27	0.00593552377629756	0.00593552377629756	NA	ok	
Standardpcaclusters	9	440	FADT0158	mAOC-CD27	gene	ADT	mAOC-CD27	0.00447520963701837	0.00447520963701837	NA	ok	
Standardpcaclusters	10	1898	FADT0158	mAOC-CD27	gene	ADT	mAOC-CD27	0.00678533090966944	0.00678533090966944	NA	ok	
Standardpcaclusters	11	346	FADT0158	mAOC-CD27	gene	ADT	mAOC-CD27	0.00105396614016565	0.00105396614016565	NA	ok	
Standardpcaclusters	12	135	FADT0158	mAOC-CD27	gene	ADT	mAOC-CD27	0.0284930438718313	0.0284930438718313	NA	ok	
Standardpcaclusters	13	1222	FADT0158	mAOC-CD27	gene	ADT	mAOC-CD27	0.0414849624277657	0.0414849624277657	NA	ok	
Standardpcaclusters	14	84	FADT0158	mAOC-CD27	gene	ADT	mAOC-CD27	0.0497694487711394	0.0497694487711394	NA	ok	
Standardpcaclusters	15	195	FADT0158	mAOC-CD27	gene	ADT	mAOC-CD27	0.00814334298301012	0.00814334298301012	NA	ok	
Standardpcaclusters	1	116	FADT0159	mAOC-CD28	gene	ADT	mAOC-CD28	0.464264681811318	0.464264681811318	NA	ok	
Standardpcaclusters	2	652	FADT0159	mAOC-CD28	gene	ADT	mAOC-CD28	0.12558717954346	0.12558717954346	NA	ok	
Standardpcaclusters	3	2689	FADT0159	mAOC-CD28	gene	ADT	mAOC-CD28	0.0144499267132014	0.0144499267132014	NA	ok	
Standardpcaclusters	4	506	FADT0159	mAOC-CD28	gene	ADT	mAOC-CD28	0.0314655767604982	0.0314655767604982	NA	ok	
Standardpcaclusters	5	690	FADT0159	mAOC-CD28	gene	ADT	mAOC-CD28	0.0210536922659627	0.0210536922659627	NA	ok	
Standardpcaclusters	6	663	FADT0159	mAOC-CD28	gene	ADT	mAOC-CD28	0.0226528868825314	0.0226528868825314	NA	ok	
Standardpcaclusters	7	1552	FADT0159	mAOC-CD28	gene	ADT	mAOC-CD28	0.00604981892816095	0.00604981892816095	NA	ok	
Standardpcaclusters	8	2101	FADT0159	mAOC-CD28	gene	ADT	mAOC-CD28	0.0133365966760097	0.0133365966760097	NA	ok	
Standardpcaclusters	9	440	FADT0159	mAOC-CD28	gene	ADT	mAOC-CD28	0.00727356149288093	0.00727356149288093	NA	ok	
Standardpcaclusters	10	1898	FADT0159	mAOC-CD28	gene	ADT	mAOC-CD28	0.0151610895190229	0.0151610895190229	NA	ok	
Standardpcaclusters	11	346	FADT0159	mAOC-CD28	gene	ADT	mAOC-CD28	0.0053933818671593	0.0053933818671593	NA	ok	
Standardpcaclusters	12	135	FADT0159	mAOC-CD28	gene	ADT	mAOC-CD28	0.0819936853586777	0.0819936853586777	NA	ok	
Standardpcaclusters	13	1222	FADT0159	mAOC-CD28	gene	ADT	mAOC-CD28	0.0690655166984735	0.0690655166984735	NA	ok	
Standardpcaclusters	14	84	FADT0159	mAOC-CD28	gene	ADT	mAOC-CD28	0.183867111320936	0.183867111320936	NA	ok	
Standardpcaclusters	15	195	FADT0159	mAOC-CD28	gene	ADT	mAOC-CD28	0.113609300325569	0.113609300325569	NA	ok	
Standardpcaclusters	1	116	FADT0160	mAOC-CD161	gene	ADT	mAOC-CD161	0.573450650397814	0.573450650397814	NA	ok	
Standardpcaclusters	2	652	FADT0160	mAOC-CD161	gene	ADT	mAOC-CD161	0.133462993679972	0.133462993679972	NA	ok	
Standardpcaclusters	3	2689	FADT0160	mAOC-CD161	gene	ADT	mAOC-CD161	0.0180901451420513	0.0180901451420513	NA	ok	
Standardpcaclusters	4	506	FADT0160	mAOC-CD161	gene	ADT	mAOC-CD161	0.0599861803306031	0.0599861803306031	NA	ok	
Standardpcaclusters	5	690	FADT0160	mAOC-CD161	gene	ADT	mAOC-CD161	0.0235272051255073	0.0235272051255073	NA	ok	
Standardpcaclusters	6	663	FADT0160	mAOC-CD161	gene	ADT	mAOC-CD161	0.0443086898991079	0.0443086898991079	NA	ok	
Standardpcaclusters	7	1552	FADT0160	mAOC-CD161	gene	ADT	mAOC-CD161	0.0094479630619247	0.0094479630619247	NA	ok	
Standardpcaclusters	8	2101	FADT0160	mAOC-CD161	gene	ADT	mAOC-CD161	0.0144611334449639	0.0144611334449639	NA	ok	
Standardpcaclusters	9	440	FADT0160	mAOC-CD161	gene	ADT	mAOC-CD161	0.0156754144548264	0.0156754144548264	NA	ok	
Standardpcaclusters	10	1898	FADT0160	mAOC-CD161	gene	ADT	mAOC-CD161	0.0205100201477626	0.0205100201477626	NA	ok	
Standardpcaclusters	11	346	FADT0160	mAOC-CD161	gene	ADT	mAOC-CD161	0.00909795700653704	0.00909795700653704	NA	ok	
Standardpcaclusters	12	135	FADT0160	mAOC-CD161	gene	ADT	mAOC-CD161	0.0492697934488844	0.0492697934488844	NA	ok	
Standardpcaclusters	13	1222	FADT0160	mAOC-CD161	gene	ADT	mAOC-CD161	0.0893481331534817	0.0893481331534817	NA	ok	
Standardpcaclusters	14	84	FADT0160	mAOC-CD161	gene	ADT	mAOC-CD161	0.25696443825504	0.25696443825504	NA	ok	
Standardpcaclusters	15	195	FADT0160	mAOC-CD161	gene	ADT	mAOC-CD161	0.130189734786463	0.130189734786463	NA	ok	
Standardpcaclusters	1	116	FADT0161	mAOC-CD38	gene	ADT	mAOC-CD38	4.27309115220156	4.27309115220156	NA	ok	
Standardpcaclusters	2	652	FADT0161	mAOC-CD38	gene	ADT	mAOC-CD38	3.98129160003969	3.98129160003969	NA	ok	
Standardpcaclusters	3	2689	FADT0161	mAOC-CD38	gene	ADT	mAOC-CD38	3.47945902623412	3.47945902623412	NA	ok	
Standardpcaclusters	4	506	FADT0161	mAOC-CD38	gene	ADT	mAOC-CD38	3.29220517568028	3.29220517568028	NA	ok	
Standardpcaclusters	5	690	FADT0161	mAOC-CD38	gene	ADT	mAOC-CD38	3.44488205292695	3.44488205292695	NA	ok	
Standardpcaclusters	6	663	FADT0161	mAOC-CD38	gene	ADT	mAOC-CD38	4.61683111506275	4.61683111506275	NA	ok	
Standardpcaclusters	7	1552	FADT0161	mAOC-CD38	gene	ADT	mAOC-CD38	2.69632046562932	2.69632046562932	NA	ok	
Standardpcaclusters	8	2101	FADT0161	mAOC-CD38	gene	ADT	mAOC-CD38	2.53707119437448	2.53707119437448	NA	ok	
Standardpcaclusters	9	440	FADT0161	mAOC-CD38	gene	ADT	mAOC-CD38	4.46531720363702	4.46531720363702	NA	ok	
Standardpcaclusters	10	1898	FADT0161	mAOC-CD38	gene	ADT	mAOC-CD38	3.26670639931547	3.26670639931547	NA	ok	
Standardpcaclusters	11	346	FADT0161	mAOC-CD38	gene	ADT	mAOC-CD38	3.92922336968558	3.92922336968558	NA	ok	
Standardpcaclusters	12	135	FADT0161	mAOC-CD38	gene	ADT	mAOC-CD38	3.11441757400143	3.11441757400143	NA	ok	
Standardpcaclusters	13	1222	FADT0161	mAOC-CD38	gene	ADT	mAOC-CD38	2.95515952433247	2.95515952433247	NA	ok	
Standardpcaclusters	14	84	FADT0161	mAOC-CD38	gene	ADT	mAOC-CD38	1.77242856981945	1.77242856981945	NA	ok	
Standardpcaclusters	15	195	FADT0161	mAOC-CD38	gene	ADT	mAOC-CD38	2.82106963579745	2.82106963579745	NA	ok	
Standardpcaclusters	1	116	FADT0166	mAOC-CD1d	gene	ADT	mAOC-CD1d	0.377846610329887	0.377846610329887	NA	ok	
Standardpcaclusters	2	652	FADT0166	mAOC-CD1d	gene	ADT	mAOC-CD1d	0.106946045290603	0.106946045290603	NA	ok	
Standardpcaclusters	3	2689	FADT0166	mAOC-CD1d	gene	ADT	mAOC-CD1d	0.0281514624083985	0.0281514624083985	NA	ok	
Standardpcaclusters	4	506	FADT0166	mAOC-CD1d	gene	ADT	mAOC-CD1d	0.0632460840096357	0.0632460840096357	NA	ok	
Standardpcaclusters	5	690	FADT0166	mAOC-CD1d	gene	ADT	mAOC-CD1d	0.0297816408676952	0.0297816408676952	NA	ok	
Standardpcaclusters	6	663	FADT0166	mAOC-CD1d	gene	ADT	mAOC-CD1d	0.0422393019186813	0.0422393019186813	NA	ok	
Standardpcaclusters	7	1552	FADT0166	mAOC-CD1d	gene	ADT	mAOC-CD1d	0.0212450829322601	0.0212450829322601	NA	ok	
Standardpcaclusters	8	2101	FADT0166	mAOC-CD1d	gene	ADT	mAOC-CD1d	0.0252662336481211	0.0252662336481211	NA	ok	
Standardpcaclusters	9	440	FADT0166	mAOC-CD1d	gene	ADT	mAOC-CD1d	0.0230124702737063	0.0230124702737063	NA	ok	
Standardpcaclusters	10	1898	FADT0166	mAOC-CD1d	gene	ADT	mAOC-CD1d	0.0237370129807142	0.0237370129807142	NA	ok	
Standardpcaclusters	11	346	FADT0166	mAOC-CD1d	gene	ADT	mAOC-CD1d	0.00449553056338235	0.00449553056338235	NA	ok	
Standardpcaclusters	12	135	FADT0166	mAOC-CD1d	gene	ADT	mAOC-CD1d	0.082356580218448	0.082356580218448	NA	ok	
Standardpcaclusters	13	1222	FADT0166	mAOC-CD1d	gene	ADT	mAOC-CD1d	0.124650218563832	0.124650218563832	NA	ok	
Standardpcaclusters	14	84	FADT0166	mAOC-CD1d	gene	ADT	mAOC-CD1d	0.184279350326824	0.184279350326824	NA	ok	
Standardpcaclusters	15	195	FADT0166	mAOC-CD1d	gene	ADT	mAOC-CD1d	0.128261686551632	0.128261686551632	NA	ok	
Standardpcaclusters	1	116	FADT0167	mAOC-CD22	gene	ADT	mAOC-CD22	1.07729233799779	1.07729233799779	NA	ok	
Standardpcaclusters	2	652	FADT0167	mAOC-CD22	gene	ADT	mAOC-CD22	3.03392432329295	3.03392432329295	NA	ok	
Standardpcaclusters	3	2689	FADT0167	mAOC-CD22	gene	ADT	mAOC-CD22	0.178499192280767	0.178499192280767	NA	ok	
Standardpcaclusters	4	506	FADT0167	mAOC-CD22	gene	ADT	mAOC-CD22	1.22903368148732	1.22903368148732	NA	ok	
Standardpcaclusters	5	690	FADT0167	mAOC-CD22	gene	ADT	mAOC-CD22	0.0321429690385565	0.0321429690385565	NA	ok	
Standardpcaclusters	6	663	FADT0167	mAOC-CD22	gene	ADT	mAOC-CD22	0.104939875812475	0.104939875812475	NA	ok	
Standardpcaclusters	7	1552	FADT0167	mAOC-CD22	gene	ADT	mAOC-CD22	0.127989098055155	0.127989098055155	NA	ok	
Standardpcaclusters	8	2101	FADT0167	mAOC-CD22	gene	ADT	mAOC-CD22	0.0275142009334913	0.0275142009334913	NA	ok	
Standardpcaclusters	9	440	FADT0167	mAOC-CD22	gene	ADT	mAOC-CD22	0.0294527316884023	0.0294527316884023	NA	ok	
Standardpcaclusters	10	1898	FADT0167	mAOC-CD22	gene	ADT	mAOC-CD22	0.0200390833064656	0.0200390833064656	NA	ok	
Standardpcaclusters	11	346	FADT0167	mAOC-CD22	gene	ADT	mAOC-CD22	0.00893806334585936	0.00893806334585936	NA	ok	
Standardpcaclusters	12	135	FADT0167	mAOC-CD22	gene	ADT	mAOC-CD22	0.114225187033462	0.114225187033462	NA	ok	
Standardpcaclusters	13	1222	FADT0167	mAOC-CD22	gene	ADT	mAOC-CD22	0.148424778492027	0.148424778492027	NA	ok	
Standardpcaclusters	14	84	FADT0167	mAOC-CD22	gene	ADT	mAOC-CD22	0.140998322025634	0.140998322025634	NA	ok	
Standardpcaclusters	15	195	FADT0167	mAOC-CD22	gene	ADT	mAOC-CD22	0.240964962718188	0.240964962718188	NA	ok	
Standardpcaclusters	1	116	FADT0170	Tag-ALFA	gene	ADT	Tag-ALFA	0.272398355336194	0.272398355336194	NA	ok	
Standardpcaclusters	2	652	FADT0170	Tag-ALFA	gene	ADT	Tag-ALFA	0.0747924121492042	0.0747924121492042	NA	ok	
Standardpcaclusters	3	2689	FADT0170	Tag-ALFA	gene	ADT	Tag-ALFA	0.0159857982464148	0.0159857982464148	NA	ok	
Standardpcaclusters	4	506	FADT0170	Tag-ALFA	gene	ADT	Tag-ALFA	0.029318374607635	0.029318374607635	NA	ok	
Standardpcaclusters	5	690	FADT0170	Tag-ALFA	gene	ADT	Tag-ALFA	0.0256681193888104	0.0256681193888104	NA	ok	
Standardpcaclusters	6	663	FADT0170	Tag-ALFA	gene	ADT	Tag-ALFA	0.0253621577406186	0.0253621577406186	NA	ok	
Standardpcaclusters	7	1552	FADT0170	Tag-ALFA	gene	ADT	Tag-ALFA	0.011383751740024	0.011383751740024	NA	ok	
Standardpcaclusters	8	2101	FADT0170	Tag-ALFA	gene	ADT	Tag-ALFA	0.016611425945147	0.016611425945147	NA	ok	
Standardpcaclusters	9	440	FADT0170	Tag-ALFA	gene	ADT	Tag-ALFA	0.0174713011118076	0.0174713011118076	NA	ok	
Standardpcaclusters	10	1898	FADT0170	Tag-ALFA	gene	ADT	Tag-ALFA	0.0219207556714184	0.0219207556714184	NA	ok	
Standardpcaclusters	11	346	FADT0170	Tag-ALFA	gene	ADT	Tag-ALFA	0.0139299658790199	0.0139299658790199	NA	ok	
Standardpcaclusters	12	135	FADT0170	Tag-ALFA	gene	ADT	Tag-ALFA	0.0848821327854342	0.0848821327854342	NA	ok	
Standardpcaclusters	13	1222	FADT0170	Tag-ALFA	gene	ADT	Tag-ALFA	0.0942944250210256	0.0942944250210256	NA	ok	
Standardpcaclusters	14	84	FADT0170	Tag-ALFA	gene	ADT	Tag-ALFA	0.442756506382919	0.442756506382919	NA	ok	
Standardpcaclusters	15	195	FADT0170	Tag-ALFA	gene	ADT	Tag-ALFA	0.0737547674348454	0.0737547674348454	NA	ok	
Standardpcaclusters	1	116	FADT0175	mAOC-CD340	gene	ADT	mAOC-CD340	0.0674054451469735	0.0674054451469735	NA	ok	
Standardpcaclusters	2	652	FADT0175	mAOC-CD340	gene	ADT	mAOC-CD340	0.0129300845733347	0.0129300845733347	NA	ok	
Standardpcaclusters	3	2689	FADT0175	mAOC-CD340	gene	ADT	mAOC-CD340	0.00465522826047915	0.00465522826047915	NA	ok	
Standardpcaclusters	4	506	FADT0175	mAOC-CD340	gene	ADT	mAOC-CD340	0.00590961189817672	0.00590961189817672	NA	ok	
Standardpcaclusters	5	690	FADT0175	mAOC-CD340	gene	ADT	mAOC-CD340	0.00413434806816716	0.00413434806816716	NA	ok	
Standardpcaclusters	6	663	FADT0175	mAOC-CD340	gene	ADT	mAOC-CD340	0.00801648286781345	0.00801648286781345	NA	ok	
Standardpcaclusters	7	1552	FADT0175	mAOC-CD340	gene	ADT	mAOC-CD340	0.0014731082212616	0.0014731082212616	NA	ok	
Standardpcaclusters	8	2101	FADT0175	mAOC-CD340	gene	ADT	mAOC-CD340	0.005813358703862	0.005813358703862	NA	ok	
Standardpcaclusters	9	440	FADT0175	mAOC-CD340	gene	ADT	mAOC-CD340	0.00182901781485014	0.00182901781485014	NA	ok	
Standardpcaclusters	10	1898	FADT0175	mAOC-CD340	gene	ADT	mAOC-CD340	0.00686233446256308	0.00686233446256308	NA	ok	
Standardpcaclusters	11	346	FADT0175	mAOC-CD340	gene	ADT	mAOC-CD340	0.000914796735146701	0.000914796735146701	NA	ok	
Standardpcaclusters	12	135	FADT0175	mAOC-CD340	gene	ADT	mAOC-CD340	0.0169783303108645	0.0169783303108645	NA	ok	
Standardpcaclusters	13	1222	FADT0175	mAOC-CD340	gene	ADT	mAOC-CD340	0.0274329205389835	0.0274329205389835	NA	ok	
Standardpcaclusters	14	84	FADT0175	mAOC-CD340	gene	ADT	mAOC-CD340	0.122078532836429	0.122078532836429	NA	ok	
Standardpcaclusters	15	195	FADT0175	mAOC-CD340	gene	ADT	mAOC-CD340	0.0388598173045672	0.0388598173045672	NA	ok	
Standardpcaclusters	1	116	FADT0180	mAOC-CD86	gene	ADT	mAOC-CD86	0.35846786812459	0.35846786812459	NA	ok	
Standardpcaclusters	2	652	FADT0180	mAOC-CD86	gene	ADT	mAOC-CD86	0.207997504532432	0.207997504532432	NA	ok	
Standardpcaclusters	3	2689	FADT0180	mAOC-CD86	gene	ADT	mAOC-CD86	0.0305208036336939	0.0305208036336939	NA	ok	
Standardpcaclusters	4	506	FADT0180	mAOC-CD86	gene	ADT	mAOC-CD86	0.554090263807187	0.554090263807187	NA	ok	
Standardpcaclusters	5	690	FADT0180	mAOC-CD86	gene	ADT	mAOC-CD86	0.043325942512313	0.043325942512313	NA	ok	
Standardpcaclusters	6	663	FADT0180	mAOC-CD86	gene	ADT	mAOC-CD86	0.16087237070487	0.16087237070487	NA	ok	
Standardpcaclusters	7	1552	FADT0180	mAOC-CD86	gene	ADT	mAOC-CD86	0.0190138617419653	0.0190138617419653	NA	ok	
Standardpcaclusters	8	2101	FADT0180	mAOC-CD86	gene	ADT	mAOC-CD86	0.0191311520528873	0.0191311520528873	NA	ok	
Standardpcaclusters	9	440	FADT0180	mAOC-CD86	gene	ADT	mAOC-CD86	0.0139549782609013	0.0139549782609013	NA	ok	
Standardpcaclusters	10	1898	FADT0180	mAOC-CD86	gene	ADT	mAOC-CD86	0.0199489909185034	0.0199489909185034	NA	ok	
Standardpcaclusters	11	346	FADT0180	mAOC-CD86	gene	ADT	mAOC-CD86	0.0180344866000077	0.0180344866000077	NA	ok	
Standardpcaclusters	12	135	FADT0180	mAOC-CD86	gene	ADT	mAOC-CD86	0.0765290759949559	0.0765290759949559	NA	ok	
Standardpcaclusters	13	1222	FADT0180	mAOC-CD86	gene	ADT	mAOC-CD86	0.121799749393511	0.121799749393511	NA	ok	
Standardpcaclusters	14	84	FADT0180	mAOC-CD86	gene	ADT	mAOC-CD86	0.162961055277982	0.162961055277982	NA	ok	
Standardpcaclusters	15	195	FADT0180	mAOC-CD86	gene	ADT	mAOC-CD86	2.11194659398435	2.11194659398435	NA	ok	
Standardpcaclusters	1	116	FADT0186	mAOC-CD223	gene	ADT	mAOC-CD223	0.105576919754754	0.105576919754754	NA	ok	
Standardpcaclusters	2	652	FADT0186	mAOC-CD223	gene	ADT	mAOC-CD223	0.0280812224397322	0.0280812224397322	NA	ok	
Standardpcaclusters	3	2689	FADT0186	mAOC-CD223	gene	ADT	mAOC-CD223	0.0653060780573614	0.0653060780573614	NA	ok	
Standardpcaclusters	4	506	FADT0186	mAOC-CD223	gene	ADT	mAOC-CD223	0.0991207333796769	0.0991207333796769	NA	ok	
Standardpcaclusters	5	690	FADT0186	mAOC-CD223	gene	ADT	mAOC-CD223	0.0233711157054004	0.0233711157054004	NA	ok	
Standardpcaclusters	6	663	FADT0186	mAOC-CD223	gene	ADT	mAOC-CD223	0.0255693191037238	0.0255693191037238	NA	ok	
Standardpcaclusters	7	1552	FADT0186	mAOC-CD223	gene	ADT	mAOC-CD223	0.166421276654633	0.166421276654633	NA	ok	
Standardpcaclusters	8	2101	FADT0186	mAOC-CD223	gene	ADT	mAOC-CD223	0.0417879259574142	0.0417879259574142	NA	ok	
Standardpcaclusters	9	440	FADT0186	mAOC-CD223	gene	ADT	mAOC-CD223	0.00499659861721308	0.00499659861721308	NA	ok	
Standardpcaclusters	10	1898	FADT0186	mAOC-CD223	gene	ADT	mAOC-CD223	0.0142799523106347	0.0142799523106347	NA	ok	
Standardpcaclusters	11	346	FADT0186	mAOC-CD223	gene	ADT	mAOC-CD223	0.00404272773659289	0.00404272773659289	NA	ok	
Standardpcaclusters	12	135	FADT0186	mAOC-CD223	gene	ADT	mAOC-CD223	0.0644224293212989	0.0644224293212989	NA	ok	
Standardpcaclusters	13	1222	FADT0186	mAOC-CD223	gene	ADT	mAOC-CD223	0.0541745006641844	0.0541745006641844	NA	ok	
Standardpcaclusters	14	84	FADT0186	mAOC-CD223	gene	ADT	mAOC-CD223	0.165171344574639	0.165171344574639	NA	ok	
Standardpcaclusters	15	195	FADT0186	mAOC-CD223	gene	ADT	mAOC-CD223	0.266651109324577	0.266651109324577	NA	ok	
Standardpcaclusters	1	116	mAOC0297	mAOC-CD100	gene	ADT	mAOC-CD100	0.238549714110891	0.238549714110891	NA	ok	
Standardpcaclusters	2	652	mAOC0297	mAOC-CD100	gene	ADT	mAOC-CD100	0.0178773904073247	0.0178773904073247	NA	ok	
Standardpcaclusters	3	2689	mAOC0297	mAOC-CD100	gene	ADT	mAOC-CD100	0.589132812655546	0.589132812655546	NA	ok	
Standardpcaclusters	4	506	mAOC0297	mAOC-CD100	gene	ADT	mAOC-CD100	0.452031786063341	0.452031786063341	NA	ok	
Standardpcaclusters	5	690	mAOC0297	mAOC-CD100	gene	ADT	mAOC-CD100	0.480989368714984	0.480989368714984	NA	ok	
Standardpcaclusters	6	663	mAOC0297	mAOC-CD100	gene	ADT	mAOC-CD100	0.626759536522239	0.626759536522239	NA	ok	
Standardpcaclusters	7	1552	mAOC0297	mAOC-CD100	gene	ADT	mAOC-CD100	0.663498845566855	0.663498845566855	NA	ok	
Standardpcaclusters	8	2101	mAOC0297	mAOC-CD100	gene	ADT	mAOC-CD100	0.670562717840556	0.670562717840556	NA	ok	
Standardpcaclusters	9	440	mAOC0297	mAOC-CD100	gene	ADT	mAOC-CD100	1.40751010498484	1.40751010498484	NA	ok	
Standardpcaclusters	10	1898	mAOC0297	mAOC-CD100	gene	ADT	mAOC-CD100	1.10517603251418	1.10517603251418	NA	ok	
Standardpcaclusters	11	346	mAOC0297	mAOC-CD100	gene	ADT	mAOC-CD100	1.10448920129962	1.10448920129962	NA	ok	
Standardpcaclusters	12	135	mAOC0297	mAOC-CD100	gene	ADT	mAOC-CD100	0.636681117164106	0.636681117164106	NA	ok	
Standardpcaclusters	13	1222	mAOC0297	mAOC-CD100	gene	ADT	mAOC-CD100	0.102293160760623	0.102293160760623	NA	ok	
Standardpcaclusters	14	84	mAOC0297	mAOC-CD100	gene	ADT	mAOC-CD100	0.762797740564224	0.762797740564224	NA	ok	
Standardpcaclusters	15	195	mAOC0297	mAOC-CD100	gene	ADT	mAOC-CD100	0.0339789540694419	0.0339789540694419	NA	ok	
Standardpcaclusters	1	116	mAOC0301	mAOC-CD16	gene	ADT	mAOC-CD16	0.143989490517096	0.143989490517096	NA	ok	
Standardpcaclusters	2	652	mAOC0301	mAOC-CD16	gene	ADT	mAOC-CD16	0.00710538138293779	0.00710538138293779	NA	ok	
Standardpcaclusters	3	2689	mAOC0301	mAOC-CD16	gene	ADT	mAOC-CD16	0.000527247103230595	0.000527247103230595	NA	ok	
Standardpcaclusters	4	506	mAOC0301	mAOC-CD16	gene	ADT	mAOC-CD16	0.00139788158991948	0.00139788158991948	NA	ok	
Standardpcaclusters	5	690	mAOC0301	mAOC-CD16	gene	ADT	mAOC-CD16	0.00153930028580034	0.00153930028580034	NA	ok	
Standardpcaclusters	6	663	mAOC0301	mAOC-CD16	gene	ADT	mAOC-CD16	0.00263219160800674	0.00263219160800674	NA	ok	
Standardpcaclusters	7	1552	mAOC0301	mAOC-CD16	gene	ADT	mAOC-CD16	0	0	NA	ok	
Standardpcaclusters	8	2101	mAOC0301	mAOC-CD16	gene	ADT	mAOC-CD16	0.00131896957080406	0.00131896957080406	NA	ok	
Standardpcaclusters	9	440	mAOC0301	mAOC-CD16	gene	ADT	mAOC-CD16	0.00254547921013304	0.00254547921013304	NA	ok	
Standardpcaclusters	10	1898	mAOC0301	mAOC-CD16	gene	ADT	mAOC-CD16	0.00193430536482546	0.00193430536482546	NA	ok	
Standardpcaclusters	11	346	mAOC0301	mAOC-CD16	gene	ADT	mAOC-CD16	0.00144013338061889	0.00144013338061889	NA	ok	
Standardpcaclusters	12	135	mAOC0301	mAOC-CD16	gene	ADT	mAOC-CD16	0.00633279707529707	0.00633279707529707	NA	ok	
Standardpcaclusters	13	1222	mAOC0301	mAOC-CD16	gene	ADT	mAOC-CD16	0.00391582887329592	0.00391582887329592	NA	ok	
Standardpcaclusters	14	84	mAOC0301	mAOC-CD16	gene	ADT	mAOC-CD16	0.0394240251159236	0.0394240251159236	NA	ok	
Standardpcaclusters	15	195	mAOC0301	mAOC-CD16	gene	ADT	mAOC-CD16	0.0147275877539539	0.0147275877539539	NA	ok	
Standardpcaclusters	1	116	mAOC0303	mAOC-CD56	gene	ADT	mAOC-CD56	0.0355977689465348	0.0355977689465348	NA	ok	
Standardpcaclusters	2	652	mAOC0303	mAOC-CD56	gene	ADT	mAOC-CD56	0.0051967517675551	0.0051967517675551	NA	ok	
Standardpcaclusters	3	2689	mAOC0303	mAOC-CD56	gene	ADT	mAOC-CD56	0.0015467822033498	0.0015467822033498	NA	ok	
Standardpcaclusters	4	506	mAOC0303	mAOC-CD56	gene	ADT	mAOC-CD56	0.0026130165150544	0.0026130165150544	NA	ok	
Standardpcaclusters	5	690	mAOC0303	mAOC-CD56	gene	ADT	mAOC-CD56	0.00296121582645491	0.00296121582645491	NA	ok	
Standardpcaclusters	6	663	mAOC0303	mAOC-CD56	gene	ADT	mAOC-CD56	0.00347857061151602	0.00347857061151602	NA	ok	
Standardpcaclusters	7	1552	mAOC0303	mAOC-CD56	gene	ADT	mAOC-CD56	0.000317280192595804	0.000317280192595804	NA	ok	
Standardpcaclusters	8	2101	mAOC0303	mAOC-CD56	gene	ADT	mAOC-CD56	0.00254169361476489	0.00254169361476489	NA	ok	
Standardpcaclusters	9	440	mAOC0303	mAOC-CD56	gene	ADT	mAOC-CD56	0.000445220351731573	0.000445220351731573	NA	ok	
Standardpcaclusters	10	1898	mAOC0303	mAOC-CD56	gene	ADT	mAOC-CD56	0.00386326077930304	0.00386326077930304	NA	ok	
Standardpcaclusters	11	346	mAOC0303	mAOC-CD56	gene	ADT	mAOC-CD56	0.0124121042565559	0.0124121042565559	NA	ok	
Standardpcaclusters	12	135	mAOC0303	mAOC-CD56	gene	ADT	mAOC-CD56	0.0122330222242395	0.0122330222242395	NA	ok	
Standardpcaclusters	13	1222	mAOC0303	mAOC-CD56	gene	ADT	mAOC-CD56	0.00567234433929871	0.00567234433929871	NA	ok	
Standardpcaclusters	14	84	mAOC0303	mAOC-CD56	gene	ADT	mAOC-CD56	0.0205235655036235	0.0205235655036235	NA	ok	
Standardpcaclusters	15	195	mAOC0303	mAOC-CD56	gene	ADT	mAOC-CD56	0.00861925874463794	0.00861925874463794	NA	ok	
Standardpcaclusters	1	116	mAOC0305	mAOC-CD8a	gene	ADT	mAOC-CD8a	0.826864092450635	0.826864092450635	NA	ok	
Standardpcaclusters	2	652	mAOC0305	mAOC-CD8a	gene	ADT	mAOC-CD8a	0.0562466758197277	0.0562466758197277	NA	ok	
Standardpcaclusters	3	2689	mAOC0305	mAOC-CD8a	gene	ADT	mAOC-CD8a	0.00519546452310716	0.00519546452310716	NA	ok	
Standardpcaclusters	4	506	mAOC0305	mAOC-CD8a	gene	ADT	mAOC-CD8a	0.0223344840815607	0.0223344840815607	NA	ok	
Standardpcaclusters	5	690	mAOC0305	mAOC-CD8a	gene	ADT	mAOC-CD8a	0.00725969617493987	0.00725969617493987	NA	ok	
Standardpcaclusters	6	663	mAOC0305	mAOC-CD8a	gene	ADT	mAOC-CD8a	0.031218026227536	0.031218026227536	NA	ok	
Standardpcaclusters	7	1552	mAOC0305	mAOC-CD8a	gene	ADT	mAOC-CD8a	0.000129871384324785	0.000129871384324785	NA	ok	
Standardpcaclusters	8	2101	mAOC0305	mAOC-CD8a	gene	ADT	mAOC-CD8a	0.00396044130819278	0.00396044130819278	NA	ok	
Standardpcaclusters	9	440	mAOC0305	mAOC-CD8a	gene	ADT	mAOC-CD8a	0.00610649498621437	0.00610649498621437	NA	ok	
Standardpcaclusters	10	1898	mAOC0305	mAOC-CD8a	gene	ADT	mAOC-CD8a	0.00556667772121041	0.00556667772121041	NA	ok	
Standardpcaclusters	11	346	mAOC0305	mAOC-CD8a	gene	ADT	mAOC-CD8a	0.00262510427707402	0.00262510427707402	NA	ok	
Standardpcaclusters	12	135	mAOC0305	mAOC-CD8a	gene	ADT	mAOC-CD8a	0.0272305447263465	0.0272305447263465	NA	ok	
Standardpcaclusters	13	1222	mAOC0305	mAOC-CD8a	gene	ADT	mAOC-CD8a	0.0853036686967121	0.0853036686967121	NA	ok	
Standardpcaclusters	14	84	mAOC0305	mAOC-CD8a	gene	ADT	mAOC-CD8a	0.0738461829147149	0.0738461829147149	NA	ok	
Standardpcaclusters	15	195	mAOC0305	mAOC-CD8a	gene	ADT	mAOC-CD8a	0.0233783088423467	0.0233783088423467	NA	ok	
Standardpcaclusters	1	116	mAOC0315	mAOC-CD3	gene	ADT	mAOC-CD3	1.15085208855427	1.15085208855427	NA	ok	
Standardpcaclusters	2	652	mAOC0315	mAOC-CD3	gene	ADT	mAOC-CD3	0.200354265085517	0.200354265085517	NA	ok	
Standardpcaclusters	3	2689	mAOC0315	mAOC-CD3	gene	ADT	mAOC-CD3	0.0331559129446063	0.0331559129446063	NA	ok	
Standardpcaclusters	4	506	mAOC0315	mAOC-CD3	gene	ADT	mAOC-CD3	0.02850471884601	0.02850471884601	NA	ok	
Standardpcaclusters	5	690	mAOC0315	mAOC-CD3	gene	ADT	mAOC-CD3	0.0498949391476677	0.0498949391476677	NA	ok	
Standardpcaclusters	6	663	mAOC0315	mAOC-CD3	gene	ADT	mAOC-CD3	0.057557130506192	0.057557130506192	NA	ok	
Standardpcaclusters	7	1552	mAOC0315	mAOC-CD3	gene	ADT	mAOC-CD3	0.0308556595738217	0.0308556595738217	NA	ok	
Standardpcaclusters	8	2101	mAOC0315	mAOC-CD3	gene	ADT	mAOC-CD3	0.029367702975238	0.029367702975238	NA	ok	
Standardpcaclusters	9	440	mAOC0315	mAOC-CD3	gene	ADT	mAOC-CD3	0.0379219110817812	0.0379219110817812	NA	ok	
Standardpcaclusters	10	1898	mAOC0315	mAOC-CD3	gene	ADT	mAOC-CD3	0.0310412601557281	0.0310412601557281	NA	ok	
Standardpcaclusters	11	346	mAOC0315	mAOC-CD3	gene	ADT	mAOC-CD3	0.00994188103711451	0.00994188103711451	NA	ok	
Standardpcaclusters	12	135	mAOC0315	mAOC-CD3	gene	ADT	mAOC-CD3	0.165485913910687	0.165485913910687	NA	ok	
Standardpcaclusters	13	1222	mAOC0315	mAOC-CD3	gene	ADT	mAOC-CD3	0.187889147889243	0.187889147889243	NA	ok	
Standardpcaclusters	14	84	mAOC0315	mAOC-CD3	gene	ADT	mAOC-CD3	0.175759974659589	0.175759974659589	NA	ok	
Standardpcaclusters	15	195	mAOC0315	mAOC-CD3	gene	ADT	mAOC-CD3	0.0598056510159697	0.0598056510159697	NA	ok	
Standardpcaclusters	1	116	mAOC0319	mAOC-CD79b	gene	ADT	mAOC-CD79b	0.0772287664967989	0.0772287664967989	NA	ok	
Standardpcaclusters	2	652	mAOC0319	mAOC-CD79b	gene	ADT	mAOC-CD79b	0.153962196716304	0.153962196716304	NA	ok	
Standardpcaclusters	3	2689	mAOC0319	mAOC-CD79b	gene	ADT	mAOC-CD79b	0.00352479822537404	0.00352479822537404	NA	ok	
Standardpcaclusters	4	506	mAOC0319	mAOC-CD79b	gene	ADT	mAOC-CD79b	0.00613603003829838	0.00613603003829838	NA	ok	
Standardpcaclusters	5	690	mAOC0319	mAOC-CD79b	gene	ADT	mAOC-CD79b	0.00954671248404302	0.00954671248404302	NA	ok	
Standardpcaclusters	6	663	mAOC0319	mAOC-CD79b	gene	ADT	mAOC-CD79b	0.00910574350517136	0.00910574350517136	NA	ok	
Standardpcaclusters	7	1552	mAOC0319	mAOC-CD79b	gene	ADT	mAOC-CD79b	0.00089054464965249	0.00089054464965249	NA	ok	
Standardpcaclusters	8	2101	mAOC0319	mAOC-CD79b	gene	ADT	mAOC-CD79b	0.004462684294115	0.004462684294115	NA	ok	
Standardpcaclusters	9	440	mAOC0319	mAOC-CD79b	gene	ADT	mAOC-CD79b	0.00370872059088701	0.00370872059088701	NA	ok	
Standardpcaclusters	10	1898	mAOC0319	mAOC-CD79b	gene	ADT	mAOC-CD79b	0.00586028076038351	0.00586028076038351	NA	ok	
Standardpcaclusters	11	346	mAOC0319	mAOC-CD79b	gene	ADT	mAOC-CD79b	0.00553046056928466	0.00553046056928466	NA	ok	
Standardpcaclusters	12	135	mAOC0319	mAOC-CD79b	gene	ADT	mAOC-CD79b	0.0218393271193911	0.0218393271193911	NA	ok	
Standardpcaclusters	13	1222	mAOC0319	mAOC-CD79b	gene	ADT	mAOC-CD79b	0.0144076189044547	0.0144076189044547	NA	ok	
Standardpcaclusters	14	84	mAOC0319	mAOC-CD79b	gene	ADT	mAOC-CD79b	0.0550420170397582	0.0550420170397582	NA	ok	
Standardpcaclusters	15	195	mAOC0319	mAOC-CD79b	gene	ADT	mAOC-CD79b	0.0305385916193588	0.0305385916193588	NA	ok	
Standardpcaclusters	1	116	mAOC0321	mAOC-CD57	gene	ADT	mAOC-CD57	0	0	NA	ok	
Standardpcaclusters	2	652	mAOC0321	mAOC-CD57	gene	ADT	mAOC-CD57	0.00355354732331572	0.00355354732331572	NA	ok	
Standardpcaclusters	3	2689	mAOC0321	mAOC-CD57	gene	ADT	mAOC-CD57	0.000672424973229522	0.000672424973229522	NA	ok	
Standardpcaclusters	4	506	mAOC0321	mAOC-CD57	gene	ADT	mAOC-CD57	0	0	NA	ok	
Standardpcaclusters	5	690	mAOC0321	mAOC-CD57	gene	ADT	mAOC-CD57	0.0192159153143206	0.0192159153143206	NA	ok	
Standardpcaclusters	6	663	mAOC0321	mAOC-CD57	gene	ADT	mAOC-CD57	0.00475927140962783	0.00475927140962783	NA	ok	
Standardpcaclusters	7	1552	mAOC0321	mAOC-CD57	gene	ADT	mAOC-CD57	0	0	NA	ok	
Standardpcaclusters	8	2101	mAOC0321	mAOC-CD57	gene	ADT	mAOC-CD57	0.00421701873231644	0.00421701873231644	NA	ok	
Standardpcaclusters	9	440	mAOC0321	mAOC-CD57	gene	ADT	mAOC-CD57	0.00127962291144179	0.00127962291144179	NA	ok	
Standardpcaclusters	10	1898	mAOC0321	mAOC-CD57	gene	ADT	mAOC-CD57	5.69655885027469e-05	5.69655885027469e-05	NA	ok	
Standardpcaclusters	11	346	mAOC0321	mAOC-CD57	gene	ADT	mAOC-CD57	0.00596905839596465	0.00596905839596465	NA	ok	
Standardpcaclusters	12	135	mAOC0321	mAOC-CD57	gene	ADT	mAOC-CD57	0.00447001846376354	0.00447001846376354	NA	ok	
Standardpcaclusters	13	1222	mAOC0321	mAOC-CD57	gene	ADT	mAOC-CD57	0.000750797676499858	0.000750797676499858	NA	ok	
Standardpcaclusters	14	84	mAOC0321	mAOC-CD57	gene	ADT	mAOC-CD57	0	0	NA	ok	
Standardpcaclusters	15	195	mAOC0321	mAOC-CD57	gene	ADT	mAOC-CD57	0.00681121288515419	0.00681121288515419	NA	ok	
Standardpcaclusters	1	116	mAOC0324	mAOC-CD49d	gene	ADT	mAOC-CD49d	0.0571854443712492	0.0571854443712492	NA	ok	
Standardpcaclusters	2	652	mAOC0324	mAOC-CD49d	gene	ADT	mAOC-CD49d	0.0123476772007166	0.0123476772007166	NA	ok	
Standardpcaclusters	3	2689	mAOC0324	mAOC-CD49d	gene	ADT	mAOC-CD49d	0.00343691289030991	0.00343691289030991	NA	ok	
Standardpcaclusters	4	506	mAOC0324	mAOC-CD49d	gene	ADT	mAOC-CD49d	0.00513125014291592	0.00513125014291592	NA	ok	
Standardpcaclusters	5	690	mAOC0324	mAOC-CD49d	gene	ADT	mAOC-CD49d	0.00904247018186758	0.00904247018186758	NA	ok	
Standardpcaclusters	6	663	mAOC0324	mAOC-CD49d	gene	ADT	mAOC-CD49d	0.00950138004346555	0.00950138004346555	NA	ok	
Standardpcaclusters	7	1552	mAOC0324	mAOC-CD49d	gene	ADT	mAOC-CD49d	0.000705910056354891	0.000705910056354891	NA	ok	
Standardpcaclusters	8	2101	mAOC0324	mAOC-CD49d	gene	ADT	mAOC-CD49d	0.00347740856908318	0.00347740856908318	NA	ok	
Standardpcaclusters	9	440	mAOC0324	mAOC-CD49d	gene	ADT	mAOC-CD49d	0.00670307483627266	0.00670307483627266	NA	ok	
Standardpcaclusters	10	1898	mAOC0324	mAOC-CD49d	gene	ADT	mAOC-CD49d	0.00709788023133596	0.00709788023133596	NA	ok	
Standardpcaclusters	11	346	mAOC0324	mAOC-CD49d	gene	ADT	mAOC-CD49d	0.00225987185078752	0.00225987185078752	NA	ok	
Standardpcaclusters	12	135	mAOC0324	mAOC-CD49d	gene	ADT	mAOC-CD49d	0.028978163006955	0.028978163006955	NA	ok	
Standardpcaclusters	13	1222	mAOC0324	mAOC-CD49d	gene	ADT	mAOC-CD49d	0.012136473203835	0.012136473203835	NA	ok	
Standardpcaclusters	14	84	mAOC0324	mAOC-CD49d	gene	ADT	mAOC-CD49d	0.0558860587687039	0.0558860587687039	NA	ok	
Standardpcaclusters	15	195	mAOC0324	mAOC-CD49d	gene	ADT	mAOC-CD49d	0.0189994115754559	0.0189994115754559	NA	ok	
Standardpcaclusters	1	116	mAOC0326	mAOC-CD5	gene	ADT	mAOC-CD5	1.69391591780313	1.69391591780313	NA	ok	
Standardpcaclusters	2	652	mAOC0326	mAOC-CD5	gene	ADT	mAOC-CD5	2.02863652333099	2.02863652333099	NA	ok	
Standardpcaclusters	3	2689	mAOC0326	mAOC-CD5	gene	ADT	mAOC-CD5	0.0424491196299482	0.0424491196299482	NA	ok	
Standardpcaclusters	4	506	mAOC0326	mAOC-CD5	gene	ADT	mAOC-CD5	0.223270573557714	0.223270573557714	NA	ok	
Standardpcaclusters	5	690	mAOC0326	mAOC-CD5	gene	ADT	mAOC-CD5	0.0293046338885595	0.0293046338885595	NA	ok	
Standardpcaclusters	6	663	mAOC0326	mAOC-CD5	gene	ADT	mAOC-CD5	0.0797312840056885	0.0797312840056885	NA	ok	
Standardpcaclusters	7	1552	mAOC0326	mAOC-CD5	gene	ADT	mAOC-CD5	0.0235206038394029	0.0235206038394029	NA	ok	
Standardpcaclusters	8	2101	mAOC0326	mAOC-CD5	gene	ADT	mAOC-CD5	0.0170787349462908	0.0170787349462908	NA	ok	
Standardpcaclusters	9	440	mAOC0326	mAOC-CD5	gene	ADT	mAOC-CD5	0.0296923461379368	0.0296923461379368	NA	ok	
Standardpcaclusters	10	1898	mAOC0326	mAOC-CD5	gene	ADT	mAOC-CD5	0.0117631704596615	0.0117631704596615	NA	ok	
Standardpcaclusters	11	346	mAOC0326	mAOC-CD5	gene	ADT	mAOC-CD5	0.00433835235928898	0.00433835235928898	NA	ok	
Standardpcaclusters	12	135	mAOC0326	mAOC-CD5	gene	ADT	mAOC-CD5	0.0928729957119533	0.0928729957119533	NA	ok	
Standardpcaclusters	13	1222	mAOC0326	mAOC-CD5	gene	ADT	mAOC-CD5	0.154198663559469	0.154198663559469	NA	ok	
Standardpcaclusters	14	84	mAOC0326	mAOC-CD5	gene	ADT	mAOC-CD5	0.0974382422911578	0.0974382422911578	NA	ok	
Standardpcaclusters	15	195	mAOC0326	mAOC-CD5	gene	ADT	mAOC-CD5	0.126415058119903	0.126415058119903	NA	ok	
Standardpcaclusters	1	116	mAOC0330	mAOC-CD49b	gene	ADT	mAOC-CD49b	0.00756893577189409	0.00756893577189409	NA	ok	
Standardpcaclusters	2	652	mAOC0330	mAOC-CD49b	gene	ADT	mAOC-CD49b	0.00432823941989051	0.00432823941989051	NA	ok	
Standardpcaclusters	3	2689	mAOC0330	mAOC-CD49b	gene	ADT	mAOC-CD49b	0.00257658166922342	0.00257658166922342	NA	ok	
Standardpcaclusters	4	506	mAOC0330	mAOC-CD49b	gene	ADT	mAOC-CD49b	0.000944105209866658	0.000944105209866658	NA	ok	
Standardpcaclusters	5	690	mAOC0330	mAOC-CD49b	gene	ADT	mAOC-CD49b	0.00470381278911658	0.00470381278911658	NA	ok	
Standardpcaclusters	6	663	mAOC0330	mAOC-CD49b	gene	ADT	mAOC-CD49b	0.00274042430614636	0.00274042430614636	NA	ok	
Standardpcaclusters	7	1552	mAOC0330	mAOC-CD49b	gene	ADT	mAOC-CD49b	6.82022839981548e-05	6.82022839981548e-05	NA	ok	
Standardpcaclusters	8	2101	mAOC0330	mAOC-CD49b	gene	ADT	mAOC-CD49b	0.000592435701524053	0.000592435701524053	NA	ok	
Standardpcaclusters	9	440	mAOC0330	mAOC-CD49b	gene	ADT	mAOC-CD49b	0.00131045022991917	0.00131045022991917	NA	ok	
Standardpcaclusters	10	1898	mAOC0330	mAOC-CD49b	gene	ADT	mAOC-CD49b	0.000716256679931399	0.000716256679931399	NA	ok	
Standardpcaclusters	11	346	mAOC0330	mAOC-CD49b	gene	ADT	mAOC-CD49b	0.000367002443877329	0.000367002443877329	NA	ok	
Standardpcaclusters	12	135	mAOC0330	mAOC-CD49b	gene	ADT	mAOC-CD49b	0.0167172299367421	0.0167172299367421	NA	ok	
Standardpcaclusters	13	1222	mAOC0330	mAOC-CD49b	gene	ADT	mAOC-CD49b	0.00191526697783386	0.00191526697783386	NA	ok	
Standardpcaclusters	14	84	mAOC0330	mAOC-CD49b	gene	ADT	mAOC-CD49b	0.0205059619097968	0.0205059619097968	NA	ok	
Standardpcaclusters	15	195	mAOC0330	mAOC-CD49b	gene	ADT	mAOC-CD49b	0.00297236381107572	0.00297236381107572	NA	ok	
Standardpcaclusters	1	116	mAOC0331	mAOC-CD226	gene	ADT	mAOC-CD226	0.187735219901635	0.187735219901635	NA	ok	
Standardpcaclusters	2	652	mAOC0331	mAOC-CD226	gene	ADT	mAOC-CD226	0.0451541307151122	0.0451541307151122	NA	ok	
Standardpcaclusters	3	2689	mAOC0331	mAOC-CD226	gene	ADT	mAOC-CD226	0.0105535645518359	0.0105535645518359	NA	ok	
Standardpcaclusters	4	506	mAOC0331	mAOC-CD226	gene	ADT	mAOC-CD226	0.0254649651945018	0.0254649651945018	NA	ok	
Standardpcaclusters	5	690	mAOC0331	mAOC-CD226	gene	ADT	mAOC-CD226	0.0285444067466838	0.0285444067466838	NA	ok	
Standardpcaclusters	6	663	mAOC0331	mAOC-CD226	gene	ADT	mAOC-CD226	0.0316896666073881	0.0316896666073881	NA	ok	
Standardpcaclusters	7	1552	mAOC0331	mAOC-CD226	gene	ADT	mAOC-CD226	0.00809029600640422	0.00809029600640422	NA	ok	
Standardpcaclusters	8	2101	mAOC0331	mAOC-CD226	gene	ADT	mAOC-CD226	0.0205163112257194	0.0205163112257194	NA	ok	
Standardpcaclusters	9	440	mAOC0331	mAOC-CD226	gene	ADT	mAOC-CD226	0.0102548671667763	0.0102548671667763	NA	ok	
Standardpcaclusters	10	1898	mAOC0331	mAOC-CD226	gene	ADT	mAOC-CD226	0.0275244578551081	0.0275244578551081	NA	ok	
Standardpcaclusters	11	346	mAOC0331	mAOC-CD226	gene	ADT	mAOC-CD226	0.00646910572575213	0.00646910572575213	NA	ok	
Standardpcaclusters	12	135	mAOC0331	mAOC-CD226	gene	ADT	mAOC-CD226	0.0962303612713155	0.0962303612713155	NA	ok	
Standardpcaclusters	13	1222	mAOC0331	mAOC-CD226	gene	ADT	mAOC-CD226	0.0772729579972572	0.0772729579972572	NA	ok	
Standardpcaclusters	14	84	mAOC0331	mAOC-CD226	gene	ADT	mAOC-CD226	1.64972703434908	1.64972703434908	NA	ok	
Standardpcaclusters	15	195	mAOC0331	mAOC-CD226	gene	ADT	mAOC-CD226	0.824611992191456	0.824611992191456	NA	ok	
Standardpcaclusters	1	116	mAOC0334	mAOC-CD96	gene	ADT	mAOC-CD96	0.00334778725013812	0.00334778725013812	NA	ok	
Standardpcaclusters	2	652	mAOC0334	mAOC-CD96	gene	ADT	mAOC-CD96	0.0123634172878167	0.0123634172878167	NA	ok	
Standardpcaclusters	3	2689	mAOC0334	mAOC-CD96	gene	ADT	mAOC-CD96	0.00435453412002049	0.00435453412002049	NA	ok	
Standardpcaclusters	4	506	mAOC0334	mAOC-CD96	gene	ADT	mAOC-CD96	0.004126778474374	0.004126778474374	NA	ok	
Standardpcaclusters	5	690	mAOC0334	mAOC-CD96	gene	ADT	mAOC-CD96	0.00773128140081316	0.00773128140081316	NA	ok	
Standardpcaclusters	6	663	mAOC0334	mAOC-CD96	gene	ADT	mAOC-CD96	0.00441099983162411	0.00441099983162411	NA	ok	
Standardpcaclusters	7	1552	mAOC0334	mAOC-CD96	gene	ADT	mAOC-CD96	0.00722396981618733	0.00722396981618733	NA	ok	
Standardpcaclusters	8	2101	mAOC0334	mAOC-CD96	gene	ADT	mAOC-CD96	0.00898603991250722	0.00898603991250722	NA	ok	
Standardpcaclusters	9	440	mAOC0334	mAOC-CD96	gene	ADT	mAOC-CD96	0.00750181878050657	0.00750181878050657	NA	ok	
Standardpcaclusters	10	1898	mAOC0334	mAOC-CD96	gene	ADT	mAOC-CD96	0.00681365905462285	0.00681365905462285	NA	ok	
Standardpcaclusters	11	346	mAOC0334	mAOC-CD96	gene	ADT	mAOC-CD96	0.00534844890430127	0.00534844890430127	NA	ok	
Standardpcaclusters	12	135	mAOC0334	mAOC-CD96	gene	ADT	mAOC-CD96	0.00451630122991341	0.00451630122991341	NA	ok	
Standardpcaclusters	13	1222	mAOC0334	mAOC-CD96	gene	ADT	mAOC-CD96	0.00452849586792958	0.00452849586792958	NA	ok	
Standardpcaclusters	14	84	mAOC0334	mAOC-CD96	gene	ADT	mAOC-CD96	0	0	NA	ok	
Standardpcaclusters	15	195	mAOC0334	mAOC-CD96	gene	ADT	mAOC-CD96	0.00506976019359963	0.00506976019359963	NA	ok	
Standardpcaclusters	1	116	mAOC0336	mAOC-CD34	gene	ADT	mAOC-CD34	0.274633312184628	0.274633312184628	NA	ok	
Standardpcaclusters	2	652	mAOC0336	mAOC-CD34	gene	ADT	mAOC-CD34	0.0240277033592879	0.0240277033592879	NA	ok	
Standardpcaclusters	3	2689	mAOC0336	mAOC-CD34	gene	ADT	mAOC-CD34	1.16197106784933	1.16197106784933	NA	ok	
Standardpcaclusters	4	506	mAOC0336	mAOC-CD34	gene	ADT	mAOC-CD34	1.00295914691958	1.00295914691958	NA	ok	
Standardpcaclusters	5	690	mAOC0336	mAOC-CD34	gene	ADT	mAOC-CD34	0.978174012776815	0.978174012776815	NA	ok	
Standardpcaclusters	6	663	mAOC0336	mAOC-CD34	gene	ADT	mAOC-CD34	0.699966642937723	0.699966642937723	NA	ok	
Standardpcaclusters	7	1552	mAOC0336	mAOC-CD34	gene	ADT	mAOC-CD34	1.20404732966339	1.20404732966339	NA	ok	
Standardpcaclusters	8	2101	mAOC0336	mAOC-CD34	gene	ADT	mAOC-CD34	1.16720376776846	1.16720376776846	NA	ok	
Standardpcaclusters	9	440	mAOC0336	mAOC-CD34	gene	ADT	mAOC-CD34	0.648975136080405	0.648975136080405	NA	ok	
Standardpcaclusters	10	1898	mAOC0336	mAOC-CD34	gene	ADT	mAOC-CD34	0.613629220796424	0.613629220796424	NA	ok	
Standardpcaclusters	11	346	mAOC0336	mAOC-CD34	gene	ADT	mAOC-CD34	0.89055674025764	0.89055674025764	NA	ok	
Standardpcaclusters	12	135	mAOC0336	mAOC-CD34	gene	ADT	mAOC-CD34	0.793576784882178	0.793576784882178	NA	ok	
Standardpcaclusters	13	1222	mAOC0336	mAOC-CD34	gene	ADT	mAOC-CD34	0.954398746276631	0.954398746276631	NA	ok	
Standardpcaclusters	14	84	mAOC0336	mAOC-CD34	gene	ADT	mAOC-CD34	0.494186150435457	0.494186150435457	NA	ok	
Standardpcaclusters	15	195	mAOC0336	mAOC-CD34	gene	ADT	mAOC-CD34	0.191952995344959	0.191952995344959	NA	ok	
Standardpcaclusters	1	116	mAOC0339	mAOC-CD133	gene	ADT	mAOC-CD133	0	0	NA	ok	
Standardpcaclusters	2	652	mAOC0339	mAOC-CD133	gene	ADT	mAOC-CD133	0.00168522814675623	0.00168522814675623	NA	ok	
Standardpcaclusters	3	2689	mAOC0339	mAOC-CD133	gene	ADT	mAOC-CD133	0	0	NA	ok	
Standardpcaclusters	4	506	mAOC0339	mAOC-CD133	gene	ADT	mAOC-CD133	0	0	NA	ok	
Standardpcaclusters	5	690	mAOC0339	mAOC-CD133	gene	ADT	mAOC-CD133	0.00111192752477031	0.00111192752477031	NA	ok	
Standardpcaclusters	6	663	mAOC0339	mAOC-CD133	gene	ADT	mAOC-CD133	0.00175696882185337	0.00175696882185337	NA	ok	
Standardpcaclusters	7	1552	mAOC0339	mAOC-CD133	gene	ADT	mAOC-CD133	0	0	NA	ok	
Standardpcaclusters	8	2101	mAOC0339	mAOC-CD133	gene	ADT	mAOC-CD133	0.000286416938389409	0.000286416938389409	NA	ok	
Standardpcaclusters	9	440	mAOC0339	mAOC-CD133	gene	ADT	mAOC-CD133	0.00112606136213886	0.00112606136213886	NA	ok	
Standardpcaclusters	10	1898	mAOC0339	mAOC-CD133	gene	ADT	mAOC-CD133	0	0	NA	ok	
Standardpcaclusters	11	346	mAOC0339	mAOC-CD133	gene	ADT	mAOC-CD133	0	0	NA	ok	
Standardpcaclusters	12	135	mAOC0339	mAOC-CD133	gene	ADT	mAOC-CD133	0.00440627640604983	0.00440627640604983	NA	ok	
Standardpcaclusters	13	1222	mAOC0339	mAOC-CD133	gene	ADT	mAOC-CD133	0.000499375104652479	0.000499375104652479	NA	ok	
Standardpcaclusters	14	84	mAOC0339	mAOC-CD133	gene	ADT	mAOC-CD133	0	0	NA	ok	
Standardpcaclusters	15	195	mAOC0339	mAOC-CD133	gene	ADT	mAOC-CD133	0	0	NA	ok	
Standardpcaclusters	1	116	mAOC0341	mAOC-HLA-DRA	gene	ADT	mAOC-HLA-DRA	0	0	NA	ok	
Standardpcaclusters	2	652	mAOC0341	mAOC-HLA-DRA	gene	ADT	mAOC-HLA-DRA	0.00437942301504277	0.00437942301504277	NA	ok	
Standardpcaclusters	3	2689	mAOC0341	mAOC-HLA-DRA	gene	ADT	mAOC-HLA-DRA	0	0	NA	ok	
Standardpcaclusters	4	506	mAOC0341	mAOC-HLA-DRA	gene	ADT	mAOC-HLA-DRA	0	0	NA	ok	
Standardpcaclusters	5	690	mAOC0341	mAOC-HLA-DRA	gene	ADT	mAOC-HLA-DRA	0	0	NA	ok	
Standardpcaclusters	6	663	mAOC0341	mAOC-HLA-DRA	gene	ADT	mAOC-HLA-DRA	0.000670984529210929	0.000670984529210929	NA	ok	
Standardpcaclusters	7	1552	mAOC0341	mAOC-HLA-DRA	gene	ADT	mAOC-HLA-DRA	0	0	NA	ok	
Standardpcaclusters	8	2101	mAOC0341	mAOC-HLA-DRA	gene	ADT	mAOC-HLA-DRA	0	0	NA	ok	
Standardpcaclusters	9	440	mAOC0341	mAOC-HLA-DRA	gene	ADT	mAOC-HLA-DRA	0	0	NA	ok	
Standardpcaclusters	10	1898	mAOC0341	mAOC-HLA-DRA	gene	ADT	mAOC-HLA-DRA	0	0	NA	ok	
Standardpcaclusters	11	346	mAOC0341	mAOC-HLA-DRA	gene	ADT	mAOC-HLA-DRA	0	0	NA	ok	
Standardpcaclusters	12	135	mAOC0341	mAOC-HLA-DRA	gene	ADT	mAOC-HLA-DRA	0	0	NA	ok	
Standardpcaclusters	13	1222	mAOC0341	mAOC-HLA-DRA	gene	ADT	mAOC-HLA-DRA	0	0	NA	ok	
Standardpcaclusters	14	84	mAOC0341	mAOC-HLA-DRA	gene	ADT	mAOC-HLA-DRA	0	0	NA	ok	
Standardpcaclusters	15	195	mAOC0341	mAOC-HLA-DRA	gene	ADT	mAOC-HLA-DRA	0	0	NA	ok	
Standardpcaclusters	1	116	mAOC0440	mAOC-CD70	gene	ADT	mAOC-CD70	0.387417156005868	0.387417156005868	NA	ok	
Standardpcaclusters	2	652	mAOC0440	mAOC-CD70	gene	ADT	mAOC-CD70	0.179753961039681	0.179753961039681	NA	ok	
Standardpcaclusters	3	2689	mAOC0440	mAOC-CD70	gene	ADT	mAOC-CD70	0.0818967371546055	0.0818967371546055	NA	ok	
Standardpcaclusters	4	506	mAOC0440	mAOC-CD70	gene	ADT	mAOC-CD70	0.100204870280697	0.100204870280697	NA	ok	
Standardpcaclusters	5	690	mAOC0440	mAOC-CD70	gene	ADT	mAOC-CD70	0.161245763786444	0.161245763786444	NA	ok	
Standardpcaclusters	6	663	mAOC0440	mAOC-CD70	gene	ADT	mAOC-CD70	0.210616239675184	0.210616239675184	NA	ok	
Standardpcaclusters	7	1552	mAOC0440	mAOC-CD70	gene	ADT	mAOC-CD70	0.120044909941352	0.120044909941352	NA	ok	
Standardpcaclusters	8	2101	mAOC0440	mAOC-CD70	gene	ADT	mAOC-CD70	0.214045872871199	0.214045872871199	NA	ok	
Standardpcaclusters	9	440	mAOC0440	mAOC-CD70	gene	ADT	mAOC-CD70	1.39261401334177	1.39261401334177	NA	ok	
Standardpcaclusters	10	1898	mAOC0440	mAOC-CD70	gene	ADT	mAOC-CD70	0.913600513783812	0.913600513783812	NA	ok	
Standardpcaclusters	11	346	mAOC0440	mAOC-CD70	gene	ADT	mAOC-CD70	0.704081588855058	0.704081588855058	NA	ok	
Standardpcaclusters	12	135	mAOC0440	mAOC-CD70	gene	ADT	mAOC-CD70	1.26967720249004	1.26967720249004	NA	ok	
Standardpcaclusters	13	1222	mAOC0440	mAOC-CD70	gene	ADT	mAOC-CD70	0.520779954529744	0.520779954529744	NA	ok	
Standardpcaclusters	14	84	mAOC0440	mAOC-CD70	gene	ADT	mAOC-CD70	1.28798977353051	1.28798977353051	NA	ok	
Standardpcaclusters	15	195	mAOC0440	mAOC-CD70	gene	ADT	mAOC-CD70	0.220289235439805	0.220289235439805	NA	ok	
Standardpcaclusters	1	116	mAOC0442	mAOC-CD105	gene	ADT	mAOC-CD105	0.0965807422677088	0.0965807422677088	NA	ok	
Standardpcaclusters	2	652	mAOC0442	mAOC-CD105	gene	ADT	mAOC-CD105	0.0232315465829115	0.0232315465829115	NA	ok	
Standardpcaclusters	3	2689	mAOC0442	mAOC-CD105	gene	ADT	mAOC-CD105	0.00824743571111493	0.00824743571111493	NA	ok	
Standardpcaclusters	4	506	mAOC0442	mAOC-CD105	gene	ADT	mAOC-CD105	0.00774360493674329	0.00774360493674329	NA	ok	
Standardpcaclusters	5	690	mAOC0442	mAOC-CD105	gene	ADT	mAOC-CD105	0.0122265148805445	0.0122265148805445	NA	ok	
Standardpcaclusters	6	663	mAOC0442	mAOC-CD105	gene	ADT	mAOC-CD105	0.0163373052514971	0.0163373052514971	NA	ok	
Standardpcaclusters	7	1552	mAOC0442	mAOC-CD105	gene	ADT	mAOC-CD105	0.00464082418756527	0.00464082418756527	NA	ok	
Standardpcaclusters	8	2101	mAOC0442	mAOC-CD105	gene	ADT	mAOC-CD105	0.00983115902503833	0.00983115902503833	NA	ok	
Standardpcaclusters	9	440	mAOC0442	mAOC-CD105	gene	ADT	mAOC-CD105	0.00884223891673154	0.00884223891673154	NA	ok	
Standardpcaclusters	10	1898	mAOC0442	mAOC-CD105	gene	ADT	mAOC-CD105	0.0134112373850111	0.0134112373850111	NA	ok	
Standardpcaclusters	11	346	mAOC0442	mAOC-CD105	gene	ADT	mAOC-CD105	0.00597862107919865	0.00597862107919865	NA	ok	
Standardpcaclusters	12	135	mAOC0442	mAOC-CD105	gene	ADT	mAOC-CD105	0.0472806642252134	0.0472806642252134	NA	ok	
Standardpcaclusters	13	1222	mAOC0442	mAOC-CD105	gene	ADT	mAOC-CD105	0.0452885717851009	0.0452885717851009	NA	ok	
Standardpcaclusters	14	84	mAOC0442	mAOC-CD105	gene	ADT	mAOC-CD105	0.174034291457159	0.174034291457159	NA	ok	
Standardpcaclusters	15	195	mAOC0442	mAOC-CD105	gene	ADT	mAOC-CD105	0.0472205329965684	0.0472205329965684	NA	ok	
Standardpcaclusters	1	116	mAOC0444	mAOC-CD124	gene	ADT	mAOC-CD124	0.393119410735916	0.393119410735916	NA	ok	
Standardpcaclusters	2	652	mAOC0444	mAOC-CD124	gene	ADT	mAOC-CD124	0.533261817280095	0.533261817280095	NA	ok	
Standardpcaclusters	3	2689	mAOC0444	mAOC-CD124	gene	ADT	mAOC-CD124	0.0727546318964262	0.0727546318964262	NA	ok	
Standardpcaclusters	4	506	mAOC0444	mAOC-CD124	gene	ADT	mAOC-CD124	0.129134759492593	0.129134759492593	NA	ok	
Standardpcaclusters	5	690	mAOC0444	mAOC-CD124	gene	ADT	mAOC-CD124	0.0415258484214721	0.0415258484214721	NA	ok	
Standardpcaclusters	6	663	mAOC0444	mAOC-CD124	gene	ADT	mAOC-CD124	0.0805993210375124	0.0805993210375124	NA	ok	
Standardpcaclusters	7	1552	mAOC0444	mAOC-CD124	gene	ADT	mAOC-CD124	0.0545325603140513	0.0545325603140513	NA	ok	
Standardpcaclusters	8	2101	mAOC0444	mAOC-CD124	gene	ADT	mAOC-CD124	0.0287223435991245	0.0287223435991245	NA	ok	
Standardpcaclusters	9	440	mAOC0444	mAOC-CD124	gene	ADT	mAOC-CD124	0.0200773907785536	0.0200773907785536	NA	ok	
Standardpcaclusters	10	1898	mAOC0444	mAOC-CD124	gene	ADT	mAOC-CD124	0.0343636430787748	0.0343636430787748	NA	ok	
Standardpcaclusters	11	346	mAOC0444	mAOC-CD124	gene	ADT	mAOC-CD124	0.00758419267784638	0.00758419267784638	NA	ok	
Standardpcaclusters	12	135	mAOC0444	mAOC-CD124	gene	ADT	mAOC-CD124	0.103967981957123	0.103967981957123	NA	ok	
Standardpcaclusters	13	1222	mAOC0444	mAOC-CD124	gene	ADT	mAOC-CD124	0.0913348734673206	0.0913348734673206	NA	ok	
Standardpcaclusters	14	84	mAOC0444	mAOC-CD124	gene	ADT	mAOC-CD124	0.205229208936822	0.205229208936822	NA	ok	
Standardpcaclusters	15	195	mAOC0444	mAOC-CD124	gene	ADT	mAOC-CD124	0.80927655468667	0.80927655468667	NA	ok	
Standardpcaclusters	1	116	mAOC0448	mAOC-CD155	gene	ADT	mAOC-CD155	0.108242019755518	0.108242019755518	NA	ok	
Standardpcaclusters	2	652	mAOC0448	mAOC-CD155	gene	ADT	mAOC-CD155	0.0233471049590159	0.0233471049590159	NA	ok	
Standardpcaclusters	3	2689	mAOC0448	mAOC-CD155	gene	ADT	mAOC-CD155	0.0101999333779506	0.0101999333779506	NA	ok	
Standardpcaclusters	4	506	mAOC0448	mAOC-CD155	gene	ADT	mAOC-CD155	0.011370033766545	0.011370033766545	NA	ok	
Standardpcaclusters	5	690	mAOC0448	mAOC-CD155	gene	ADT	mAOC-CD155	0.0126161052185401	0.0126161052185401	NA	ok	
Standardpcaclusters	6	663	mAOC0448	mAOC-CD155	gene	ADT	mAOC-CD155	0.0163894758090749	0.0163894758090749	NA	ok	
Standardpcaclusters	7	1552	mAOC0448	mAOC-CD155	gene	ADT	mAOC-CD155	0.00279376262227405	0.00279376262227405	NA	ok	
Standardpcaclusters	8	2101	mAOC0448	mAOC-CD155	gene	ADT	mAOC-CD155	0.00958308911138076	0.00958308911138076	NA	ok	
Standardpcaclusters	9	440	mAOC0448	mAOC-CD155	gene	ADT	mAOC-CD155	0.00635761359623989	0.00635761359623989	NA	ok	
Standardpcaclusters	10	1898	mAOC0448	mAOC-CD155	gene	ADT	mAOC-CD155	0.0132563826117055	0.0132563826117055	NA	ok	
Standardpcaclusters	11	346	mAOC0448	mAOC-CD155	gene	ADT	mAOC-CD155	0.00574086958180802	0.00574086958180802	NA	ok	
Standardpcaclusters	12	135	mAOC0448	mAOC-CD155	gene	ADT	mAOC-CD155	0.093083463981476	0.093083463981476	NA	ok	
Standardpcaclusters	13	1222	mAOC0448	mAOC-CD155	gene	ADT	mAOC-CD155	0.0631710967675911	0.0631710967675911	NA	ok	
Standardpcaclusters	14	84	mAOC0448	mAOC-CD155	gene	ADT	mAOC-CD155	0.132434387872535	0.132434387872535	NA	ok	
Standardpcaclusters	15	195	mAOC0448	mAOC-CD155	gene	ADT	mAOC-CD155	0.069098007937258	0.069098007937258	NA	ok	
Standardpcaclusters	1	116	mAOC0450	mAOC-CD40	gene	ADT	mAOC-CD40	0.401791110161264	0.401791110161264	NA	ok	
Standardpcaclusters	2	652	mAOC0450	mAOC-CD40	gene	ADT	mAOC-CD40	2.17064231726569	2.17064231726569	NA	ok	
Standardpcaclusters	3	2689	mAOC0450	mAOC-CD40	gene	ADT	mAOC-CD40	0.0129434106398395	0.0129434106398395	NA	ok	
Standardpcaclusters	4	506	mAOC0450	mAOC-CD40	gene	ADT	mAOC-CD40	0.154870632518443	0.154870632518443	NA	ok	
Standardpcaclusters	5	690	mAOC0450	mAOC-CD40	gene	ADT	mAOC-CD40	0.0264068618238837	0.0264068618238837	NA	ok	
Standardpcaclusters	6	663	mAOC0450	mAOC-CD40	gene	ADT	mAOC-CD40	0.0728173353743825	0.0728173353743825	NA	ok	
Standardpcaclusters	7	1552	mAOC0450	mAOC-CD40	gene	ADT	mAOC-CD40	0.0079192863947843	0.0079192863947843	NA	ok	
Standardpcaclusters	8	2101	mAOC0450	mAOC-CD40	gene	ADT	mAOC-CD40	0.04623523237276	0.04623523237276	NA	ok	
Standardpcaclusters	9	440	mAOC0450	mAOC-CD40	gene	ADT	mAOC-CD40	0.196911097590301	0.196911097590301	NA	ok	
Standardpcaclusters	10	1898	mAOC0450	mAOC-CD40	gene	ADT	mAOC-CD40	0.268581452101156	0.268581452101156	NA	ok	
Standardpcaclusters	11	346	mAOC0450	mAOC-CD40	gene	ADT	mAOC-CD40	0.363777143217911	0.363777143217911	NA	ok	
Standardpcaclusters	12	135	mAOC0450	mAOC-CD40	gene	ADT	mAOC-CD40	0.524708557357845	0.524708557357845	NA	ok	
Standardpcaclusters	13	1222	mAOC0450	mAOC-CD40	gene	ADT	mAOC-CD40	0.10827270189254	0.10827270189254	NA	ok	
Standardpcaclusters	14	84	mAOC0450	mAOC-CD40	gene	ADT	mAOC-CD40	1.51236689930284	1.51236689930284	NA	ok	
Standardpcaclusters	15	195	mAOC0450	mAOC-CD40	gene	ADT	mAOC-CD40	0.992330247668418	0.992330247668418	NA	ok	
Standardpcaclusters	1	116	mAOC0451	mAOC-CD40	gene	ADT	mAOC-CD40	0.401791110161264	0.401791110161264	NA	ok	
Standardpcaclusters	2	652	mAOC0451	mAOC-CD40	gene	ADT	mAOC-CD40	2.17064231726569	2.17064231726569	NA	ok	
Standardpcaclusters	3	2689	mAOC0451	mAOC-CD40	gene	ADT	mAOC-CD40	0.0129434106398395	0.0129434106398395	NA	ok	
Standardpcaclusters	4	506	mAOC0451	mAOC-CD40	gene	ADT	mAOC-CD40	0.154870632518443	0.154870632518443	NA	ok	
Standardpcaclusters	5	690	mAOC0451	mAOC-CD40	gene	ADT	mAOC-CD40	0.0264068618238837	0.0264068618238837	NA	ok	
Standardpcaclusters	6	663	mAOC0451	mAOC-CD40	gene	ADT	mAOC-CD40	0.0728173353743825	0.0728173353743825	NA	ok	
Standardpcaclusters	7	1552	mAOC0451	mAOC-CD40	gene	ADT	mAOC-CD40	0.0079192863947843	0.0079192863947843	NA	ok	
Standardpcaclusters	8	2101	mAOC0451	mAOC-CD40	gene	ADT	mAOC-CD40	0.04623523237276	0.04623523237276	NA	ok	
Standardpcaclusters	9	440	mAOC0451	mAOC-CD40	gene	ADT	mAOC-CD40	0.196911097590301	0.196911097590301	NA	ok	
Standardpcaclusters	10	1898	mAOC0451	mAOC-CD40	gene	ADT	mAOC-CD40	0.268581452101156	0.268581452101156	NA	ok	
Standardpcaclusters	11	346	mAOC0451	mAOC-CD40	gene	ADT	mAOC-CD40	0.363777143217911	0.363777143217911	NA	ok	
Standardpcaclusters	12	135	mAOC0451	mAOC-CD40	gene	ADT	mAOC-CD40	0.524708557357845	0.524708557357845	NA	ok	
Standardpcaclusters	13	1222	mAOC0451	mAOC-CD40	gene	ADT	mAOC-CD40	0.10827270189254	0.10827270189254	NA	ok	
Standardpcaclusters	14	84	mAOC0451	mAOC-CD40	gene	ADT	mAOC-CD40	1.51236689930284	1.51236689930284	NA	ok	
Standardpcaclusters	15	195	mAOC0451	mAOC-CD40	gene	ADT	mAOC-CD40	0.992330247668418	0.992330247668418	NA	ok	
Standardpcaclusters	1	116	mAOC0452	mAOC-CD154	gene	ADT	mAOC-CD154	0.125099533372082	0.125099533372082	NA	ok	
Standardpcaclusters	2	652	mAOC0452	mAOC-CD154	gene	ADT	mAOC-CD154	0.0291821739179724	0.0291821739179724	NA	ok	
Standardpcaclusters	3	2689	mAOC0452	mAOC-CD154	gene	ADT	mAOC-CD154	0.00767516890435831	0.00767516890435831	NA	ok	
Standardpcaclusters	4	506	mAOC0452	mAOC-CD154	gene	ADT	mAOC-CD154	0.0100049615891093	0.0100049615891093	NA	ok	
Standardpcaclusters	5	690	mAOC0452	mAOC-CD154	gene	ADT	mAOC-CD154	0.0154041640476411	0.0154041640476411	NA	ok	
Standardpcaclusters	6	663	mAOC0452	mAOC-CD154	gene	ADT	mAOC-CD154	0.0244087962103916	0.0244087962103916	NA	ok	
Standardpcaclusters	7	1552	mAOC0452	mAOC-CD154	gene	ADT	mAOC-CD154	0.00278619899214988	0.00278619899214988	NA	ok	
Standardpcaclusters	8	2101	mAOC0452	mAOC-CD154	gene	ADT	mAOC-CD154	0.0108392148108022	0.0108392148108022	NA	ok	
Standardpcaclusters	9	440	mAOC0452	mAOC-CD154	gene	ADT	mAOC-CD154	0.0165921657926133	0.0165921657926133	NA	ok	
Standardpcaclusters	10	1898	mAOC0452	mAOC-CD154	gene	ADT	mAOC-CD154	0.0292291924393377	0.0292291924393377	NA	ok	
Standardpcaclusters	11	346	mAOC0452	mAOC-CD154	gene	ADT	mAOC-CD154	0.00577952366207549	0.00577952366207549	NA	ok	
Standardpcaclusters	12	135	mAOC0452	mAOC-CD154	gene	ADT	mAOC-CD154	0.0500603831948795	0.0500603831948795	NA	ok	
Standardpcaclusters	13	1222	mAOC0452	mAOC-CD154	gene	ADT	mAOC-CD154	0.0489588854974619	0.0489588854974619	NA	ok	
Standardpcaclusters	14	84	mAOC0452	mAOC-CD154	gene	ADT	mAOC-CD154	0.185709362127163	0.185709362127163	NA	ok	
Standardpcaclusters	15	195	mAOC0452	mAOC-CD154	gene	ADT	mAOC-CD154	0.186329382652094	0.186329382652094	NA	ok	
Standardpcaclusters	1	116	mAOC0453	mAOC-HLA-ABC	gene	ADT	mAOC-HLA-ABC	0.194845703812076	0.194845703812076	NA	ok	
Standardpcaclusters	2	652	mAOC0453	mAOC-HLA-ABC	gene	ADT	mAOC-HLA-ABC	0.0315504462707779	0.0315504462707779	NA	ok	
Standardpcaclusters	3	2689	mAOC0453	mAOC-HLA-ABC	gene	ADT	mAOC-HLA-ABC	0.0161299319473106	0.0161299319473106	NA	ok	
Standardpcaclusters	4	506	mAOC0453	mAOC-HLA-ABC	gene	ADT	mAOC-HLA-ABC	0.0224250406583921	0.0224250406583921	NA	ok	
Standardpcaclusters	5	690	mAOC0453	mAOC-HLA-ABC	gene	ADT	mAOC-HLA-ABC	0.0245204922429624	0.0245204922429624	NA	ok	
Standardpcaclusters	6	663	mAOC0453	mAOC-HLA-ABC	gene	ADT	mAOC-HLA-ABC	0.0247092908409481	0.0247092908409481	NA	ok	
Standardpcaclusters	7	1552	mAOC0453	mAOC-HLA-ABC	gene	ADT	mAOC-HLA-ABC	0.00567572628216138	0.00567572628216138	NA	ok	
Standardpcaclusters	8	2101	mAOC0453	mAOC-HLA-ABC	gene	ADT	mAOC-HLA-ABC	0.0150521431594696	0.0150521431594696	NA	ok	
Standardpcaclusters	9	440	mAOC0453	mAOC-HLA-ABC	gene	ADT	mAOC-HLA-ABC	0.0206473034091252	0.0206473034091252	NA	ok	
Standardpcaclusters	10	1898	mAOC0453	mAOC-HLA-ABC	gene	ADT	mAOC-HLA-ABC	0.0194256759438375	0.0194256759438375	NA	ok	
Standardpcaclusters	11	346	mAOC0453	mAOC-HLA-ABC	gene	ADT	mAOC-HLA-ABC	0.00754299970105924	0.00754299970105924	NA	ok	
Standardpcaclusters	12	135	mAOC0453	mAOC-HLA-ABC	gene	ADT	mAOC-HLA-ABC	0.113668515532263	0.113668515532263	NA	ok	
Standardpcaclusters	13	1222	mAOC0453	mAOC-HLA-ABC	gene	ADT	mAOC-HLA-ABC	0.0667182620879283	0.0667182620879283	NA	ok	
Standardpcaclusters	14	84	mAOC0453	mAOC-HLA-ABC	gene	ADT	mAOC-HLA-ABC	0.268988353787782	0.268988353787782	NA	ok	
Standardpcaclusters	15	195	mAOC0453	mAOC-HLA-ABC	gene	ADT	mAOC-HLA-ABC	0.0528696401054821	0.0528696401054821	NA	ok	
Standardpcaclusters	1	116	mAOC0454	mAOC-CD123	gene	ADT	mAOC-CD123	0.459713377208016	0.459713377208016	NA	ok	
Standardpcaclusters	2	652	mAOC0454	mAOC-CD123	gene	ADT	mAOC-CD123	0.249611870923075	0.249611870923075	NA	ok	
Standardpcaclusters	3	2689	mAOC0454	mAOC-CD123	gene	ADT	mAOC-CD123	1.58518865162617	1.58518865162617	NA	ok	
Standardpcaclusters	4	506	mAOC0454	mAOC-CD123	gene	ADT	mAOC-CD123	2.21491993210106	2.21491993210106	NA	ok	
Standardpcaclusters	5	690	mAOC0454	mAOC-CD123	gene	ADT	mAOC-CD123	1.40106206567183	1.40106206567183	NA	ok	
Standardpcaclusters	6	663	mAOC0454	mAOC-CD123	gene	ADT	mAOC-CD123	1.56383974142326	1.56383974142326	NA	ok	
Standardpcaclusters	7	1552	mAOC0454	mAOC-CD123	gene	ADT	mAOC-CD123	1.27488309514463	1.27488309514463	NA	ok	
Standardpcaclusters	8	2101	mAOC0454	mAOC-CD123	gene	ADT	mAOC-CD123	1.11481376701904	1.11481376701904	NA	ok	
Standardpcaclusters	9	440	mAOC0454	mAOC-CD123	gene	ADT	mAOC-CD123	0.217391968652069	0.217391968652069	NA	ok	
Standardpcaclusters	10	1898	mAOC0454	mAOC-CD123	gene	ADT	mAOC-CD123	0.712315545209411	0.712315545209411	NA	ok	
Standardpcaclusters	11	346	mAOC0454	mAOC-CD123	gene	ADT	mAOC-CD123	0.474561562551736	0.474561562551736	NA	ok	
Standardpcaclusters	12	135	mAOC0454	mAOC-CD123	gene	ADT	mAOC-CD123	0.45879367557621	0.45879367557621	NA	ok	
Standardpcaclusters	13	1222	mAOC0454	mAOC-CD123	gene	ADT	mAOC-CD123	0.736851404328946	0.736851404328946	NA	ok	
Standardpcaclusters	14	84	mAOC0454	mAOC-CD123	gene	ADT	mAOC-CD123	0.540666970426656	0.540666970426656	NA	ok	
Standardpcaclusters	15	195	mAOC0454	mAOC-CD123	gene	ADT	mAOC-CD123	0.859794322412267	0.859794322412267	NA	ok	
Standardpcaclusters	1	116	mAOC0455	mAOC-CD49f	gene	ADT	mAOC-CD49f	0.433514848567914	0.433514848567914	NA	ok	
Standardpcaclusters	2	652	mAOC0455	mAOC-CD49f	gene	ADT	mAOC-CD49f	0.154692304066635	0.154692304066635	NA	ok	
Standardpcaclusters	3	2689	mAOC0455	mAOC-CD49f	gene	ADT	mAOC-CD49f	0.379844474017897	0.379844474017897	NA	ok	
Standardpcaclusters	4	506	mAOC0455	mAOC-CD49f	gene	ADT	mAOC-CD49f	0.365115323735291	0.365115323735291	NA	ok	
Standardpcaclusters	5	690	mAOC0455	mAOC-CD49f	gene	ADT	mAOC-CD49f	0.610925884126042	0.610925884126042	NA	ok	
Standardpcaclusters	6	663	mAOC0455	mAOC-CD49f	gene	ADT	mAOC-CD49f	0.469767594538726	0.469767594538726	NA	ok	
Standardpcaclusters	7	1552	mAOC0455	mAOC-CD49f	gene	ADT	mAOC-CD49f	0.38316372465283	0.38316372465283	NA	ok	
Standardpcaclusters	8	2101	mAOC0455	mAOC-CD49f	gene	ADT	mAOC-CD49f	0.652890736359051	0.652890736359051	NA	ok	
Standardpcaclusters	9	440	mAOC0455	mAOC-CD49f	gene	ADT	mAOC-CD49f	0.466884181915715	0.466884181915715	NA	ok	
Standardpcaclusters	10	1898	mAOC0455	mAOC-CD49f	gene	ADT	mAOC-CD49f	0.534996406872213	0.534996406872213	NA	ok	
Standardpcaclusters	11	346	mAOC0455	mAOC-CD49f	gene	ADT	mAOC-CD49f	0.714675113758726	0.714675113758726	NA	ok	
Standardpcaclusters	12	135	mAOC0455	mAOC-CD49f	gene	ADT	mAOC-CD49f	0.887474537429555	0.887474537429555	NA	ok	
Standardpcaclusters	13	1222	mAOC0455	mAOC-CD49f	gene	ADT	mAOC-CD49f	0.4221137382921	0.4221137382921	NA	ok	
Standardpcaclusters	14	84	mAOC0455	mAOC-CD49f	gene	ADT	mAOC-CD49f	3.64590804461672	3.64590804461672	NA	ok	
Standardpcaclusters	15	195	mAOC0455	mAOC-CD49f	gene	ADT	mAOC-CD49f	1.71394781935027	1.71394781935027	NA	ok	
Standardpcaclusters	1	116	mAOC0459	mAOC-CD183	gene	ADT	mAOC-CD183	0.577346684332458	0.577346684332458	NA	ok	
Standardpcaclusters	2	652	mAOC0459	mAOC-CD183	gene	ADT	mAOC-CD183	0.292297681899062	0.292297681899062	NA	ok	
Standardpcaclusters	3	2689	mAOC0459	mAOC-CD183	gene	ADT	mAOC-CD183	0.118883339708908	0.118883339708908	NA	ok	
Standardpcaclusters	4	506	mAOC0459	mAOC-CD183	gene	ADT	mAOC-CD183	0.241919893791732	0.241919893791732	NA	ok	
Standardpcaclusters	5	690	mAOC0459	mAOC-CD183	gene	ADT	mAOC-CD183	0.135527643010776	0.135527643010776	NA	ok	
Standardpcaclusters	6	663	mAOC0459	mAOC-CD183	gene	ADT	mAOC-CD183	0.15772846671242	0.15772846671242	NA	ok	
Standardpcaclusters	7	1552	mAOC0459	mAOC-CD183	gene	ADT	mAOC-CD183	0.109385629391133	0.109385629391133	NA	ok	
Standardpcaclusters	8	2101	mAOC0459	mAOC-CD183	gene	ADT	mAOC-CD183	0.129066923579083	0.129066923579083	NA	ok	
Standardpcaclusters	9	440	mAOC0459	mAOC-CD183	gene	ADT	mAOC-CD183	0.122756411256015	0.122756411256015	NA	ok	
Standardpcaclusters	10	1898	mAOC0459	mAOC-CD183	gene	ADT	mAOC-CD183	0.0939772711652995	0.0939772711652995	NA	ok	
Standardpcaclusters	11	346	mAOC0459	mAOC-CD183	gene	ADT	mAOC-CD183	0.0930105108388992	0.0930105108388992	NA	ok	
Standardpcaclusters	12	135	mAOC0459	mAOC-CD183	gene	ADT	mAOC-CD183	0.346364983824854	0.346364983824854	NA	ok	
Standardpcaclusters	13	1222	mAOC0459	mAOC-CD183	gene	ADT	mAOC-CD183	0.230894476707261	0.230894476707261	NA	ok	
Standardpcaclusters	14	84	mAOC0459	mAOC-CD183	gene	ADT	mAOC-CD183	0.419845816452758	0.419845816452758	NA	ok	
Standardpcaclusters	15	195	mAOC0459	mAOC-CD183	gene	ADT	mAOC-CD183	0.48417929490418	0.48417929490418	NA	ok	
Standardpcaclusters	1	116	mAOC0460	mAOC-CD195	gene	ADT	mAOC-CD195	0.224603759829265	0.224603759829265	NA	ok	
Standardpcaclusters	2	652	mAOC0460	mAOC-CD195	gene	ADT	mAOC-CD195	0.0420728156367311	0.0420728156367311	NA	ok	
Standardpcaclusters	3	2689	mAOC0460	mAOC-CD195	gene	ADT	mAOC-CD195	0.0200138207630105	0.0200138207630105	NA	ok	
Standardpcaclusters	4	506	mAOC0460	mAOC-CD195	gene	ADT	mAOC-CD195	0.0303335479580433	0.0303335479580433	NA	ok	
Standardpcaclusters	5	690	mAOC0460	mAOC-CD195	gene	ADT	mAOC-CD195	0.0279936367758934	0.0279936367758934	NA	ok	
Standardpcaclusters	6	663	mAOC0460	mAOC-CD195	gene	ADT	mAOC-CD195	0.0368246096658406	0.0368246096658406	NA	ok	
Standardpcaclusters	7	1552	mAOC0460	mAOC-CD195	gene	ADT	mAOC-CD195	0.0176067477185749	0.0176067477185749	NA	ok	
Standardpcaclusters	8	2101	mAOC0460	mAOC-CD195	gene	ADT	mAOC-CD195	0.0193328907401101	0.0193328907401101	NA	ok	
Standardpcaclusters	9	440	mAOC0460	mAOC-CD195	gene	ADT	mAOC-CD195	0.0219144407495671	0.0219144407495671	NA	ok	
Standardpcaclusters	10	1898	mAOC0460	mAOC-CD195	gene	ADT	mAOC-CD195	0.0244123971937638	0.0244123971937638	NA	ok	
Standardpcaclusters	11	346	mAOC0460	mAOC-CD195	gene	ADT	mAOC-CD195	0.0166039985829303	0.0166039985829303	NA	ok	
Standardpcaclusters	12	135	mAOC0460	mAOC-CD195	gene	ADT	mAOC-CD195	0.0859215132343931	0.0859215132343931	NA	ok	
Standardpcaclusters	13	1222	mAOC0460	mAOC-CD195	gene	ADT	mAOC-CD195	0.0920138384763401	0.0920138384763401	NA	ok	
Standardpcaclusters	14	84	mAOC0460	mAOC-CD195	gene	ADT	mAOC-CD195	0.15478741715649	0.15478741715649	NA	ok	
Standardpcaclusters	15	195	mAOC0460	mAOC-CD195	gene	ADT	mAOC-CD195	0.102977471902894	0.102977471902894	NA	ok	
Standardpcaclusters	1	116	mAOC0461	mAOC-CD185	gene	ADT	mAOC-CD185	0.17710884422236	0.17710884422236	NA	ok	
Standardpcaclusters	2	652	mAOC0461	mAOC-CD185	gene	ADT	mAOC-CD185	0.0743238563465604	0.0743238563465604	NA	ok	
Standardpcaclusters	3	2689	mAOC0461	mAOC-CD185	gene	ADT	mAOC-CD185	0.0067397814756628	0.0067397814756628	NA	ok	
Standardpcaclusters	4	506	mAOC0461	mAOC-CD185	gene	ADT	mAOC-CD185	0.0134305107212736	0.0134305107212736	NA	ok	
Standardpcaclusters	5	690	mAOC0461	mAOC-CD185	gene	ADT	mAOC-CD185	0.0133599743946717	0.0133599743946717	NA	ok	
Standardpcaclusters	6	663	mAOC0461	mAOC-CD185	gene	ADT	mAOC-CD185	0.0151442996291119	0.0151442996291119	NA	ok	
Standardpcaclusters	7	1552	mAOC0461	mAOC-CD185	gene	ADT	mAOC-CD185	0.00258697239034369	0.00258697239034369	NA	ok	
Standardpcaclusters	8	2101	mAOC0461	mAOC-CD185	gene	ADT	mAOC-CD185	0.00773177455307828	0.00773177455307828	NA	ok	
Standardpcaclusters	9	440	mAOC0461	mAOC-CD185	gene	ADT	mAOC-CD185	0.0106003267404703	0.0106003267404703	NA	ok	
Standardpcaclusters	10	1898	mAOC0461	mAOC-CD185	gene	ADT	mAOC-CD185	0.0138101392164163	0.0138101392164163	NA	ok	
Standardpcaclusters	11	346	mAOC0461	mAOC-CD185	gene	ADT	mAOC-CD185	0.00247429352814239	0.00247429352814239	NA	ok	
Standardpcaclusters	12	135	mAOC0461	mAOC-CD185	gene	ADT	mAOC-CD185	0.0502608469135599	0.0502608469135599	NA	ok	
Standardpcaclusters	13	1222	mAOC0461	mAOC-CD185	gene	ADT	mAOC-CD185	0.0486099451079929	0.0486099451079929	NA	ok	
Standardpcaclusters	14	84	mAOC0461	mAOC-CD185	gene	ADT	mAOC-CD185	0.108006722263727	0.108006722263727	NA	ok	
Standardpcaclusters	15	195	mAOC0461	mAOC-CD185	gene	ADT	mAOC-CD185	0.0243561004528757	0.0243561004528757	NA	ok	
Standardpcaclusters	1	116	mAOC0464	mAOC-CD141	gene	ADT	mAOC-CD141	0.232409867024925	0.232409867024925	NA	ok	
Standardpcaclusters	2	652	mAOC0464	mAOC-CD141	gene	ADT	mAOC-CD141	0.0632576702874189	0.0632576702874189	NA	ok	
Standardpcaclusters	3	2689	mAOC0464	mAOC-CD141	gene	ADT	mAOC-CD141	0.0432855026791302	0.0432855026791302	NA	ok	
Standardpcaclusters	4	506	mAOC0464	mAOC-CD141	gene	ADT	mAOC-CD141	0.0513619858763522	0.0513619858763522	NA	ok	
Standardpcaclusters	5	690	mAOC0464	mAOC-CD141	gene	ADT	mAOC-CD141	0.0566643478552399	0.0566643478552399	NA	ok	
Standardpcaclusters	6	663	mAOC0464	mAOC-CD141	gene	ADT	mAOC-CD141	0.0630888362561317	0.0630888362561317	NA	ok	
Standardpcaclusters	7	1552	mAOC0464	mAOC-CD141	gene	ADT	mAOC-CD141	0.0443474867228059	0.0443474867228059	NA	ok	
Standardpcaclusters	8	2101	mAOC0464	mAOC-CD141	gene	ADT	mAOC-CD141	0.0371257697474505	0.0371257697474505	NA	ok	
Standardpcaclusters	9	440	mAOC0464	mAOC-CD141	gene	ADT	mAOC-CD141	0.0545842850993746	0.0545842850993746	NA	ok	
Standardpcaclusters	10	1898	mAOC0464	mAOC-CD141	gene	ADT	mAOC-CD141	0.0484879399300893	0.0484879399300893	NA	ok	
Standardpcaclusters	11	346	mAOC0464	mAOC-CD141	gene	ADT	mAOC-CD141	0.0319098993876051	0.0319098993876051	NA	ok	
Standardpcaclusters	12	135	mAOC0464	mAOC-CD141	gene	ADT	mAOC-CD141	0.139776656633176	0.139776656633176	NA	ok	
Standardpcaclusters	13	1222	mAOC0464	mAOC-CD141	gene	ADT	mAOC-CD141	0.137118954212131	0.137118954212131	NA	ok	
Standardpcaclusters	14	84	mAOC0464	mAOC-CD141	gene	ADT	mAOC-CD141	0.495669561114867	0.495669561114867	NA	ok	
Standardpcaclusters	15	195	mAOC0464	mAOC-CD141	gene	ADT	mAOC-CD141	0.0971638692932918	0.0971638692932918	NA	ok	
Standardpcaclusters	1	116	mAOC0465	mAOC-CD58	gene	ADT	mAOC-CD58	0.012914792162724	0.012914792162724	NA	ok	
Standardpcaclusters	2	652	mAOC0465	mAOC-CD58	gene	ADT	mAOC-CD58	0.00355211218339286	0.00355211218339286	NA	ok	
Standardpcaclusters	3	2689	mAOC0465	mAOC-CD58	gene	ADT	mAOC-CD58	0.00128258317274078	0.00128258317274078	NA	ok	
Standardpcaclusters	4	506	mAOC0465	mAOC-CD58	gene	ADT	mAOC-CD58	0.00269229368224454	0.00269229368224454	NA	ok	
Standardpcaclusters	5	690	mAOC0465	mAOC-CD58	gene	ADT	mAOC-CD58	0.00238629112222865	0.00238629112222865	NA	ok	
Standardpcaclusters	6	663	mAOC0465	mAOC-CD58	gene	ADT	mAOC-CD58	0.00426165941212323	0.00426165941212323	NA	ok	
Standardpcaclusters	7	1552	mAOC0465	mAOC-CD58	gene	ADT	mAOC-CD58	0	0	NA	ok	
Standardpcaclusters	8	2101	mAOC0465	mAOC-CD58	gene	ADT	mAOC-CD58	0.00160192888348839	0.00160192888348839	NA	ok	
Standardpcaclusters	9	440	mAOC0465	mAOC-CD58	gene	ADT	mAOC-CD58	0.00153601458170732	0.00153601458170732	NA	ok	
Standardpcaclusters	10	1898	mAOC0465	mAOC-CD58	gene	ADT	mAOC-CD58	0.00190059169666143	0.00190059169666143	NA	ok	
Standardpcaclusters	11	346	mAOC0465	mAOC-CD58	gene	ADT	mAOC-CD58	0.00126245362587631	0.00126245362587631	NA	ok	
Standardpcaclusters	12	135	mAOC0465	mAOC-CD58	gene	ADT	mAOC-CD58	0.0155363444105849	0.0155363444105849	NA	ok	
Standardpcaclusters	13	1222	mAOC0465	mAOC-CD58	gene	ADT	mAOC-CD58	0.00429481873583304	0.00429481873583304	NA	ok	
Standardpcaclusters	14	84	mAOC0465	mAOC-CD58	gene	ADT	mAOC-CD58	0.0213846702140787	0.0213846702140787	NA	ok	
Standardpcaclusters	15	195	mAOC0465	mAOC-CD58	gene	ADT	mAOC-CD58	0.00376063763759493	0.00376063763759493	NA	ok	
Standardpcaclusters	1	116	mAOC0467	mAOC-CD24	gene	ADT	mAOC-CD24	0.0677541341135563	0.0677541341135563	NA	ok	
Standardpcaclusters	2	652	mAOC0467	mAOC-CD24	gene	ADT	mAOC-CD24	0.0147865486896255	0.0147865486896255	NA	ok	
Standardpcaclusters	3	2689	mAOC0467	mAOC-CD24	gene	ADT	mAOC-CD24	0.00583085617048165	0.00583085617048165	NA	ok	
Standardpcaclusters	4	506	mAOC0467	mAOC-CD24	gene	ADT	mAOC-CD24	0.00928212702192245	0.00928212702192245	NA	ok	
Standardpcaclusters	5	690	mAOC0467	mAOC-CD24	gene	ADT	mAOC-CD24	0.0111876575894632	0.0111876575894632	NA	ok	
Standardpcaclusters	6	663	mAOC0467	mAOC-CD24	gene	ADT	mAOC-CD24	0.0113699412412273	0.0113699412412273	NA	ok	
Standardpcaclusters	7	1552	mAOC0467	mAOC-CD24	gene	ADT	mAOC-CD24	0.00155297879846658	0.00155297879846658	NA	ok	
Standardpcaclusters	8	2101	mAOC0467	mAOC-CD24	gene	ADT	mAOC-CD24	0.00644716065310727	0.00644716065310727	NA	ok	
Standardpcaclusters	9	440	mAOC0467	mAOC-CD24	gene	ADT	mAOC-CD24	0.00861881531079382	0.00861881531079382	NA	ok	
Standardpcaclusters	10	1898	mAOC0467	mAOC-CD24	gene	ADT	mAOC-CD24	0.00925712492750103	0.00925712492750103	NA	ok	
Standardpcaclusters	11	346	mAOC0467	mAOC-CD24	gene	ADT	mAOC-CD24	0.00406743720078781	0.00406743720078781	NA	ok	
Standardpcaclusters	12	135	mAOC0467	mAOC-CD24	gene	ADT	mAOC-CD24	0.0350319729438399	0.0350319729438399	NA	ok	
Standardpcaclusters	13	1222	mAOC0467	mAOC-CD24	gene	ADT	mAOC-CD24	0.0279514783409333	0.0279514783409333	NA	ok	
Standardpcaclusters	14	84	mAOC0467	mAOC-CD24	gene	ADT	mAOC-CD24	0.0618371173430086	0.0618371173430086	NA	ok	
Standardpcaclusters	15	195	mAOC0467	mAOC-CD24	gene	ADT	mAOC-CD24	0.0133503882694977	0.0133503882694977	NA	ok	
Standardpcaclusters	1	116	mAOC0470	mAOC-CD192	gene	ADT	mAOC-CD192	0.0340294837597482	0.0340294837597482	NA	ok	
Standardpcaclusters	2	652	mAOC0470	mAOC-CD192	gene	ADT	mAOC-CD192	0.0073833537194232	0.0073833537194232	NA	ok	
Standardpcaclusters	3	2689	mAOC0470	mAOC-CD192	gene	ADT	mAOC-CD192	0.00199133986046254	0.00199133986046254	NA	ok	
Standardpcaclusters	4	506	mAOC0470	mAOC-CD192	gene	ADT	mAOC-CD192	0.00302219804113982	0.00302219804113982	NA	ok	
Standardpcaclusters	5	690	mAOC0470	mAOC-CD192	gene	ADT	mAOC-CD192	0.00405570918048634	0.00405570918048634	NA	ok	
Standardpcaclusters	6	663	mAOC0470	mAOC-CD192	gene	ADT	mAOC-CD192	0.00781032968847583	0.00781032968847583	NA	ok	
Standardpcaclusters	7	1552	mAOC0470	mAOC-CD192	gene	ADT	mAOC-CD192	6.82022839981548e-05	6.82022839981548e-05	NA	ok	
Standardpcaclusters	8	2101	mAOC0470	mAOC-CD192	gene	ADT	mAOC-CD192	0.00257134783912539	0.00257134783912539	NA	ok	
Standardpcaclusters	9	440	mAOC0470	mAOC-CD192	gene	ADT	mAOC-CD192	0.00515411575720813	0.00515411575720813	NA	ok	
Standardpcaclusters	10	1898	mAOC0470	mAOC-CD192	gene	ADT	mAOC-CD192	0.00493807858664866	0.00493807858664866	NA	ok	
Standardpcaclusters	11	346	mAOC0470	mAOC-CD192	gene	ADT	mAOC-CD192	0.00191574651553324	0.00191574651553324	NA	ok	
Standardpcaclusters	12	135	mAOC0470	mAOC-CD192	gene	ADT	mAOC-CD192	0.0108388721233242	0.0108388721233242	NA	ok	
Standardpcaclusters	13	1222	mAOC0470	mAOC-CD192	gene	ADT	mAOC-CD192	0.0184660590938759	0.0184660590938759	NA	ok	
Standardpcaclusters	14	84	mAOC0470	mAOC-CD192	gene	ADT	mAOC-CD192	0.012077764923638	0.012077764923638	NA	ok	
Standardpcaclusters	15	195	mAOC0470	mAOC-CD192	gene	ADT	mAOC-CD192	0.00600504039777138	0.00600504039777138	NA	ok	
Standardpcaclusters	1	116	mAOC0472	mAOC-CD163	gene	ADT	mAOC-CD163	0	0	NA	ok	
Standardpcaclusters	2	652	mAOC0472	mAOC-CD163	gene	ADT	mAOC-CD163	0.00117936100180016	0.00117936100180016	NA	ok	
Standardpcaclusters	3	2689	mAOC0472	mAOC-CD163	gene	ADT	mAOC-CD163	5.78151450747307e-05	5.78151450747307e-05	NA	ok	
Standardpcaclusters	4	506	mAOC0472	mAOC-CD163	gene	ADT	mAOC-CD163	0.000363629977621687	0.000363629977621687	NA	ok	
Standardpcaclusters	5	690	mAOC0472	mAOC-CD163	gene	ADT	mAOC-CD163	0.000328787032705464	0.000328787032705464	NA	ok	
Standardpcaclusters	6	663	mAOC0472	mAOC-CD163	gene	ADT	mAOC-CD163	0.000976363171909382	0.000976363171909382	NA	ok	
Standardpcaclusters	7	1552	mAOC0472	mAOC-CD163	gene	ADT	mAOC-CD163	0	0	NA	ok	
Standardpcaclusters	8	2101	mAOC0472	mAOC-CD163	gene	ADT	mAOC-CD163	0.000354269076765788	0.000354269076765788	NA	ok	
Standardpcaclusters	9	440	mAOC0472	mAOC-CD163	gene	ADT	mAOC-CD163	0	0	NA	ok	
Standardpcaclusters	10	1898	mAOC0472	mAOC-CD163	gene	ADT	mAOC-CD163	0.000377144329665054	0.000377144329665054	NA	ok	
Standardpcaclusters	11	346	mAOC0472	mAOC-CD163	gene	ADT	mAOC-CD163	9.6211280718925e-05	9.6211280718925e-05	NA	ok	
Standardpcaclusters	12	135	mAOC0472	mAOC-CD163	gene	ADT	mAOC-CD163	0.000439077378142013	0.000439077378142013	NA	ok	
Standardpcaclusters	13	1222	mAOC0472	mAOC-CD163	gene	ADT	mAOC-CD163	0.000806025144821036	0.000806025144821036	NA	ok	
Standardpcaclusters	14	84	mAOC0472	mAOC-CD163	gene	ADT	mAOC-CD163	0.00208980501817808	0.00208980501817808	NA	ok	
Standardpcaclusters	15	195	mAOC0472	mAOC-CD163	gene	ADT	mAOC-CD163	0.000888794053644834	0.000888794053644834	NA	ok	
Standardpcaclusters	1	116	mAOC0473	mAOC-CD163	gene	ADT	mAOC-CD163	0	0	NA	ok	
Standardpcaclusters	2	652	mAOC0473	mAOC-CD163	gene	ADT	mAOC-CD163	0.00117936100180016	0.00117936100180016	NA	ok	
Standardpcaclusters	3	2689	mAOC0473	mAOC-CD163	gene	ADT	mAOC-CD163	5.78151450747307e-05	5.78151450747307e-05	NA	ok	
Standardpcaclusters	4	506	mAOC0473	mAOC-CD163	gene	ADT	mAOC-CD163	0.000363629977621687	0.000363629977621687	NA	ok	
Standardpcaclusters	5	690	mAOC0473	mAOC-CD163	gene	ADT	mAOC-CD163	0.000328787032705464	0.000328787032705464	NA	ok	
Standardpcaclusters	6	663	mAOC0473	mAOC-CD163	gene	ADT	mAOC-CD163	0.000976363171909382	0.000976363171909382	NA	ok	
Standardpcaclusters	7	1552	mAOC0473	mAOC-CD163	gene	ADT	mAOC-CD163	0	0	NA	ok	
Standardpcaclusters	8	2101	mAOC0473	mAOC-CD163	gene	ADT	mAOC-CD163	0.000354269076765788	0.000354269076765788	NA	ok	
Standardpcaclusters	9	440	mAOC0473	mAOC-CD163	gene	ADT	mAOC-CD163	0	0	NA	ok	
Standardpcaclusters	10	1898	mAOC0473	mAOC-CD163	gene	ADT	mAOC-CD163	0.000377144329665054	0.000377144329665054	NA	ok	
Standardpcaclusters	11	346	mAOC0473	mAOC-CD163	gene	ADT	mAOC-CD163	9.6211280718925e-05	9.6211280718925e-05	NA	ok	
Standardpcaclusters	12	135	mAOC0473	mAOC-CD163	gene	ADT	mAOC-CD163	0.000439077378142013	0.000439077378142013	NA	ok	
Standardpcaclusters	13	1222	mAOC0473	mAOC-CD163	gene	ADT	mAOC-CD163	0.000806025144821036	0.000806025144821036	NA	ok	
Standardpcaclusters	14	84	mAOC0473	mAOC-CD163	gene	ADT	mAOC-CD163	0.00208980501817808	0.00208980501817808	NA	ok	
Standardpcaclusters	15	195	mAOC0473	mAOC-CD163	gene	ADT	mAOC-CD163	0.000888794053644834	0.000888794053644834	NA	ok	
Standardpcaclusters	1	116	mAOC0474	mAOC-CD303	gene	ADT	mAOC-CD303	0	0	NA	ok	
Standardpcaclusters	2	652	mAOC0474	mAOC-CD303	gene	ADT	mAOC-CD303	0.000673656291438067	0.000673656291438067	NA	ok	
Standardpcaclusters	3	2689	mAOC0474	mAOC-CD303	gene	ADT	mAOC-CD303	0.000468811457703286	0.000468811457703286	NA	ok	
Standardpcaclusters	4	506	mAOC0474	mAOC-CD303	gene	ADT	mAOC-CD303	0.000600890938540713	0.000600890938540713	NA	ok	
Standardpcaclusters	5	690	mAOC0474	mAOC-CD303	gene	ADT	mAOC-CD303	0.000627640149989026	0.000627640149989026	NA	ok	
Standardpcaclusters	6	663	mAOC0474	mAOC-CD303	gene	ADT	mAOC-CD303	0.00155765057322174	0.00155765057322174	NA	ok	
Standardpcaclusters	7	1552	mAOC0474	mAOC-CD303	gene	ADT	mAOC-CD303	0	0	NA	ok	
Standardpcaclusters	8	2101	mAOC0474	mAOC-CD303	gene	ADT	mAOC-CD303	0.00060041448321561	0.00060041448321561	NA	ok	
Standardpcaclusters	9	440	mAOC0474	mAOC-CD303	gene	ADT	mAOC-CD303	0.00185366967650139	0.00185366967650139	NA	ok	
Standardpcaclusters	10	1898	mAOC0474	mAOC-CD303	gene	ADT	mAOC-CD303	0.000919713719881165	0.000919713719881165	NA	ok	
Standardpcaclusters	11	346	mAOC0474	mAOC-CD303	gene	ADT	mAOC-CD303	0	0	NA	ok	
Standardpcaclusters	12	135	mAOC0474	mAOC-CD303	gene	ADT	mAOC-CD303	0.0029076756778648	0.0029076756778648	NA	ok	
Standardpcaclusters	13	1222	mAOC0474	mAOC-CD303	gene	ADT	mAOC-CD303	0.000517131718423507	0.000517131718423507	NA	ok	
Standardpcaclusters	14	84	mAOC0474	mAOC-CD303	gene	ADT	mAOC-CD303	0.00372604970363223	0.00372604970363223	NA	ok	
Standardpcaclusters	15	195	mAOC0474	mAOC-CD303	gene	ADT	mAOC-CD303	0.000542499351754814	0.000542499351754814	NA	ok	
Standardpcaclusters	1	116	mAOC0476	mAOC-CD127	gene	ADT	mAOC-CD127	0.0574047532489048	0.0574047532489048	NA	ok	
Standardpcaclusters	2	652	mAOC0476	mAOC-CD127	gene	ADT	mAOC-CD127	0.0121802645463201	0.0121802645463201	NA	ok	
Standardpcaclusters	3	2689	mAOC0476	mAOC-CD127	gene	ADT	mAOC-CD127	0.00333661906486943	0.00333661906486943	NA	ok	
Standardpcaclusters	4	506	mAOC0476	mAOC-CD127	gene	ADT	mAOC-CD127	0.00407725383864061	0.00407725383864061	NA	ok	
Standardpcaclusters	5	690	mAOC0476	mAOC-CD127	gene	ADT	mAOC-CD127	0.00833707933766643	0.00833707933766643	NA	ok	
Standardpcaclusters	6	663	mAOC0476	mAOC-CD127	gene	ADT	mAOC-CD127	0.00812046118585118	0.00812046118585118	NA	ok	
Standardpcaclusters	7	1552	mAOC0476	mAOC-CD127	gene	ADT	mAOC-CD127	0.00102813473379159	0.00102813473379159	NA	ok	
Standardpcaclusters	8	2101	mAOC0476	mAOC-CD127	gene	ADT	mAOC-CD127	0.00443670976217726	0.00443670976217726	NA	ok	
Standardpcaclusters	9	440	mAOC0476	mAOC-CD127	gene	ADT	mAOC-CD127	0.00587019380324571	0.00587019380324571	NA	ok	
Standardpcaclusters	10	1898	mAOC0476	mAOC-CD127	gene	ADT	mAOC-CD127	0.00787698076540449	0.00787698076540449	NA	ok	
Standardpcaclusters	11	346	mAOC0476	mAOC-CD127	gene	ADT	mAOC-CD127	0.00192685460019337	0.00192685460019337	NA	ok	
Standardpcaclusters	12	135	mAOC0476	mAOC-CD127	gene	ADT	mAOC-CD127	0.0282823957272487	0.0282823957272487	NA	ok	
Standardpcaclusters	13	1222	mAOC0476	mAOC-CD127	gene	ADT	mAOC-CD127	0.024995153071486	0.024995153071486	NA	ok	
Standardpcaclusters	14	84	mAOC0476	mAOC-CD127	gene	ADT	mAOC-CD127	0.0646527934655074	0.0646527934655074	NA	ok	
Standardpcaclusters	15	195	mAOC0476	mAOC-CD127	gene	ADT	mAOC-CD127	0.0217469790903964	0.0217469790903964	NA	ok	
Standardpcaclusters	1	116	mAOC0478	mAOC-CD93	gene	ADT	mAOC-CD93	0.0320201060462058	0.0320201060462058	NA	ok	
Standardpcaclusters	2	652	mAOC0478	mAOC-CD93	gene	ADT	mAOC-CD93	0.0118858737997226	0.0118858737997226	NA	ok	
Standardpcaclusters	3	2689	mAOC0478	mAOC-CD93	gene	ADT	mAOC-CD93	0.00368970856142225	0.00368970856142225	NA	ok	
Standardpcaclusters	4	506	mAOC0478	mAOC-CD93	gene	ADT	mAOC-CD93	0.00374996939400568	0.00374996939400568	NA	ok	
Standardpcaclusters	5	690	mAOC0478	mAOC-CD93	gene	ADT	mAOC-CD93	0.00805747302194188	0.00805747302194188	NA	ok	
Standardpcaclusters	6	663	mAOC0478	mAOC-CD93	gene	ADT	mAOC-CD93	0.0102856161989109	0.0102856161989109	NA	ok	
Standardpcaclusters	7	1552	mAOC0478	mAOC-CD93	gene	ADT	mAOC-CD93	0.000508669444890106	0.000508669444890106	NA	ok	
Standardpcaclusters	8	2101	mAOC0478	mAOC-CD93	gene	ADT	mAOC-CD93	0.00427840271497308	0.00427840271497308	NA	ok	
Standardpcaclusters	9	440	mAOC0478	mAOC-CD93	gene	ADT	mAOC-CD93	0.00539115751384533	0.00539115751384533	NA	ok	
Standardpcaclusters	10	1898	mAOC0478	mAOC-CD93	gene	ADT	mAOC-CD93	0.00746456725398831	0.00746456725398831	NA	ok	
Standardpcaclusters	11	346	mAOC0478	mAOC-CD93	gene	ADT	mAOC-CD93	0.00205834996481405	0.00205834996481405	NA	ok	
Standardpcaclusters	12	135	mAOC0478	mAOC-CD93	gene	ADT	mAOC-CD93	0.0328417505072921	0.0328417505072921	NA	ok	
Standardpcaclusters	13	1222	mAOC0478	mAOC-CD93	gene	ADT	mAOC-CD93	0.0182335153884719	0.0182335153884719	NA	ok	
Standardpcaclusters	14	84	mAOC0478	mAOC-CD93	gene	ADT	mAOC-CD93	0.0597205504681343	0.0597205504681343	NA	ok	
Standardpcaclusters	15	195	mAOC0478	mAOC-CD93	gene	ADT	mAOC-CD93	0.0229854679396409	0.0229854679396409	NA	ok	
Standardpcaclusters	1	116	mAOC0479	mAOC-CD23	gene	ADT	mAOC-CD23	0.00863215930278205	0.00863215930278205	NA	ok	
Standardpcaclusters	2	652	mAOC0479	mAOC-CD23	gene	ADT	mAOC-CD23	0.00127926881322207	0.00127926881322207	NA	ok	
Standardpcaclusters	3	2689	mAOC0479	mAOC-CD23	gene	ADT	mAOC-CD23	0.000303928095383744	0.000303928095383744	NA	ok	
Standardpcaclusters	4	506	mAOC0479	mAOC-CD23	gene	ADT	mAOC-CD23	0.00062998012747142	0.00062998012747142	NA	ok	
Standardpcaclusters	5	690	mAOC0479	mAOC-CD23	gene	ADT	mAOC-CD23	0.00104911363961717	0.00104911363961717	NA	ok	
Standardpcaclusters	6	663	mAOC0479	mAOC-CD23	gene	ADT	mAOC-CD23	0.00227467981735616	0.00227467981735616	NA	ok	
Standardpcaclusters	7	1552	mAOC0479	mAOC-CD23	gene	ADT	mAOC-CD23	0	0	NA	ok	
Standardpcaclusters	8	2101	mAOC0479	mAOC-CD23	gene	ADT	mAOC-CD23	0.000696373292323075	0.000696373292323075	NA	ok	
Standardpcaclusters	9	440	mAOC0479	mAOC-CD23	gene	ADT	mAOC-CD23	0.012072744385378	0.012072744385378	NA	ok	
Standardpcaclusters	10	1898	mAOC0479	mAOC-CD23	gene	ADT	mAOC-CD23	0.00239965579686056	0.00239965579686056	NA	ok	
Standardpcaclusters	11	346	mAOC0479	mAOC-CD23	gene	ADT	mAOC-CD23	0.000279527758159566	0.000279527758159566	NA	ok	
Standardpcaclusters	12	135	mAOC0479	mAOC-CD23	gene	ADT	mAOC-CD23	0.0195761250030654	0.0195761250030654	NA	ok	
Standardpcaclusters	13	1222	mAOC0479	mAOC-CD23	gene	ADT	mAOC-CD23	0.00303045079937079	0.00303045079937079	NA	ok	
Standardpcaclusters	14	84	mAOC0479	mAOC-CD23	gene	ADT	mAOC-CD23	0.0350941868632572	0.0350941868632572	NA	ok	
Standardpcaclusters	15	195	mAOC0479	mAOC-CD23	gene	ADT	mAOC-CD23	0.00171402431346593	0.00171402431346593	NA	ok	
Standardpcaclusters	1	116	mAOC0481	mAOC-CD71	gene	ADT	mAOC-CD71	0.053303391290454	0.053303391290454	NA	ok	
Standardpcaclusters	2	652	mAOC0481	mAOC-CD71	gene	ADT	mAOC-CD71	0.0124876181637739	0.0124876181637739	NA	ok	
Standardpcaclusters	3	2689	mAOC0481	mAOC-CD71	gene	ADT	mAOC-CD71	0.00363032894036604	0.00363032894036604	NA	ok	
Standardpcaclusters	4	506	mAOC0481	mAOC-CD71	gene	ADT	mAOC-CD71	0.00441472245925964	0.00441472245925964	NA	ok	
Standardpcaclusters	5	690	mAOC0481	mAOC-CD71	gene	ADT	mAOC-CD71	0.0118019269045034	0.0118019269045034	NA	ok	
Standardpcaclusters	6	663	mAOC0481	mAOC-CD71	gene	ADT	mAOC-CD71	0.0112323517877284	0.0112323517877284	NA	ok	
Standardpcaclusters	7	1552	mAOC0481	mAOC-CD71	gene	ADT	mAOC-CD71	0.000595037257998193	0.000595037257998193	NA	ok	
Standardpcaclusters	8	2101	mAOC0481	mAOC-CD71	gene	ADT	mAOC-CD71	0.00461271328258682	0.00461271328258682	NA	ok	
Standardpcaclusters	9	440	mAOC0481	mAOC-CD71	gene	ADT	mAOC-CD71	0.0130953059653353	0.0130953059653353	NA	ok	
Standardpcaclusters	10	1898	mAOC0481	mAOC-CD71	gene	ADT	mAOC-CD71	0.0100103859199099	0.0100103859199099	NA	ok	
Standardpcaclusters	11	346	mAOC0481	mAOC-CD71	gene	ADT	mAOC-CD71	0.00345323501401626	0.00345323501401626	NA	ok	
Standardpcaclusters	12	135	mAOC0481	mAOC-CD71	gene	ADT	mAOC-CD71	0.0330451932513003	0.0330451932513003	NA	ok	
Standardpcaclusters	13	1222	mAOC0481	mAOC-CD71	gene	ADT	mAOC-CD71	0.023823260702064	0.023823260702064	NA	ok	
Standardpcaclusters	14	84	mAOC0481	mAOC-CD71	gene	ADT	mAOC-CD71	0.112028835378795	0.112028835378795	NA	ok	
Standardpcaclusters	15	195	mAOC0481	mAOC-CD71	gene	ADT	mAOC-CD71	0.0119166150329826	0.0119166150329826	NA	ok	
Standardpcaclusters	1	116	mAOC0482	mAOC-CD7	gene	ADT	mAOC-CD7	0.0189285230782948	0.0189285230782948	NA	ok	
Standardpcaclusters	2	652	mAOC0482	mAOC-CD7	gene	ADT	mAOC-CD7	0.00405942892307325	0.00405942892307325	NA	ok	
Standardpcaclusters	3	2689	mAOC0482	mAOC-CD7	gene	ADT	mAOC-CD7	0.00087546825591083	0.00087546825591083	NA	ok	
Standardpcaclusters	4	506	mAOC0482	mAOC-CD7	gene	ADT	mAOC-CD7	0.00147974399092796	0.00147974399092796	NA	ok	
Standardpcaclusters	5	690	mAOC0482	mAOC-CD7	gene	ADT	mAOC-CD7	0.00189209122552871	0.00189209122552871	NA	ok	
Standardpcaclusters	6	663	mAOC0482	mAOC-CD7	gene	ADT	mAOC-CD7	0.00241457987256336	0.00241457987256336	NA	ok	
Standardpcaclusters	7	1552	mAOC0482	mAOC-CD7	gene	ADT	mAOC-CD7	6.82022839981548e-05	6.82022839981548e-05	NA	ok	
Standardpcaclusters	8	2101	mAOC0482	mAOC-CD7	gene	ADT	mAOC-CD7	0.00168068643678464	0.00168068643678464	NA	ok	
Standardpcaclusters	9	440	mAOC0482	mAOC-CD7	gene	ADT	mAOC-CD7	0.00193931440131545	0.00193931440131545	NA	ok	
Standardpcaclusters	10	1898	mAOC0482	mAOC-CD7	gene	ADT	mAOC-CD7	0.00169611876898007	0.00169611876898007	NA	ok	
Standardpcaclusters	11	346	mAOC0482	mAOC-CD7	gene	ADT	mAOC-CD7	0.00160751964378378	0.00160751964378378	NA	ok	
Standardpcaclusters	12	135	mAOC0482	mAOC-CD7	gene	ADT	mAOC-CD7	0.0103845605855374	0.0103845605855374	NA	ok	
Standardpcaclusters	13	1222	mAOC0482	mAOC-CD7	gene	ADT	mAOC-CD7	0.00506734408276336	0.00506734408276336	NA	ok	
Standardpcaclusters	14	84	mAOC0482	mAOC-CD7	gene	ADT	mAOC-CD7	0.0118943836708304	0.0118943836708304	NA	ok	
Standardpcaclusters	15	195	mAOC0482	mAOC-CD7	gene	ADT	mAOC-CD7	0.00365718427433023	0.00365718427433023	NA	ok	
Standardpcaclusters	1	116	mAOC0485	mAOC-CD25	gene	ADT	mAOC-CD25	0	0	NA	ok	
Standardpcaclusters	2	652	mAOC0485	mAOC-CD25	gene	ADT	mAOC-CD25	0	0	NA	ok	
Standardpcaclusters	3	2689	mAOC0485	mAOC-CD25	gene	ADT	mAOC-CD25	3.52463742510648e-05	3.52463742510648e-05	NA	ok	
Standardpcaclusters	4	506	mAOC0485	mAOC-CD25	gene	ADT	mAOC-CD25	0	0	NA	ok	
Standardpcaclusters	5	690	mAOC0485	mAOC-CD25	gene	ADT	mAOC-CD25	9.90885524662342e-05	9.90885524662342e-05	NA	ok	
Standardpcaclusters	6	663	mAOC0485	mAOC-CD25	gene	ADT	mAOC-CD25	9.58335310907557e-05	9.58335310907557e-05	NA	ok	
Standardpcaclusters	7	1552	mAOC0485	mAOC-CD25	gene	ADT	mAOC-CD25	0	0	NA	ok	
Standardpcaclusters	8	2101	mAOC0485	mAOC-CD25	gene	ADT	mAOC-CD25	1.29757308196845e-05	1.29757308196845e-05	NA	ok	
Standardpcaclusters	9	440	mAOC0485	mAOC-CD25	gene	ADT	mAOC-CD25	0	0	NA	ok	
Standardpcaclusters	10	1898	mAOC0485	mAOC-CD25	gene	ADT	mAOC-CD25	0.000159987464778707	0.000159987464778707	NA	ok	
Standardpcaclusters	11	346	mAOC0485	mAOC-CD25	gene	ADT	mAOC-CD25	0	0	NA	ok	
Standardpcaclusters	12	135	mAOC0485	mAOC-CD25	gene	ADT	mAOC-CD25	0.000439077378142013	0.000439077378142013	NA	ok	
Standardpcaclusters	13	1222	mAOC0485	mAOC-CD25	gene	ADT	mAOC-CD25	0	0	NA	ok	
Standardpcaclusters	14	84	mAOC0485	mAOC-CD25	gene	ADT	mAOC-CD25	0	0	NA	ok	
Standardpcaclusters	15	195	mAOC0485	mAOC-CD25	gene	ADT	mAOC-CD25	9.80543499511404e-05	9.80543499511404e-05	NA	ok	
Standardpcaclusters	1	116	mAOC0486	mAOC-CD2	gene	ADT	mAOC-CD2	0.127280958557068	0.127280958557068	NA	ok	
Standardpcaclusters	2	652	mAOC0486	mAOC-CD2	gene	ADT	mAOC-CD2	0.0336015964996981	0.0336015964996981	NA	ok	
Standardpcaclusters	3	2689	mAOC0486	mAOC-CD2	gene	ADT	mAOC-CD2	0.0153716852156567	0.0153716852156567	NA	ok	
Standardpcaclusters	4	506	mAOC0486	mAOC-CD2	gene	ADT	mAOC-CD2	0.0170298265411082	0.0170298265411082	NA	ok	
Standardpcaclusters	5	690	mAOC0486	mAOC-CD2	gene	ADT	mAOC-CD2	0.0238774109980642	0.0238774109980642	NA	ok	
Standardpcaclusters	6	663	mAOC0486	mAOC-CD2	gene	ADT	mAOC-CD2	0.0293456286074035	0.0293456286074035	NA	ok	
Standardpcaclusters	7	1552	mAOC0486	mAOC-CD2	gene	ADT	mAOC-CD2	0.0161600189224707	0.0161600189224707	NA	ok	
Standardpcaclusters	8	2101	mAOC0486	mAOC-CD2	gene	ADT	mAOC-CD2	0.0158987902663104	0.0158987902663104	NA	ok	
Standardpcaclusters	9	440	mAOC0486	mAOC-CD2	gene	ADT	mAOC-CD2	0.0293985720908206	0.0293985720908206	NA	ok	
Standardpcaclusters	10	1898	mAOC0486	mAOC-CD2	gene	ADT	mAOC-CD2	0.0246605509985942	0.0246605509985942	NA	ok	
Standardpcaclusters	11	346	mAOC0486	mAOC-CD2	gene	ADT	mAOC-CD2	0.00851391408539327	0.00851391408539327	NA	ok	
Standardpcaclusters	12	135	mAOC0486	mAOC-CD2	gene	ADT	mAOC-CD2	0.0577345980385759	0.0577345980385759	NA	ok	
Standardpcaclusters	13	1222	mAOC0486	mAOC-CD2	gene	ADT	mAOC-CD2	0.0807934464165381	0.0807934464165381	NA	ok	
Standardpcaclusters	14	84	mAOC0486	mAOC-CD2	gene	ADT	mAOC-CD2	0.276230865234873	0.276230865234873	NA	ok	
Standardpcaclusters	15	195	mAOC0486	mAOC-CD2	gene	ADT	mAOC-CD2	0.0329290325761221	0.0329290325761221	NA	ok	
Standardpcaclusters	1	116	mAOC0488	mAOC-CD62L	gene	ADT	mAOC-CD62L	0.11205758010511	0.11205758010511	NA	ok	
Standardpcaclusters	2	652	mAOC0488	mAOC-CD62L	gene	ADT	mAOC-CD62L	0.017079185258913	0.017079185258913	NA	ok	
Standardpcaclusters	3	2689	mAOC0488	mAOC-CD62L	gene	ADT	mAOC-CD62L	0.00692772841993132	0.00692772841993132	NA	ok	
Standardpcaclusters	4	506	mAOC0488	mAOC-CD62L	gene	ADT	mAOC-CD62L	0.0103178261288479	0.0103178261288479	NA	ok	
Standardpcaclusters	5	690	mAOC0488	mAOC-CD62L	gene	ADT	mAOC-CD62L	0.0151487788646171	0.0151487788646171	NA	ok	
Standardpcaclusters	6	663	mAOC0488	mAOC-CD62L	gene	ADT	mAOC-CD62L	0.0144546863498599	0.0144546863498599	NA	ok	
Standardpcaclusters	7	1552	mAOC0488	mAOC-CD62L	gene	ADT	mAOC-CD62L	0.00579681822183612	0.00579681822183612	NA	ok	
Standardpcaclusters	8	2101	mAOC0488	mAOC-CD62L	gene	ADT	mAOC-CD62L	0.0100642317574155	0.0100642317574155	NA	ok	
Standardpcaclusters	9	440	mAOC0488	mAOC-CD62L	gene	ADT	mAOC-CD62L	0.011765825981125	0.011765825981125	NA	ok	
Standardpcaclusters	10	1898	mAOC0488	mAOC-CD62L	gene	ADT	mAOC-CD62L	0.0159592482871241	0.0159592482871241	NA	ok	
Standardpcaclusters	11	346	mAOC0488	mAOC-CD62L	gene	ADT	mAOC-CD62L	0.00334813809712587	0.00334813809712587	NA	ok	
Standardpcaclusters	12	135	mAOC0488	mAOC-CD62L	gene	ADT	mAOC-CD62L	0.0550879309151398	0.0550879309151398	NA	ok	
Standardpcaclusters	13	1222	mAOC0488	mAOC-CD62L	gene	ADT	mAOC-CD62L	0.0500425504150638	0.0500425504150638	NA	ok	
Standardpcaclusters	14	84	mAOC0488	mAOC-CD62L	gene	ADT	mAOC-CD62L	0.0506288959051682	0.0506288959051682	NA	ok	
Standardpcaclusters	15	195	mAOC0488	mAOC-CD62L	gene	ADT	mAOC-CD62L	0.0257916780295948	0.0257916780295948	NA	ok	
Standardpcaclusters	1	116	mAOC0490	mAOC-CD158a	gene	ADT	mAOC-CD158a	0.0363664212221288	0.0363664212221288	NA	ok	
Standardpcaclusters	2	652	mAOC0490	mAOC-CD158a	gene	ADT	mAOC-CD158a	0.00420867512376412	0.00420867512376412	NA	ok	
Standardpcaclusters	3	2689	mAOC0490	mAOC-CD158a	gene	ADT	mAOC-CD158a	0.00187729247133938	0.00187729247133938	NA	ok	
Standardpcaclusters	4	506	mAOC0490	mAOC-CD158a	gene	ADT	mAOC-CD158a	0.00339463952332319	0.00339463952332319	NA	ok	
Standardpcaclusters	5	690	mAOC0490	mAOC-CD158a	gene	ADT	mAOC-CD158a	0.00428880508476569	0.00428880508476569	NA	ok	
Standardpcaclusters	6	663	mAOC0490	mAOC-CD158a	gene	ADT	mAOC-CD158a	0.00752728795680496	0.00752728795680496	NA	ok	
Standardpcaclusters	7	1552	mAOC0490	mAOC-CD158a	gene	ADT	mAOC-CD158a	0.00117085137495041	0.00117085137495041	NA	ok	
Standardpcaclusters	8	2101	mAOC0490	mAOC-CD158a	gene	ADT	mAOC-CD158a	0.00241590274188994	0.00241590274188994	NA	ok	
Standardpcaclusters	9	440	mAOC0490	mAOC-CD158a	gene	ADT	mAOC-CD158a	0.00109079422997575	0.00109079422997575	NA	ok	
Standardpcaclusters	10	1898	mAOC0490	mAOC-CD158a	gene	ADT	mAOC-CD158a	0.00375443606668079	0.00375443606668079	NA	ok	
Standardpcaclusters	11	346	mAOC0490	mAOC-CD158a	gene	ADT	mAOC-CD158a	0.00149421719615086	0.00149421719615086	NA	ok	
Standardpcaclusters	12	135	mAOC0490	mAOC-CD158a	gene	ADT	mAOC-CD158a	0.0156621627524903	0.0156621627524903	NA	ok	
Standardpcaclusters	13	1222	mAOC0490	mAOC-CD158a	gene	ADT	mAOC-CD158a	0.00674044927083397	0.00674044927083397	NA	ok	
Standardpcaclusters	14	84	mAOC0490	mAOC-CD158a	gene	ADT	mAOC-CD158a	0.00694149100465334	0.00694149100465334	NA	ok	
Standardpcaclusters	15	195	mAOC0490	mAOC-CD158a	gene	ADT	mAOC-CD158a	0.00958642382504672	0.00958642382504672	NA	ok	
Standardpcaclusters	1	116	mAOC0492	mAOC-CD115	gene	ADT	mAOC-CD115	0.0545123548600536	0.0545123548600536	NA	ok	
Standardpcaclusters	2	652	mAOC0492	mAOC-CD115	gene	ADT	mAOC-CD115	0.0122554069706415	0.0122554069706415	NA	ok	
Standardpcaclusters	3	2689	mAOC0492	mAOC-CD115	gene	ADT	mAOC-CD115	0.00387000513802438	0.00387000513802438	NA	ok	
Standardpcaclusters	4	506	mAOC0492	mAOC-CD115	gene	ADT	mAOC-CD115	0.00340323871883026	0.00340323871883026	NA	ok	
Standardpcaclusters	5	690	mAOC0492	mAOC-CD115	gene	ADT	mAOC-CD115	0.0100432148626	0.0100432148626	NA	ok	
Standardpcaclusters	6	663	mAOC0492	mAOC-CD115	gene	ADT	mAOC-CD115	0.0104351547678676	0.0104351547678676	NA	ok	
Standardpcaclusters	7	1552	mAOC0492	mAOC-CD115	gene	ADT	mAOC-CD115	0.00066494552461974	0.00066494552461974	NA	ok	
Standardpcaclusters	8	2101	mAOC0492	mAOC-CD115	gene	ADT	mAOC-CD115	0.00441512566666318	0.00441512566666318	NA	ok	
Standardpcaclusters	9	440	mAOC0492	mAOC-CD115	gene	ADT	mAOC-CD115	0.00283977712982717	0.00283977712982717	NA	ok	
Standardpcaclusters	10	1898	mAOC0492	mAOC-CD115	gene	ADT	mAOC-CD115	0.0080226268551608	0.0080226268551608	NA	ok	
Standardpcaclusters	11	346	mAOC0492	mAOC-CD115	gene	ADT	mAOC-CD115	0.002898705827464	0.002898705827464	NA	ok	
Standardpcaclusters	12	135	mAOC0492	mAOC-CD115	gene	ADT	mAOC-CD115	0.0377352098236921	0.0377352098236921	NA	ok	
Standardpcaclusters	13	1222	mAOC0492	mAOC-CD115	gene	ADT	mAOC-CD115	0.0186926229540647	0.0186926229540647	NA	ok	
Standardpcaclusters	14	84	mAOC0492	mAOC-CD115	gene	ADT	mAOC-CD115	0.0793848971484276	0.0793848971484276	NA	ok	
Standardpcaclusters	15	195	mAOC0492	mAOC-CD115	gene	ADT	mAOC-CD115	0.0251324272037811	0.0251324272037811	NA	ok	
Standardpcaclusters	1	116	mAOC0496	mAOC-CD272	gene	ADT	mAOC-CD272	0.144871161596367	0.144871161596367	NA	ok	
Standardpcaclusters	2	652	mAOC0496	mAOC-CD272	gene	ADT	mAOC-CD272	0.0340544032308661	0.0340544032308661	NA	ok	
Standardpcaclusters	3	2689	mAOC0496	mAOC-CD272	gene	ADT	mAOC-CD272	0.0107225589063672	0.0107225589063672	NA	ok	
Standardpcaclusters	4	506	mAOC0496	mAOC-CD272	gene	ADT	mAOC-CD272	0.014694352494894	0.014694352494894	NA	ok	
Standardpcaclusters	5	690	mAOC0496	mAOC-CD272	gene	ADT	mAOC-CD272	0.0300363732423883	0.0300363732423883	NA	ok	
Standardpcaclusters	6	663	mAOC0496	mAOC-CD272	gene	ADT	mAOC-CD272	0.0208630671754535	0.0208630671754535	NA	ok	
Standardpcaclusters	7	1552	mAOC0496	mAOC-CD272	gene	ADT	mAOC-CD272	0.00462523400315634	0.00462523400315634	NA	ok	
Standardpcaclusters	8	2101	mAOC0496	mAOC-CD272	gene	ADT	mAOC-CD272	0.0120306259190415	0.0120306259190415	NA	ok	
Standardpcaclusters	9	440	mAOC0496	mAOC-CD272	gene	ADT	mAOC-CD272	0.010252638983864	0.010252638983864	NA	ok	
Standardpcaclusters	10	1898	mAOC0496	mAOC-CD272	gene	ADT	mAOC-CD272	0.0158699156765004	0.0158699156765004	NA	ok	
Standardpcaclusters	11	346	mAOC0496	mAOC-CD272	gene	ADT	mAOC-CD272	0.00603545549832736	0.00603545549832736	NA	ok	
Standardpcaclusters	12	135	mAOC0496	mAOC-CD272	gene	ADT	mAOC-CD272	0.0725296100266359	0.0725296100266359	NA	ok	
Standardpcaclusters	13	1222	mAOC0496	mAOC-CD272	gene	ADT	mAOC-CD272	0.0687344641685371	0.0687344641685371	NA	ok	
Standardpcaclusters	14	84	mAOC0496	mAOC-CD272	gene	ADT	mAOC-CD272	0.122323530411076	0.122323530411076	NA	ok	
Standardpcaclusters	15	195	mAOC0496	mAOC-CD272	gene	ADT	mAOC-CD272	0.0613299049938082	0.0613299049938082	NA	ok	
Standardpcaclusters	1	116	mAOC0500	mAOC-CD16a	gene	ADT	mAOC-CD16a	0	0	NA	ok	
Standardpcaclusters	2	652	mAOC0500	mAOC-CD16a	gene	ADT	mAOC-CD16a	0.000573555163078864	0.000573555163078864	NA	ok	
Standardpcaclusters	3	2689	mAOC0500	mAOC-CD16a	gene	ADT	mAOC-CD16a	0.000111548477341408	0.000111548477341408	NA	ok	
Standardpcaclusters	4	506	mAOC0500	mAOC-CD16a	gene	ADT	mAOC-CD16a	0.00062998012747142	0.00062998012747142	NA	ok	
Standardpcaclusters	5	690	mAOC0500	mAOC-CD16a	gene	ADT	mAOC-CD16a	0.000611117484901015	0.000611117484901015	NA	ok	
Standardpcaclusters	6	663	mAOC0500	mAOC-CD16a	gene	ADT	mAOC-CD16a	0.00067568372233372	0.00067568372233372	NA	ok	
Standardpcaclusters	7	1552	mAOC0500	mAOC-CD16a	gene	ADT	mAOC-CD16a	0	0	NA	ok	
Standardpcaclusters	8	2101	mAOC0500	mAOC-CD16a	gene	ADT	mAOC-CD16a	0.000540944950202833	0.000540944950202833	NA	ok	
Standardpcaclusters	9	440	mAOC0500	mAOC-CD16a	gene	ADT	mAOC-CD16a	0	0	NA	ok	
Standardpcaclusters	10	1898	mAOC0500	mAOC-CD16a	gene	ADT	mAOC-CD16a	0.000467524817873671	0.000467524817873671	NA	ok	
Standardpcaclusters	11	346	mAOC0500	mAOC-CD16a	gene	ADT	mAOC-CD16a	0	0	NA	ok	
Standardpcaclusters	12	135	mAOC0500	mAOC-CD16a	gene	ADT	mAOC-CD16a	0.000439077378142013	0.000439077378142013	NA	ok	
Standardpcaclusters	13	1222	mAOC0500	mAOC-CD16a	gene	ADT	mAOC-CD16a	0.000362887228001196	0.000362887228001196	NA	ok	
Standardpcaclusters	14	84	mAOC0500	mAOC-CD16a	gene	ADT	mAOC-CD16a	0.00655105805661762	0.00655105805661762	NA	ok	
Standardpcaclusters	15	195	mAOC0500	mAOC-CD16a	gene	ADT	mAOC-CD16a	0.00425316846761479	0.00425316846761479	NA	ok	
Standardpcaclusters	1	116	mAOC0505	mAOC-CD35	gene	ADT	mAOC-CD35	0.416549827398572	0.416549827398572	NA	ok	
Standardpcaclusters	2	652	mAOC0505	mAOC-CD35	gene	ADT	mAOC-CD35	2.75689632128142	2.75689632128142	NA	ok	
Standardpcaclusters	3	2689	mAOC0505	mAOC-CD35	gene	ADT	mAOC-CD35	0.0313344738780135	0.0313344738780135	NA	ok	
Standardpcaclusters	4	506	mAOC0505	mAOC-CD35	gene	ADT	mAOC-CD35	0.203219529903542	0.203219529903542	NA	ok	
Standardpcaclusters	5	690	mAOC0505	mAOC-CD35	gene	ADT	mAOC-CD35	0.02550825715625	0.02550825715625	NA	ok	
Standardpcaclusters	6	663	mAOC0505	mAOC-CD35	gene	ADT	mAOC-CD35	0.127724575527692	0.127724575527692	NA	ok	
Standardpcaclusters	7	1552	mAOC0505	mAOC-CD35	gene	ADT	mAOC-CD35	0.040667917945646	0.040667917945646	NA	ok	
Standardpcaclusters	8	2101	mAOC0505	mAOC-CD35	gene	ADT	mAOC-CD35	0.0445300637260355	0.0445300637260355	NA	ok	
Standardpcaclusters	9	440	mAOC0505	mAOC-CD35	gene	ADT	mAOC-CD35	0.0343810398010479	0.0343810398010479	NA	ok	
Standardpcaclusters	10	1898	mAOC0505	mAOC-CD35	gene	ADT	mAOC-CD35	0.0134491526454444	0.0134491526454444	NA	ok	
Standardpcaclusters	11	346	mAOC0505	mAOC-CD35	gene	ADT	mAOC-CD35	0.00247429352814239	0.00247429352814239	NA	ok	
Standardpcaclusters	12	135	mAOC0505	mAOC-CD35	gene	ADT	mAOC-CD35	0.0491528834164152	0.0491528834164152	NA	ok	
Standardpcaclusters	13	1222	mAOC0505	mAOC-CD35	gene	ADT	mAOC-CD35	0.08832156289716	0.08832156289716	NA	ok	
Standardpcaclusters	14	84	mAOC0505	mAOC-CD35	gene	ADT	mAOC-CD35	0.0972063548308135	0.0972063548308135	NA	ok	
Standardpcaclusters	15	195	mAOC0505	mAOC-CD35	gene	ADT	mAOC-CD35	2.18354213001553	2.18354213001553	NA	ok	
Standardpcaclusters	1	116	mAOC0506	mAOC-CD31	gene	ADT	mAOC-CD31	0.288002918926351	0.288002918926351	NA	ok	
Standardpcaclusters	2	652	mAOC0506	mAOC-CD31	gene	ADT	mAOC-CD31	0.0911705588445074	0.0911705588445074	NA	ok	
Standardpcaclusters	3	2689	mAOC0506	mAOC-CD31	gene	ADT	mAOC-CD31	0.0282101460258891	0.0282101460258891	NA	ok	
Standardpcaclusters	4	506	mAOC0506	mAOC-CD31	gene	ADT	mAOC-CD31	0.0433621910897638	0.0433621910897638	NA	ok	
Standardpcaclusters	5	690	mAOC0506	mAOC-CD31	gene	ADT	mAOC-CD31	0.032692980288067	0.032692980288067	NA	ok	
Standardpcaclusters	6	663	mAOC0506	mAOC-CD31	gene	ADT	mAOC-CD31	0.0492319783774339	0.0492319783774339	NA	ok	
Standardpcaclusters	7	1552	mAOC0506	mAOC-CD31	gene	ADT	mAOC-CD31	0.0168365790873346	0.0168365790873346	NA	ok	
Standardpcaclusters	8	2101	mAOC0506	mAOC-CD31	gene	ADT	mAOC-CD31	0.0246871471986913	0.0246871471986913	NA	ok	
Standardpcaclusters	9	440	mAOC0506	mAOC-CD31	gene	ADT	mAOC-CD31	0.0141643606702184	0.0141643606702184	NA	ok	
Standardpcaclusters	10	1898	mAOC0506	mAOC-CD31	gene	ADT	mAOC-CD31	0.0275485496695109	0.0275485496695109	NA	ok	
Standardpcaclusters	11	346	mAOC0506	mAOC-CD31	gene	ADT	mAOC-CD31	0.0113887018102971	0.0113887018102971	NA	ok	
Standardpcaclusters	12	135	mAOC0506	mAOC-CD31	gene	ADT	mAOC-CD31	0.107589778660916	0.107589778660916	NA	ok	
Standardpcaclusters	13	1222	mAOC0506	mAOC-CD31	gene	ADT	mAOC-CD31	0.118059859770849	0.118059859770849	NA	ok	
Standardpcaclusters	14	84	mAOC0506	mAOC-CD31	gene	ADT	mAOC-CD31	0.274707339528447	0.274707339528447	NA	ok	
Standardpcaclusters	15	195	mAOC0506	mAOC-CD31	gene	ADT	mAOC-CD31	0.174166336701665	0.174166336701665	NA	ok	
Standardpcaclusters	1	116	mAOC0507	mAOC-CD11c	gene	ADT	mAOC-CD11c	0.0132041084222523	0.0132041084222523	NA	ok	
Standardpcaclusters	2	652	mAOC0507	mAOC-CD11c	gene	ADT	mAOC-CD11c	0.00727226010398233	0.00727226010398233	NA	ok	
Standardpcaclusters	3	2689	mAOC0507	mAOC-CD11c	gene	ADT	mAOC-CD11c	0.000914793430642855	0.000914793430642855	NA	ok	
Standardpcaclusters	4	506	mAOC0507	mAOC-CD11c	gene	ADT	mAOC-CD11c	0.00136481991680917	0.00136481991680917	NA	ok	
Standardpcaclusters	5	690	mAOC0507	mAOC-CD11c	gene	ADT	mAOC-CD11c	0.0018600025756834	0.0018600025756834	NA	ok	
Standardpcaclusters	6	663	mAOC0507	mAOC-CD11c	gene	ADT	mAOC-CD11c	0.0034065246047956	0.0034065246047956	NA	ok	
Standardpcaclusters	7	1552	mAOC0507	mAOC-CD11c	gene	ADT	mAOC-CD11c	0.000454065787557668	0.000454065787557668	NA	ok	
Standardpcaclusters	8	2101	mAOC0507	mAOC-CD11c	gene	ADT	mAOC-CD11c	0.00185180202427317	0.00185180202427317	NA	ok	
Standardpcaclusters	9	440	mAOC0507	mAOC-CD11c	gene	ADT	mAOC-CD11c	0.00319947452581365	0.00319947452581365	NA	ok	
Standardpcaclusters	10	1898	mAOC0507	mAOC-CD11c	gene	ADT	mAOC-CD11c	0.00271581645009767	0.00271581645009767	NA	ok	
Standardpcaclusters	11	346	mAOC0507	mAOC-CD11c	gene	ADT	mAOC-CD11c	0.000614581481591096	0.000614581481591096	NA	ok	
Standardpcaclusters	12	135	mAOC0507	mAOC-CD11c	gene	ADT	mAOC-CD11c	0.00124610861112132	0.00124610861112132	NA	ok	
Standardpcaclusters	13	1222	mAOC0507	mAOC-CD11c	gene	ADT	mAOC-CD11c	0.00190938502140952	0.00190938502140952	NA	ok	
Standardpcaclusters	14	84	mAOC0507	mAOC-CD11c	gene	ADT	mAOC-CD11c	0.0632278759761999	0.0632278759761999	NA	ok	
Standardpcaclusters	15	195	mAOC0507	mAOC-CD11c	gene	ADT	mAOC-CD11c	0.00563273287280205	0.00563273287280205	NA	ok	
Standardpcaclusters	1	116	mAOC0508	mAOC-CD157	gene	ADT	mAOC-CD157	0.132066015552651	0.132066015552651	NA	ok	
Standardpcaclusters	2	652	mAOC0508	mAOC-CD157	gene	ADT	mAOC-CD157	0.0247443067708489	0.0247443067708489	NA	ok	
Standardpcaclusters	3	2689	mAOC0508	mAOC-CD157	gene	ADT	mAOC-CD157	0.0108652999671324	0.0108652999671324	NA	ok	
Standardpcaclusters	4	506	mAOC0508	mAOC-CD157	gene	ADT	mAOC-CD157	0.0139218078464921	0.0139218078464921	NA	ok	
Standardpcaclusters	5	690	mAOC0508	mAOC-CD157	gene	ADT	mAOC-CD157	0.0206019142805276	0.0206019142805276	NA	ok	
Standardpcaclusters	6	663	mAOC0508	mAOC-CD157	gene	ADT	mAOC-CD157	0.0268632261366576	0.0268632261366576	NA	ok	
Standardpcaclusters	7	1552	mAOC0508	mAOC-CD157	gene	ADT	mAOC-CD157	0.00535461189404162	0.00535461189404162	NA	ok	
Standardpcaclusters	8	2101	mAOC0508	mAOC-CD157	gene	ADT	mAOC-CD157	0.0130136262808774	0.0130136262808774	NA	ok	
Standardpcaclusters	9	440	mAOC0508	mAOC-CD157	gene	ADT	mAOC-CD157	0.0152173754774845	0.0152173754774845	NA	ok	
Standardpcaclusters	10	1898	mAOC0508	mAOC-CD157	gene	ADT	mAOC-CD157	0.0206378529662527	0.0206378529662527	NA	ok	
Standardpcaclusters	11	346	mAOC0508	mAOC-CD157	gene	ADT	mAOC-CD157	0.00491293568326975	0.00491293568326975	NA	ok	
Standardpcaclusters	12	135	mAOC0508	mAOC-CD157	gene	ADT	mAOC-CD157	0.0760318553068331	0.0760318553068331	NA	ok	
Standardpcaclusters	13	1222	mAOC0508	mAOC-CD157	gene	ADT	mAOC-CD157	0.0818642362802946	0.0818642362802946	NA	ok	
Standardpcaclusters	14	84	mAOC0508	mAOC-CD157	gene	ADT	mAOC-CD157	0.181225412761635	0.181225412761635	NA	ok	
Standardpcaclusters	15	195	mAOC0508	mAOC-CD157	gene	ADT	mAOC-CD157	0.0534375581576678	0.0534375581576678	NA	ok	
Standardpcaclusters	1	116	mAOC0509	mAOC-CD277	gene	ADT	mAOC-CD277	0.135765400682247	0.135765400682247	NA	ok	
Standardpcaclusters	2	652	mAOC0509	mAOC-CD277	gene	ADT	mAOC-CD277	0.0263827371652338	0.0263827371652338	NA	ok	
Standardpcaclusters	3	2689	mAOC0509	mAOC-CD277	gene	ADT	mAOC-CD277	0.010931791168322	0.010931791168322	NA	ok	
Standardpcaclusters	4	506	mAOC0509	mAOC-CD277	gene	ADT	mAOC-CD277	0.0141096524920129	0.0141096524920129	NA	ok	
Standardpcaclusters	5	690	mAOC0509	mAOC-CD277	gene	ADT	mAOC-CD277	0.0204427459716099	0.0204427459716099	NA	ok	
Standardpcaclusters	6	663	mAOC0509	mAOC-CD277	gene	ADT	mAOC-CD277	0.0244995650422623	0.0244995650422623	NA	ok	
Standardpcaclusters	7	1552	mAOC0509	mAOC-CD277	gene	ADT	mAOC-CD277	0.0045354785524531	0.0045354785524531	NA	ok	
Standardpcaclusters	8	2101	mAOC0509	mAOC-CD277	gene	ADT	mAOC-CD277	0.0125256352267277	0.0125256352267277	NA	ok	
Standardpcaclusters	9	440	mAOC0509	mAOC-CD277	gene	ADT	mAOC-CD277	0.0168082769963421	0.0168082769963421	NA	ok	
Standardpcaclusters	10	1898	mAOC0509	mAOC-CD277	gene	ADT	mAOC-CD277	0.018977157480499	0.018977157480499	NA	ok	
Standardpcaclusters	11	346	mAOC0509	mAOC-CD277	gene	ADT	mAOC-CD277	0.00512262138107138	0.00512262138107138	NA	ok	
Standardpcaclusters	12	135	mAOC0509	mAOC-CD277	gene	ADT	mAOC-CD277	0.0807143135615327	0.0807143135615327	NA	ok	
Standardpcaclusters	13	1222	mAOC0509	mAOC-CD277	gene	ADT	mAOC-CD277	0.0758103132187535	0.0758103132187535	NA	ok	
Standardpcaclusters	14	84	mAOC0509	mAOC-CD277	gene	ADT	mAOC-CD277	0.165140071253086	0.165140071253086	NA	ok	
Standardpcaclusters	15	195	mAOC0509	mAOC-CD277	gene	ADT	mAOC-CD277	0.0831355786928847	0.0831355786928847	NA	ok	
Standardpcaclusters	1	116	mAOC0518-1	mAOC-ACVR2B	gene	ADT	mAOC-ACVR2B	0.132939920627288	0.132939920627288	NA	ok	
Standardpcaclusters	2	652	mAOC0518-1	mAOC-ACVR2B	gene	ADT	mAOC-ACVR2B	0.0220475265260048	0.0220475265260048	NA	ok	
Standardpcaclusters	3	2689	mAOC0518-1	mAOC-ACVR2B	gene	ADT	mAOC-ACVR2B	0.00719566268662792	0.00719566268662792	NA	ok	
Standardpcaclusters	4	506	mAOC0518-1	mAOC-ACVR2B	gene	ADT	mAOC-ACVR2B	0.00877591172522923	0.00877591172522923	NA	ok	
Standardpcaclusters	5	690	mAOC0518-1	mAOC-ACVR2B	gene	ADT	mAOC-ACVR2B	0.0115528961757009	0.0115528961757009	NA	ok	
Standardpcaclusters	6	663	mAOC0518-1	mAOC-ACVR2B	gene	ADT	mAOC-ACVR2B	0.0150873985522007	0.0150873985522007	NA	ok	
Standardpcaclusters	7	1552	mAOC0518-1	mAOC-ACVR2B	gene	ADT	mAOC-ACVR2B	0.00337494800399154	0.00337494800399154	NA	ok	
Standardpcaclusters	8	2101	mAOC0518-1	mAOC-ACVR2B	gene	ADT	mAOC-ACVR2B	0.00840042490956403	0.00840042490956403	NA	ok	
Standardpcaclusters	9	440	mAOC0518-1	mAOC-ACVR2B	gene	ADT	mAOC-ACVR2B	0.00312997277620541	0.00312997277620541	NA	ok	
Standardpcaclusters	10	1898	mAOC0518-1	mAOC-ACVR2B	gene	ADT	mAOC-ACVR2B	0.0110211198727755	0.0110211198727755	NA	ok	
Standardpcaclusters	11	346	mAOC0518-1	mAOC-ACVR2B	gene	ADT	mAOC-ACVR2B	0.00346308634353938	0.00346308634353938	NA	ok	
Standardpcaclusters	12	135	mAOC0518-1	mAOC-ACVR2B	gene	ADT	mAOC-ACVR2B	0.0362529881856859	0.0362529881856859	NA	ok	
Standardpcaclusters	13	1222	mAOC0518-1	mAOC-ACVR2B	gene	ADT	mAOC-ACVR2B	0.0413884535956647	0.0413884535956647	NA	ok	
Standardpcaclusters	14	84	mAOC0518-1	mAOC-ACVR2B	gene	ADT	mAOC-ACVR2B	0.107900248976595	0.107900248976595	NA	ok	
Standardpcaclusters	15	195	mAOC0518-1	mAOC-ACVR2B	gene	ADT	mAOC-ACVR2B	0.299394055087635	0.299394055087635	NA	ok	
Standardpcaclusters	1	116	mAOC0519-1	mAOC-CD246	gene	ADT	mAOC-CD246	0.119839734961236	0.119839734961236	NA	ok	
Standardpcaclusters	2	652	mAOC0519-1	mAOC-CD246	gene	ADT	mAOC-CD246	0.027627261556126	0.027627261556126	NA	ok	
Standardpcaclusters	3	2689	mAOC0519-1	mAOC-CD246	gene	ADT	mAOC-CD246	0.0128760992416583	0.0128760992416583	NA	ok	
Standardpcaclusters	4	506	mAOC0519-1	mAOC-CD246	gene	ADT	mAOC-CD246	0.0171536892122106	0.0171536892122106	NA	ok	
Standardpcaclusters	5	690	mAOC0519-1	mAOC-CD246	gene	ADT	mAOC-CD246	0.0185143930693018	0.0185143930693018	NA	ok	
Standardpcaclusters	6	663	mAOC0519-1	mAOC-CD246	gene	ADT	mAOC-CD246	0.0245351505804933	0.0245351505804933	NA	ok	
Standardpcaclusters	7	1552	mAOC0519-1	mAOC-CD246	gene	ADT	mAOC-CD246	0.00597405666905367	0.00597405666905367	NA	ok	
Standardpcaclusters	8	2101	mAOC0519-1	mAOC-CD246	gene	ADT	mAOC-CD246	0.0119019641220476	0.0119019641220476	NA	ok	
Standardpcaclusters	9	440	mAOC0519-1	mAOC-CD246	gene	ADT	mAOC-CD246	0.00595313322935667	0.00595313322935667	NA	ok	
Standardpcaclusters	10	1898	mAOC0519-1	mAOC-CD246	gene	ADT	mAOC-CD246	0.0143392640423638	0.0143392640423638	NA	ok	
Standardpcaclusters	11	346	mAOC0519-1	mAOC-CD246	gene	ADT	mAOC-CD246	0.0031395707441194	0.0031395707441194	NA	ok	
Standardpcaclusters	12	135	mAOC0519-1	mAOC-CD246	gene	ADT	mAOC-CD246	0.0417145438824579	0.0417145438824579	NA	ok	
Standardpcaclusters	13	1222	mAOC0519-1	mAOC-CD246	gene	ADT	mAOC-CD246	0.048706210486736	0.048706210486736	NA	ok	
Standardpcaclusters	14	84	mAOC0519-1	mAOC-CD246	gene	ADT	mAOC-CD246	0.119074361658102	0.119074361658102	NA	ok	
Standardpcaclusters	15	195	mAOC0519-1	mAOC-CD246	gene	ADT	mAOC-CD246	0.130365968357819	0.130365968357819	NA	ok	
Standardpcaclusters	1	116	mAOC0520	mAOC-TNFA	gene	ADT	mAOC-TNFA	0.017352024691849	0.017352024691849	NA	ok	
Standardpcaclusters	2	652	mAOC0520	mAOC-TNFA	gene	ADT	mAOC-TNFA	0.0081231968747693	0.0081231968747693	NA	ok	
Standardpcaclusters	3	2689	mAOC0520	mAOC-TNFA	gene	ADT	mAOC-TNFA	0.00175225862553928	0.00175225862553928	NA	ok	
Standardpcaclusters	4	506	mAOC0520	mAOC-TNFA	gene	ADT	mAOC-TNFA	0.00219169479159836	0.00219169479159836	NA	ok	
Standardpcaclusters	5	690	mAOC0520	mAOC-TNFA	gene	ADT	mAOC-TNFA	0.00337945063906228	0.00337945063906228	NA	ok	
Standardpcaclusters	6	663	mAOC0520	mAOC-TNFA	gene	ADT	mAOC-TNFA	0.00337233493870093	0.00337233493870093	NA	ok	
Standardpcaclusters	7	1552	mAOC0520	mAOC-TNFA	gene	ADT	mAOC-TNFA	0.000623243381316695	0.000623243381316695	NA	ok	
Standardpcaclusters	8	2101	mAOC0520	mAOC-TNFA	gene	ADT	mAOC-TNFA	0.00233159997434158	0.00233159997434158	NA	ok	
Standardpcaclusters	9	440	mAOC0520	mAOC-TNFA	gene	ADT	mAOC-TNFA	0.000817347140051617	0.000817347140051617	NA	ok	
Standardpcaclusters	10	1898	mAOC0520	mAOC-TNFA	gene	ADT	mAOC-TNFA	0.00249727525101483	0.00249727525101483	NA	ok	
Standardpcaclusters	11	346	mAOC0520	mAOC-TNFA	gene	ADT	mAOC-TNFA	0.00131368297966211	0.00131368297966211	NA	ok	
Standardpcaclusters	12	135	mAOC0520	mAOC-TNFA	gene	ADT	mAOC-TNFA	0.00920257730580568	0.00920257730580568	NA	ok	
Standardpcaclusters	13	1222	mAOC0520	mAOC-TNFA	gene	ADT	mAOC-TNFA	0.00549074181946683	0.00549074181946683	NA	ok	
Standardpcaclusters	14	84	mAOC0520	mAOC-TNFA	gene	ADT	mAOC-TNFA	0.0121189367344363	0.0121189367344363	NA	ok	
Standardpcaclusters	15	195	mAOC0520	mAOC-TNFA	gene	ADT	mAOC-TNFA	0.037420120279299	0.037420120279299	NA	ok	
Standardpcaclusters	1	116	mAOC0522-1	mAOC-CD350	gene	ADT	mAOC-CD350	0.244866280242569	0.244866280242569	NA	ok	
Standardpcaclusters	2	652	mAOC0522-1	mAOC-CD350	gene	ADT	mAOC-CD350	0.0430037937567887	0.0430037937567887	NA	ok	
Standardpcaclusters	3	2689	mAOC0522-1	mAOC-CD350	gene	ADT	mAOC-CD350	0.0172450565879233	0.0172450565879233	NA	ok	
Standardpcaclusters	4	506	mAOC0522-1	mAOC-CD350	gene	ADT	mAOC-CD350	0.0203174111003875	0.0203174111003875	NA	ok	
Standardpcaclusters	5	690	mAOC0522-1	mAOC-CD350	gene	ADT	mAOC-CD350	0.0254743758951129	0.0254743758951129	NA	ok	
Standardpcaclusters	6	663	mAOC0522-1	mAOC-CD350	gene	ADT	mAOC-CD350	0.0415590499345582	0.0415590499345582	NA	ok	
Standardpcaclusters	7	1552	mAOC0522-1	mAOC-CD350	gene	ADT	mAOC-CD350	0.00754329127951374	0.00754329127951374	NA	ok	
Standardpcaclusters	8	2101	mAOC0522-1	mAOC-CD350	gene	ADT	mAOC-CD350	0.0172864819619808	0.0172864819619808	NA	ok	
Standardpcaclusters	9	440	mAOC0522-1	mAOC-CD350	gene	ADT	mAOC-CD350	0.011523402482898	0.011523402482898	NA	ok	
Standardpcaclusters	10	1898	mAOC0522-1	mAOC-CD350	gene	ADT	mAOC-CD350	0.0220603628842678	0.0220603628842678	NA	ok	
Standardpcaclusters	11	346	mAOC0522-1	mAOC-CD350	gene	ADT	mAOC-CD350	0.00799263800302979	0.00799263800302979	NA	ok	
Standardpcaclusters	12	135	mAOC0522-1	mAOC-CD350	gene	ADT	mAOC-CD350	0.0940711852557314	0.0940711852557314	NA	ok	
Standardpcaclusters	13	1222	mAOC0522-1	mAOC-CD350	gene	ADT	mAOC-CD350	0.0722309908830014	0.0722309908830014	NA	ok	
Standardpcaclusters	14	84	mAOC0522-1	mAOC-CD350	gene	ADT	mAOC-CD350	0.247243857094704	0.247243857094704	NA	ok	
Standardpcaclusters	15	195	mAOC0522-1	mAOC-CD350	gene	ADT	mAOC-CD350	0.131708497401503	0.131708497401503	NA	ok	
Standardpcaclusters	1	116	mAOC0523-1	mAOC-GLP1R	gene	ADT	mAOC-GLP1R	0.0328234974267242	0.0328234974267242	NA	ok	
Standardpcaclusters	2	652	mAOC0523-1	mAOC-GLP1R	gene	ADT	mAOC-GLP1R	0.0102813710699166	0.0102813710699166	NA	ok	
Standardpcaclusters	3	2689	mAOC0523-1	mAOC-GLP1R	gene	ADT	mAOC-GLP1R	0.00191945789175659	0.00191945789175659	NA	ok	
Standardpcaclusters	4	506	mAOC0523-1	mAOC-GLP1R	gene	ADT	mAOC-GLP1R	0.00220360207496598	0.00220360207496598	NA	ok	
Standardpcaclusters	5	690	mAOC0523-1	mAOC-GLP1R	gene	ADT	mAOC-GLP1R	0.00381670476540065	0.00381670476540065	NA	ok	
Standardpcaclusters	6	663	mAOC0523-1	mAOC-GLP1R	gene	ADT	mAOC-GLP1R	0.00425976083099866	0.00425976083099866	NA	ok	
Standardpcaclusters	7	1552	mAOC0523-1	mAOC-GLP1R	gene	ADT	mAOC-GLP1R	0.00066494552461974	0.00066494552461974	NA	ok	
Standardpcaclusters	8	2101	mAOC0523-1	mAOC-GLP1R	gene	ADT	mAOC-GLP1R	0.00284894379183052	0.00284894379183052	NA	ok	
Standardpcaclusters	9	440	mAOC0523-1	mAOC-GLP1R	gene	ADT	mAOC-GLP1R	0.00153601458170732	0.00153601458170732	NA	ok	
Standardpcaclusters	10	1898	mAOC0523-1	mAOC-GLP1R	gene	ADT	mAOC-GLP1R	0.00431557388418307	0.00431557388418307	NA	ok	
Standardpcaclusters	11	346	mAOC0523-1	mAOC-GLP1R	gene	ADT	mAOC-GLP1R	0.00131368297966211	0.00131368297966211	NA	ok	
Standardpcaclusters	12	135	mAOC0523-1	mAOC-GLP1R	gene	ADT	mAOC-GLP1R	0.00662152226258349	0.00662152226258349	NA	ok	
Standardpcaclusters	13	1222	mAOC0523-1	mAOC-GLP1R	gene	ADT	mAOC-GLP1R	0.00951241121362231	0.00951241121362231	NA	ok	
Standardpcaclusters	14	84	mAOC0523-1	mAOC-GLP1R	gene	ADT	mAOC-GLP1R	0.0235366614276841	0.0235366614276841	NA	ok	
Standardpcaclusters	15	195	mAOC0523-1	mAOC-GLP1R	gene	ADT	mAOC-GLP1R	0.0379547447466093	0.0379547447466093	NA	ok	
Standardpcaclusters	1	116	mAOC0524	mAOC-GPC2	gene	ADT	mAOC-GPC2	0.0546214274770573	0.0546214274770573	NA	ok	
Standardpcaclusters	2	652	mAOC0524	mAOC-GPC2	gene	ADT	mAOC-GPC2	0.0111660130090842	0.0111660130090842	NA	ok	
Standardpcaclusters	3	2689	mAOC0524	mAOC-GPC2	gene	ADT	mAOC-GPC2	0.00301122949004189	0.00301122949004189	NA	ok	
Standardpcaclusters	4	506	mAOC0524	mAOC-GPC2	gene	ADT	mAOC-GPC2	0.00538459497535026	0.00538459497535026	NA	ok	
Standardpcaclusters	5	690	mAOC0524	mAOC-GPC2	gene	ADT	mAOC-GPC2	0.00888298171081011	0.00888298171081011	NA	ok	
Standardpcaclusters	6	663	mAOC0524	mAOC-GPC2	gene	ADT	mAOC-GPC2	0.0118214530960777	0.0118214530960777	NA	ok	
Standardpcaclusters	7	1552	mAOC0524	mAOC-GPC2	gene	ADT	mAOC-GPC2	0.00130602060172026	0.00130602060172026	NA	ok	
Standardpcaclusters	8	2101	mAOC0524	mAOC-GPC2	gene	ADT	mAOC-GPC2	0.00506948385307859	0.00506948385307859	NA	ok	
Standardpcaclusters	9	440	mAOC0524	mAOC-GPC2	gene	ADT	mAOC-GPC2	0.00424936763564595	0.00424936763564595	NA	ok	
Standardpcaclusters	10	1898	mAOC0524	mAOC-GPC2	gene	ADT	mAOC-GPC2	0.00688953060711944	0.00688953060711944	NA	ok	
Standardpcaclusters	11	346	mAOC0524	mAOC-GPC2	gene	ADT	mAOC-GPC2	0.00357254457621895	0.00357254457621895	NA	ok	
Standardpcaclusters	12	135	mAOC0524	mAOC-GPC2	gene	ADT	mAOC-GPC2	0.0231192859061688	0.0231192859061688	NA	ok	
Standardpcaclusters	13	1222	mAOC0524	mAOC-GPC2	gene	ADT	mAOC-GPC2	0.0232377858093744	0.0232377858093744	NA	ok	
Standardpcaclusters	14	84	mAOC0524	mAOC-GPC2	gene	ADT	mAOC-GPC2	0.0618844953573826	0.0618844953573826	NA	ok	
Standardpcaclusters	15	195	mAOC0524	mAOC-GPC2	gene	ADT	mAOC-GPC2	0.0256460796166287	0.0256460796166287	NA	ok	
Standardpcaclusters	1	116	mAOC0525	mAOC-HTR2B	gene	ADT	mAOC-HTR2B	0.0822565040499489	0.0822565040499489	NA	ok	
Standardpcaclusters	2	652	mAOC0525	mAOC-HTR2B	gene	ADT	mAOC-HTR2B	0.0164436377253401	0.0164436377253401	NA	ok	
Standardpcaclusters	3	2689	mAOC0525	mAOC-HTR2B	gene	ADT	mAOC-HTR2B	0.00434713304941385	0.00434713304941385	NA	ok	
Standardpcaclusters	4	506	mAOC0525	mAOC-HTR2B	gene	ADT	mAOC-HTR2B	0.00426372888212982	0.00426372888212982	NA	ok	
Standardpcaclusters	5	690	mAOC0525	mAOC-HTR2B	gene	ADT	mAOC-HTR2B	0.0100197197109125	0.0100197197109125	NA	ok	
Standardpcaclusters	6	663	mAOC0525	mAOC-HTR2B	gene	ADT	mAOC-HTR2B	0.00920598022202259	0.00920598022202259	NA	ok	
Standardpcaclusters	7	1552	mAOC0525	mAOC-HTR2B	gene	ADT	mAOC-HTR2B	0.00131329023972313	0.00131329023972313	NA	ok	
Standardpcaclusters	8	2101	mAOC0525	mAOC-HTR2B	gene	ADT	mAOC-HTR2B	0.00523903579167053	0.00523903579167053	NA	ok	
Standardpcaclusters	9	440	mAOC0525	mAOC-HTR2B	gene	ADT	mAOC-HTR2B	0.00413112195818089	0.00413112195818089	NA	ok	
Standardpcaclusters	10	1898	mAOC0525	mAOC-HTR2B	gene	ADT	mAOC-HTR2B	0.0073809731770256	0.0073809731770256	NA	ok	
Standardpcaclusters	11	346	mAOC0525	mAOC-HTR2B	gene	ADT	mAOC-HTR2B	0.00256734813289242	0.00256734813289242	NA	ok	
Standardpcaclusters	12	135	mAOC0525	mAOC-HTR2B	gene	ADT	mAOC-HTR2B	0.0240346506673432	0.0240346506673432	NA	ok	
Standardpcaclusters	13	1222	mAOC0525	mAOC-HTR2B	gene	ADT	mAOC-HTR2B	0.0273183729765614	0.0273183729765614	NA	ok	
Standardpcaclusters	14	84	mAOC0525	mAOC-HTR2B	gene	ADT	mAOC-HTR2B	0.0276798772986863	0.0276798772986863	NA	ok	
Standardpcaclusters	15	195	mAOC0525	mAOC-HTR2B	gene	ADT	mAOC-HTR2B	0.0352430566870464	0.0352430566870464	NA	ok	
Standardpcaclusters	1	116	mAOC0526	mAOC-CD213a2	gene	ADT	mAOC-CD213a2	0.0484934229574381	0.0484934229574381	NA	ok	
Standardpcaclusters	2	652	mAOC0526	mAOC-CD213a2	gene	ADT	mAOC-CD213a2	0.0128162483787654	0.0128162483787654	NA	ok	
Standardpcaclusters	3	2689	mAOC0526	mAOC-CD213a2	gene	ADT	mAOC-CD213a2	0.00468219195640253	0.00468219195640253	NA	ok	
Standardpcaclusters	4	506	mAOC0526	mAOC-CD213a2	gene	ADT	mAOC-CD213a2	0.00521798559271496	0.00521798559271496	NA	ok	
Standardpcaclusters	5	690	mAOC0526	mAOC-CD213a2	gene	ADT	mAOC-CD213a2	0.00864144603870113	0.00864144603870113	NA	ok	
Standardpcaclusters	6	663	mAOC0526	mAOC-CD213a2	gene	ADT	mAOC-CD213a2	0.0140357237846058	0.0140357237846058	NA	ok	
Standardpcaclusters	7	1552	mAOC0526	mAOC-CD213a2	gene	ADT	mAOC-CD213a2	0.00114140232359332	0.00114140232359332	NA	ok	
Standardpcaclusters	8	2101	mAOC0526	mAOC-CD213a2	gene	ADT	mAOC-CD213a2	0.00530862669424333	0.00530862669424333	NA	ok	
Standardpcaclusters	9	440	mAOC0526	mAOC-CD213a2	gene	ADT	mAOC-CD213a2	0.00588330130428481	0.00588330130428481	NA	ok	
Standardpcaclusters	10	1898	mAOC0526	mAOC-CD213a2	gene	ADT	mAOC-CD213a2	0.00805880118543127	0.00805880118543127	NA	ok	
Standardpcaclusters	11	346	mAOC0526	mAOC-CD213a2	gene	ADT	mAOC-CD213a2	0.00502425618555081	0.00502425618555081	NA	ok	
Standardpcaclusters	12	135	mAOC0526	mAOC-CD213a2	gene	ADT	mAOC-CD213a2	0.0540298775053816	0.0540298775053816	NA	ok	
Standardpcaclusters	13	1222	mAOC0526	mAOC-CD213a2	gene	ADT	mAOC-CD213a2	0.0277293470250201	0.0277293470250201	NA	ok	
Standardpcaclusters	14	84	mAOC0526	mAOC-CD213a2	gene	ADT	mAOC-CD213a2	0.109789769617761	0.109789769617761	NA	ok	
Standardpcaclusters	15	195	mAOC0526	mAOC-CD213a2	gene	ADT	mAOC-CD213a2	0.0371694509454442	0.0371694509454442	NA	ok	
Standardpcaclusters	1	116	mAOC0527	mAOC-CD220	gene	ADT	mAOC-CD220	0.154516995521006	0.154516995521006	NA	ok	
Standardpcaclusters	2	652	mAOC0527	mAOC-CD220	gene	ADT	mAOC-CD220	0.0341269904261391	0.0341269904261391	NA	ok	
Standardpcaclusters	3	2689	mAOC0527	mAOC-CD220	gene	ADT	mAOC-CD220	0.0127584414947104	0.0127584414947104	NA	ok	
Standardpcaclusters	4	506	mAOC0527	mAOC-CD220	gene	ADT	mAOC-CD220	0.0186006179915456	0.0186006179915456	NA	ok	
Standardpcaclusters	5	690	mAOC0527	mAOC-CD220	gene	ADT	mAOC-CD220	0.0185424790800956	0.0185424790800956	NA	ok	
Standardpcaclusters	6	663	mAOC0527	mAOC-CD220	gene	ADT	mAOC-CD220	0.0219452134498191	0.0219452134498191	NA	ok	
Standardpcaclusters	7	1552	mAOC0527	mAOC-CD220	gene	ADT	mAOC-CD220	0.00786868470148089	0.00786868470148089	NA	ok	
Standardpcaclusters	8	2101	mAOC0527	mAOC-CD220	gene	ADT	mAOC-CD220	0.0148449854220968	0.0148449854220968	NA	ok	
Standardpcaclusters	9	440	mAOC0527	mAOC-CD220	gene	ADT	mAOC-CD220	0.0117125448827173	0.0117125448827173	NA	ok	
Standardpcaclusters	10	1898	mAOC0527	mAOC-CD220	gene	ADT	mAOC-CD220	0.0212125078207133	0.0212125078207133	NA	ok	
Standardpcaclusters	11	346	mAOC0527	mAOC-CD220	gene	ADT	mAOC-CD220	0.0038621293715769	0.0038621293715769	NA	ok	
Standardpcaclusters	12	135	mAOC0527	mAOC-CD220	gene	ADT	mAOC-CD220	0.0666443113904989	0.0666443113904989	NA	ok	
Standardpcaclusters	13	1222	mAOC0527	mAOC-CD220	gene	ADT	mAOC-CD220	0.0732859492586116	0.0732859492586116	NA	ok	
Standardpcaclusters	14	84	mAOC0527	mAOC-CD220	gene	ADT	mAOC-CD220	0.083672202038521	0.083672202038521	NA	ok	
Standardpcaclusters	15	195	mAOC0527	mAOC-CD220	gene	ADT	mAOC-CD220	0.0521280858363475	0.0521280858363475	NA	ok	
Standardpcaclusters	1	116	mAOC0528	mAOC-Galectin-3	gene	ADT	mAOC-Galectin-3	0.023067055922124	0.023067055922124	NA	ok	
Standardpcaclusters	2	652	mAOC0528	mAOC-Galectin-3	gene	ADT	mAOC-Galectin-3	0.00703763272380168	0.00703763272380168	NA	ok	
Standardpcaclusters	3	2689	mAOC0528	mAOC-Galectin-3	gene	ADT	mAOC-Galectin-3	0.00224876117769244	0.00224876117769244	NA	ok	
Standardpcaclusters	4	506	mAOC0528	mAOC-Galectin-3	gene	ADT	mAOC-Galectin-3	0.00360502006327565	0.00360502006327565	NA	ok	
Standardpcaclusters	5	690	mAOC0528	mAOC-Galectin-3	gene	ADT	mAOC-Galectin-3	0.00529781821587852	0.00529781821587852	NA	ok	
Standardpcaclusters	6	663	mAOC0528	mAOC-Galectin-3	gene	ADT	mAOC-Galectin-3	0.00550655974101742	0.00550655974101742	NA	ok	
Standardpcaclusters	7	1552	mAOC0528	mAOC-Galectin-3	gene	ADT	mAOC-Galectin-3	0.000369904394085588	0.000369904394085588	NA	ok	
Standardpcaclusters	8	2101	mAOC0528	mAOC-Galectin-3	gene	ADT	mAOC-Galectin-3	0.00221588356354677	0.00221588356354677	NA	ok	
Standardpcaclusters	9	440	mAOC0528	mAOC-Galectin-3	gene	ADT	mAOC-Galectin-3	0.00170122193078441	0.00170122193078441	NA	ok	
Standardpcaclusters	10	1898	mAOC0528	mAOC-Galectin-3	gene	ADT	mAOC-Galectin-3	0.00260100674743962	0.00260100674743962	NA	ok	
Standardpcaclusters	11	346	mAOC0528	mAOC-Galectin-3	gene	ADT	mAOC-Galectin-3	0.00118674091404596	0.00118674091404596	NA	ok	
Standardpcaclusters	12	135	mAOC0528	mAOC-Galectin-3	gene	ADT	mAOC-Galectin-3	0.0233246203138779	0.0233246203138779	NA	ok	
Standardpcaclusters	13	1222	mAOC0528	mAOC-Galectin-3	gene	ADT	mAOC-Galectin-3	0.0101285498317606	0.0101285498317606	NA	ok	
Standardpcaclusters	14	84	mAOC0528	mAOC-Galectin-3	gene	ADT	mAOC-Galectin-3	0.0382685505487934	0.0382685505487934	NA	ok	
Standardpcaclusters	15	195	mAOC0528	mAOC-Galectin-3	gene	ADT	mAOC-Galectin-3	0.00747695130438463	0.00747695130438463	NA	ok	
Standardpcaclusters	1	116	mAOC0529	mAOC-CD257	gene	ADT	mAOC-CD257	0.0412780582067399	0.0412780582067399	NA	ok	
Standardpcaclusters	2	652	mAOC0529	mAOC-CD257	gene	ADT	mAOC-CD257	0.0109474117246696	0.0109474117246696	NA	ok	
Standardpcaclusters	3	2689	mAOC0529	mAOC-CD257	gene	ADT	mAOC-CD257	0.00316717207808496	0.00316717207808496	NA	ok	
Standardpcaclusters	4	506	mAOC0529	mAOC-CD257	gene	ADT	mAOC-CD257	0.00392025606379515	0.00392025606379515	NA	ok	
Standardpcaclusters	5	690	mAOC0529	mAOC-CD257	gene	ADT	mAOC-CD257	0.00948011158205438	0.00948011158205438	NA	ok	
Standardpcaclusters	6	663	mAOC0529	mAOC-CD257	gene	ADT	mAOC-CD257	0.0106159557503852	0.0106159557503852	NA	ok	
Standardpcaclusters	7	1552	mAOC0529	mAOC-CD257	gene	ADT	mAOC-CD257	0.00163549013972303	0.00163549013972303	NA	ok	
Standardpcaclusters	8	2101	mAOC0529	mAOC-CD257	gene	ADT	mAOC-CD257	0.00569358541408481	0.00569358541408481	NA	ok	
Standardpcaclusters	9	440	mAOC0529	mAOC-CD257	gene	ADT	mAOC-CD257	0.00418834174262161	0.00418834174262161	NA	ok	
Standardpcaclusters	10	1898	mAOC0529	mAOC-CD257	gene	ADT	mAOC-CD257	0.00769272973202864	0.00769272973202864	NA	ok	
Standardpcaclusters	11	346	mAOC0529	mAOC-CD257	gene	ADT	mAOC-CD257	0.0031468689966036	0.0031468689966036	NA	ok	
Standardpcaclusters	12	135	mAOC0529	mAOC-CD257	gene	ADT	mAOC-CD257	0.0279988876830444	0.0279988876830444	NA	ok	
Standardpcaclusters	13	1222	mAOC0529	mAOC-CD257	gene	ADT	mAOC-CD257	0.0260747441384789	0.0260747441384789	NA	ok	
Standardpcaclusters	14	84	mAOC0529	mAOC-CD257	gene	ADT	mAOC-CD257	0.0445590435065933	0.0445590435065933	NA	ok	
Standardpcaclusters	15	195	mAOC0529	mAOC-CD257	gene	ADT	mAOC-CD257	0.0183054685181072	0.0183054685181072	NA	ok	
Standardpcaclusters	1	116	mAOC0530	mAOC-CD279	gene	ADT	mAOC-CD279	0.0562183832547764	0.0562183832547764	NA	ok	
Standardpcaclusters	2	652	mAOC0530	mAOC-CD279	gene	ADT	mAOC-CD279	0.0129027992001102	0.0129027992001102	NA	ok	
Standardpcaclusters	3	2689	mAOC0530	mAOC-CD279	gene	ADT	mAOC-CD279	0.00308498894772547	0.00308498894772547	NA	ok	
Standardpcaclusters	4	506	mAOC0530	mAOC-CD279	gene	ADT	mAOC-CD279	0.00471985588141438	0.00471985588141438	NA	ok	
Standardpcaclusters	5	690	mAOC0530	mAOC-CD279	gene	ADT	mAOC-CD279	0.00676187404089456	0.00676187404089456	NA	ok	
Standardpcaclusters	6	663	mAOC0530	mAOC-CD279	gene	ADT	mAOC-CD279	0.00769017325207624	0.00769017325207624	NA	ok	
Standardpcaclusters	7	1552	mAOC0530	mAOC-CD279	gene	ADT	mAOC-CD279	0.00205598535727068	0.00205598535727068	NA	ok	
Standardpcaclusters	8	2101	mAOC0530	mAOC-CD279	gene	ADT	mAOC-CD279	0.00580778594321878	0.00580778594321878	NA	ok	
Standardpcaclusters	9	440	mAOC0530	mAOC-CD279	gene	ADT	mAOC-CD279	0.00412134193035275	0.00412134193035275	NA	ok	
Standardpcaclusters	10	1898	mAOC0530	mAOC-CD279	gene	ADT	mAOC-CD279	0.00599305721531789	0.00599305721531789	NA	ok	
Standardpcaclusters	11	346	mAOC0530	mAOC-CD279	gene	ADT	mAOC-CD279	0.00176574004848364	0.00176574004848364	NA	ok	
Standardpcaclusters	12	135	mAOC0530	mAOC-CD279	gene	ADT	mAOC-CD279	0.0158333917995595	0.0158333917995595	NA	ok	
Standardpcaclusters	13	1222	mAOC0530	mAOC-CD279	gene	ADT	mAOC-CD279	0.0267562607549173	0.0267562607549173	NA	ok	
Standardpcaclusters	14	84	mAOC0530	mAOC-CD279	gene	ADT	mAOC-CD279	0.0286220207527455	0.0286220207527455	NA	ok	
Standardpcaclusters	15	195	mAOC0530	mAOC-CD279	gene	ADT	mAOC-CD279	0.0253728356577696	0.0253728356577696	NA	ok	
Standardpcaclusters	1	116	mAOC0531	mAOC-TNFSF12	gene	ADT	mAOC-TNFSF12	0.0875402062958363	0.0875402062958363	NA	ok	
Standardpcaclusters	2	652	mAOC0531	mAOC-TNFSF12	gene	ADT	mAOC-TNFSF12	0.0157201120773554	0.0157201120773554	NA	ok	
Standardpcaclusters	3	2689	mAOC0531	mAOC-TNFSF12	gene	ADT	mAOC-TNFSF12	0.00408349131664077	0.00408349131664077	NA	ok	
Standardpcaclusters	4	506	mAOC0531	mAOC-TNFSF12	gene	ADT	mAOC-TNFSF12	0.00558214688398244	0.00558214688398244	NA	ok	
Standardpcaclusters	5	690	mAOC0531	mAOC-TNFSF12	gene	ADT	mAOC-TNFSF12	0.00694345845806048	0.00694345845806048	NA	ok	
Standardpcaclusters	6	663	mAOC0531	mAOC-TNFSF12	gene	ADT	mAOC-TNFSF12	0.00995607301973705	0.00995607301973705	NA	ok	
Standardpcaclusters	7	1552	mAOC0531	mAOC-TNFSF12	gene	ADT	mAOC-TNFSF12	0.00249326138722701	0.00249326138722701	NA	ok	
Standardpcaclusters	8	2101	mAOC0531	mAOC-TNFSF12	gene	ADT	mAOC-TNFSF12	0.00573655490302521	0.00573655490302521	NA	ok	
Standardpcaclusters	9	440	mAOC0531	mAOC-TNFSF12	gene	ADT	mAOC-TNFSF12	0.0078816708518724	0.0078816708518724	NA	ok	
Standardpcaclusters	10	1898	mAOC0531	mAOC-TNFSF12	gene	ADT	mAOC-TNFSF12	0.007403583589658	0.007403583589658	NA	ok	
Standardpcaclusters	11	346	mAOC0531	mAOC-TNFSF12	gene	ADT	mAOC-TNFSF12	0.00182461405735765	0.00182461405735765	NA	ok	
Standardpcaclusters	12	135	mAOC0531	mAOC-TNFSF12	gene	ADT	mAOC-TNFSF12	0.024062680402433	0.024062680402433	NA	ok	
Standardpcaclusters	13	1222	mAOC0531	mAOC-TNFSF12	gene	ADT	mAOC-TNFSF12	0.026501063117626	0.026501063117626	NA	ok	
Standardpcaclusters	14	84	mAOC0531	mAOC-TNFSF12	gene	ADT	mAOC-TNFSF12	0.0665862993628882	0.0665862993628882	NA	ok	
Standardpcaclusters	15	195	mAOC0531	mAOC-TNFSF12	gene	ADT	mAOC-TNFSF12	0.0362448913637927	0.0362448913637927	NA	ok	
Standardpcaclusters	1	116	mAOC0532	mAOC-CD314	gene	ADT	mAOC-CD314	0.181247553710668	0.181247553710668	NA	ok	
Standardpcaclusters	2	652	mAOC0532	mAOC-CD314	gene	ADT	mAOC-CD314	0.0303815907600139	0.0303815907600139	NA	ok	
Standardpcaclusters	3	2689	mAOC0532	mAOC-CD314	gene	ADT	mAOC-CD314	0.019896336508357	0.019896336508357	NA	ok	
Standardpcaclusters	4	506	mAOC0532	mAOC-CD314	gene	ADT	mAOC-CD314	0.0172335385020863	0.0172335385020863	NA	ok	
Standardpcaclusters	5	690	mAOC0532	mAOC-CD314	gene	ADT	mAOC-CD314	0.02501114068085	0.02501114068085	NA	ok	
Standardpcaclusters	6	663	mAOC0532	mAOC-CD314	gene	ADT	mAOC-CD314	0.0347991121448316	0.0347991121448316	NA	ok	
Standardpcaclusters	7	1552	mAOC0532	mAOC-CD314	gene	ADT	mAOC-CD314	0.0100034797366729	0.0100034797366729	NA	ok	
Standardpcaclusters	8	2101	mAOC0532	mAOC-CD314	gene	ADT	mAOC-CD314	0.0162917753698894	0.0162917753698894	NA	ok	
Standardpcaclusters	9	440	mAOC0532	mAOC-CD314	gene	ADT	mAOC-CD314	0.0172294730022235	0.0172294730022235	NA	ok	
Standardpcaclusters	10	1898	mAOC0532	mAOC-CD314	gene	ADT	mAOC-CD314	0.021906281464167	0.021906281464167	NA	ok	
Standardpcaclusters	11	346	mAOC0532	mAOC-CD314	gene	ADT	mAOC-CD314	0.00533558229960609	0.00533558229960609	NA	ok	
Standardpcaclusters	12	135	mAOC0532	mAOC-CD314	gene	ADT	mAOC-CD314	0.0645966818096272	0.0645966818096272	NA	ok	
Standardpcaclusters	13	1222	mAOC0532	mAOC-CD314	gene	ADT	mAOC-CD314	0.0788727029326309	0.0788727029326309	NA	ok	
Standardpcaclusters	14	84	mAOC0532	mAOC-CD314	gene	ADT	mAOC-CD314	0.158528533208016	0.158528533208016	NA	ok	
Standardpcaclusters	15	195	mAOC0532	mAOC-CD314	gene	ADT	mAOC-CD314	0.0599179965646889	0.0599179965646889	NA	ok	
Standardpcaclusters	1	116	mAOC0533	mAOC-CD274	gene	ADT	mAOC-CD274	0.181939608338748	0.181939608338748	NA	ok	
Standardpcaclusters	2	652	mAOC0533	mAOC-CD274	gene	ADT	mAOC-CD274	0.034509249173821	0.034509249173821	NA	ok	
Standardpcaclusters	3	2689	mAOC0533	mAOC-CD274	gene	ADT	mAOC-CD274	0.0143775038692493	0.0143775038692493	NA	ok	
Standardpcaclusters	4	506	mAOC0533	mAOC-CD274	gene	ADT	mAOC-CD274	0.0156948391726944	0.0156948391726944	NA	ok	
Standardpcaclusters	5	690	mAOC0533	mAOC-CD274	gene	ADT	mAOC-CD274	0.02492730468336	0.02492730468336	NA	ok	
Standardpcaclusters	6	663	mAOC0533	mAOC-CD274	gene	ADT	mAOC-CD274	0.0240041479479099	0.0240041479479099	NA	ok	
Standardpcaclusters	7	1552	mAOC0533	mAOC-CD274	gene	ADT	mAOC-CD274	0.0100648968581704	0.0100648968581704	NA	ok	
Standardpcaclusters	8	2101	mAOC0533	mAOC-CD274	gene	ADT	mAOC-CD274	0.0158490339689831	0.0158490339689831	NA	ok	
Standardpcaclusters	9	440	mAOC0533	mAOC-CD274	gene	ADT	mAOC-CD274	0.0248435540699309	0.0248435540699309	NA	ok	
Standardpcaclusters	10	1898	mAOC0533	mAOC-CD274	gene	ADT	mAOC-CD274	0.0251791986891665	0.0251791986891665	NA	ok	
Standardpcaclusters	11	346	mAOC0533	mAOC-CD274	gene	ADT	mAOC-CD274	0.00755500375996739	0.00755500375996739	NA	ok	
Standardpcaclusters	12	135	mAOC0533	mAOC-CD274	gene	ADT	mAOC-CD274	0.0844149039314147	0.0844149039314147	NA	ok	
Standardpcaclusters	13	1222	mAOC0533	mAOC-CD274	gene	ADT	mAOC-CD274	0.0950805695218343	0.0950805695218343	NA	ok	
Standardpcaclusters	14	84	mAOC0533	mAOC-CD274	gene	ADT	mAOC-CD274	0.331845313182226	0.331845313182226	NA	ok	
Standardpcaclusters	15	195	mAOC0533	mAOC-CD274	gene	ADT	mAOC-CD274	0.0438417389253467	0.0438417389253467	NA	ok	
Standardpcaclusters	1	116	mAOC0534	mAOC-CD64	gene	ADT	mAOC-CD64	0.504149571937605	0.504149571937605	NA	ok	
Standardpcaclusters	2	652	mAOC0534	mAOC-CD64	gene	ADT	mAOC-CD64	0.182317549463654	0.182317549463654	NA	ok	
Standardpcaclusters	3	2689	mAOC0534	mAOC-CD64	gene	ADT	mAOC-CD64	0.144348643132964	0.144348643132964	NA	ok	
Standardpcaclusters	4	506	mAOC0534	mAOC-CD64	gene	ADT	mAOC-CD64	0.143017583948308	0.143017583948308	NA	ok	
Standardpcaclusters	5	690	mAOC0534	mAOC-CD64	gene	ADT	mAOC-CD64	0.1515910697466	0.1515910697466	NA	ok	
Standardpcaclusters	6	663	mAOC0534	mAOC-CD64	gene	ADT	mAOC-CD64	0.193845374990728	0.193845374990728	NA	ok	
Standardpcaclusters	7	1552	mAOC0534	mAOC-CD64	gene	ADT	mAOC-CD64	0.195973428382423	0.195973428382423	NA	ok	
Standardpcaclusters	8	2101	mAOC0534	mAOC-CD64	gene	ADT	mAOC-CD64	0.141866291100619	0.141866291100619	NA	ok	
Standardpcaclusters	9	440	mAOC0534	mAOC-CD64	gene	ADT	mAOC-CD64	0.187819870704516	0.187819870704516	NA	ok	
Standardpcaclusters	10	1898	mAOC0534	mAOC-CD64	gene	ADT	mAOC-CD64	0.164071144062058	0.164071144062058	NA	ok	
Standardpcaclusters	11	346	mAOC0534	mAOC-CD64	gene	ADT	mAOC-CD64	0.126614008865855	0.126614008865855	NA	ok	
Standardpcaclusters	12	135	mAOC0534	mAOC-CD64	gene	ADT	mAOC-CD64	0.375633039902137	0.375633039902137	NA	ok	
Standardpcaclusters	13	1222	mAOC0534	mAOC-CD64	gene	ADT	mAOC-CD64	0.306400521855939	0.306400521855939	NA	ok	
Standardpcaclusters	14	84	mAOC0534	mAOC-CD64	gene	ADT	mAOC-CD64	0.612880486904652	0.612880486904652	NA	ok	
Standardpcaclusters	15	195	mAOC0534	mAOC-CD64	gene	ADT	mAOC-CD64	0.202111420877235	0.202111420877235	NA	ok	
Standardpcaclusters	1	116	mAOC0540	mAOC-CD117	gene	ADT	mAOC-CD117	0.187309315199691	0.187309315199691	NA	ok	
Standardpcaclusters	2	652	mAOC0540	mAOC-CD117	gene	ADT	mAOC-CD117	0.0487899847157318	0.0487899847157318	NA	ok	
Standardpcaclusters	3	2689	mAOC0540	mAOC-CD117	gene	ADT	mAOC-CD117	0.0101784557035619	0.0101784557035619	NA	ok	
Standardpcaclusters	4	506	mAOC0540	mAOC-CD117	gene	ADT	mAOC-CD117	0.019991885586515	0.019991885586515	NA	ok	
Standardpcaclusters	5	690	mAOC0540	mAOC-CD117	gene	ADT	mAOC-CD117	0.0199982390269892	0.0199982390269892	NA	ok	
Standardpcaclusters	6	663	mAOC0540	mAOC-CD117	gene	ADT	mAOC-CD117	0.0233577611718072	0.0233577611718072	NA	ok	
Standardpcaclusters	7	1552	mAOC0540	mAOC-CD117	gene	ADT	mAOC-CD117	0.00688518057669608	0.00688518057669608	NA	ok	
Standardpcaclusters	8	2101	mAOC0540	mAOC-CD117	gene	ADT	mAOC-CD117	0.0118565420302221	0.0118565420302221	NA	ok	
Standardpcaclusters	9	440	mAOC0540	mAOC-CD117	gene	ADT	mAOC-CD117	0.0157202155335917	0.0157202155335917	NA	ok	
Standardpcaclusters	10	1898	mAOC0540	mAOC-CD117	gene	ADT	mAOC-CD117	0.0194530489971367	0.0194530489971367	NA	ok	
Standardpcaclusters	11	346	mAOC0540	mAOC-CD117	gene	ADT	mAOC-CD117	0.00427798766051074	0.00427798766051074	NA	ok	
Standardpcaclusters	12	135	mAOC0540	mAOC-CD117	gene	ADT	mAOC-CD117	0.0860663911300314	0.0860663911300314	NA	ok	
Standardpcaclusters	13	1222	mAOC0540	mAOC-CD117	gene	ADT	mAOC-CD117	0.0872484846413382	0.0872484846413382	NA	ok	
Standardpcaclusters	14	84	mAOC0540	mAOC-CD117	gene	ADT	mAOC-CD117	0.272887224249972	0.272887224249972	NA	ok	
Standardpcaclusters	15	195	mAOC0540	mAOC-CD117	gene	ADT	mAOC-CD117	0.356011763688832	0.356011763688832	NA	ok	
Standardpcaclusters	1	116	mAOC0541	mAOC-KLB	gene	ADT	mAOC-KLB	0.326935449949833	0.326935449949833	NA	ok	
Standardpcaclusters	2	652	mAOC0541	mAOC-KLB	gene	ADT	mAOC-KLB	1.04521521245641	1.04521521245641	NA	ok	
Standardpcaclusters	3	2689	mAOC0541	mAOC-KLB	gene	ADT	mAOC-KLB	0.00774900868357717	0.00774900868357717	NA	ok	
Standardpcaclusters	4	506	mAOC0541	mAOC-KLB	gene	ADT	mAOC-KLB	0.0412127798639382	0.0412127798639382	NA	ok	
Standardpcaclusters	5	690	mAOC0541	mAOC-KLB	gene	ADT	mAOC-KLB	0.0163326541366638	0.0163326541366638	NA	ok	
Standardpcaclusters	6	663	mAOC0541	mAOC-KLB	gene	ADT	mAOC-KLB	0.0219824214653992	0.0219824214653992	NA	ok	
Standardpcaclusters	7	1552	mAOC0541	mAOC-KLB	gene	ADT	mAOC-KLB	0.00220972515433613	0.00220972515433613	NA	ok	
Standardpcaclusters	8	2101	mAOC0541	mAOC-KLB	gene	ADT	mAOC-KLB	0.0076162254431335	0.0076162254431335	NA	ok	
Standardpcaclusters	9	440	mAOC0541	mAOC-KLB	gene	ADT	mAOC-KLB	0.0171785950275154	0.0171785950275154	NA	ok	
Standardpcaclusters	10	1898	mAOC0541	mAOC-KLB	gene	ADT	mAOC-KLB	0.0331546271934419	0.0331546271934419	NA	ok	
Standardpcaclusters	11	346	mAOC0541	mAOC-KLB	gene	ADT	mAOC-KLB	0.00970019097894732	0.00970019097894732	NA	ok	
Standardpcaclusters	12	135	mAOC0541	mAOC-KLB	gene	ADT	mAOC-KLB	0.0979608536227449	0.0979608536227449	NA	ok	
Standardpcaclusters	13	1222	mAOC0541	mAOC-KLB	gene	ADT	mAOC-KLB	0.0574880569967382	0.0574880569967382	NA	ok	
Standardpcaclusters	14	84	mAOC0541	mAOC-KLB	gene	ADT	mAOC-KLB	0.643954453648854	0.643954453648854	NA	ok	
Standardpcaclusters	15	195	mAOC0541	mAOC-KLB	gene	ADT	mAOC-KLB	0.164709819685445	0.164709819685445	NA	ok	
Standardpcaclusters	1	116	mAOC0542	mAOC-CD107a	gene	ADT	mAOC-CD107a	0.133207108992552	0.133207108992552	NA	ok	
Standardpcaclusters	2	652	mAOC0542	mAOC-CD107a	gene	ADT	mAOC-CD107a	0.0208482304124649	0.0208482304124649	NA	ok	
Standardpcaclusters	3	2689	mAOC0542	mAOC-CD107a	gene	ADT	mAOC-CD107a	0.00461409600200696	0.00461409600200696	NA	ok	
Standardpcaclusters	4	506	mAOC0542	mAOC-CD107a	gene	ADT	mAOC-CD107a	0.00911886103121717	0.00911886103121717	NA	ok	
Standardpcaclusters	5	690	mAOC0542	mAOC-CD107a	gene	ADT	mAOC-CD107a	0.0136697036868264	0.0136697036868264	NA	ok	
Standardpcaclusters	6	663	mAOC0542	mAOC-CD107a	gene	ADT	mAOC-CD107a	0.0153150108102366	0.0153150108102366	NA	ok	
Standardpcaclusters	7	1552	mAOC0542	mAOC-CD107a	gene	ADT	mAOC-CD107a	0.00219468129774492	0.00219468129774492	NA	ok	
Standardpcaclusters	8	2101	mAOC0542	mAOC-CD107a	gene	ADT	mAOC-CD107a	0.00820501358865301	0.00820501358865301	NA	ok	
Standardpcaclusters	9	440	mAOC0542	mAOC-CD107a	gene	ADT	mAOC-CD107a	0.0104746370026378	0.0104746370026378	NA	ok	
Standardpcaclusters	10	1898	mAOC0542	mAOC-CD107a	gene	ADT	mAOC-CD107a	0.0101168524355272	0.0101168524355272	NA	ok	
Standardpcaclusters	11	346	mAOC0542	mAOC-CD107a	gene	ADT	mAOC-CD107a	0.00340589424130747	0.00340589424130747	NA	ok	
Standardpcaclusters	12	135	mAOC0542	mAOC-CD107a	gene	ADT	mAOC-CD107a	0.0712960360197376	0.0712960360197376	NA	ok	
Standardpcaclusters	13	1222	mAOC0542	mAOC-CD107a	gene	ADT	mAOC-CD107a	0.0530210567349274	0.0530210567349274	NA	ok	
Standardpcaclusters	14	84	mAOC0542	mAOC-CD107a	gene	ADT	mAOC-CD107a	0.123509048581784	0.123509048581784	NA	ok	
Standardpcaclusters	15	195	mAOC0542	mAOC-CD107a	gene	ADT	mAOC-CD107a	0.0395736304170202	0.0395736304170202	NA	ok	
Standardpcaclusters	1	116	mAOC0543	mAOC-GARP	gene	ADT	mAOC-GARP	0.0642979520926664	0.0642979520926664	NA	ok	
Standardpcaclusters	2	652	mAOC0543	mAOC-GARP	gene	ADT	mAOC-GARP	0.0153517032598036	0.0153517032598036	NA	ok	
Standardpcaclusters	3	2689	mAOC0543	mAOC-GARP	gene	ADT	mAOC-GARP	0.00412069585603678	0.00412069585603678	NA	ok	
Standardpcaclusters	4	506	mAOC0543	mAOC-GARP	gene	ADT	mAOC-GARP	0.00677546318955391	0.00677546318955391	NA	ok	
Standardpcaclusters	5	690	mAOC0543	mAOC-GARP	gene	ADT	mAOC-GARP	0.0111124575405982	0.0111124575405982	NA	ok	
Standardpcaclusters	6	663	mAOC0543	mAOC-GARP	gene	ADT	mAOC-GARP	0.0135450242485498	0.0135450242485498	NA	ok	
Standardpcaclusters	7	1552	mAOC0543	mAOC-GARP	gene	ADT	mAOC-GARP	0.00116618985797739	0.00116618985797739	NA	ok	
Standardpcaclusters	8	2101	mAOC0543	mAOC-GARP	gene	ADT	mAOC-GARP	0.00539390183610854	0.00539390183610854	NA	ok	
Standardpcaclusters	9	440	mAOC0543	mAOC-GARP	gene	ADT	mAOC-GARP	0.0103318100134646	0.0103318100134646	NA	ok	
Standardpcaclusters	10	1898	mAOC0543	mAOC-GARP	gene	ADT	mAOC-GARP	0.00869507670827676	0.00869507670827676	NA	ok	
Standardpcaclusters	11	346	mAOC0543	mAOC-GARP	gene	ADT	mAOC-GARP	0.000914796735146701	0.000914796735146701	NA	ok	
Standardpcaclusters	12	135	mAOC0543	mAOC-GARP	gene	ADT	mAOC-GARP	0.0393704607020151	0.0393704607020151	NA	ok	
Standardpcaclusters	13	1222	mAOC0543	mAOC-GARP	gene	ADT	mAOC-GARP	0.0269194275527376	0.0269194275527376	NA	ok	
Standardpcaclusters	14	84	mAOC0543	mAOC-GARP	gene	ADT	mAOC-GARP	0.207080110144441	0.207080110144441	NA	ok	
Standardpcaclusters	15	195	mAOC0543	mAOC-GARP	gene	ADT	mAOC-GARP	0.0220603581503723	0.0220603581503723	NA	ok	
Standardpcaclusters	1	116	mAOC0544	mAOC-MICA	gene	ADT	mAOC-MICA	0.119999201034116	0.119999201034116	NA	ok	
Standardpcaclusters	2	652	mAOC0544	mAOC-MICA	gene	ADT	mAOC-MICA	0.0244175492893149	0.0244175492893149	NA	ok	
Standardpcaclusters	3	2689	mAOC0544	mAOC-MICA	gene	ADT	mAOC-MICA	0.0106825568089331	0.0106825568089331	NA	ok	
Standardpcaclusters	4	506	mAOC0544	mAOC-MICA	gene	ADT	mAOC-MICA	0.0132413180764991	0.0132413180764991	NA	ok	
Standardpcaclusters	5	690	mAOC0544	mAOC-MICA	gene	ADT	mAOC-MICA	0.0181021696551369	0.0181021696551369	NA	ok	
Standardpcaclusters	6	663	mAOC0544	mAOC-MICA	gene	ADT	mAOC-MICA	0.023066512202671	0.023066512202671	NA	ok	
Standardpcaclusters	7	1552	mAOC0544	mAOC-MICA	gene	ADT	mAOC-MICA	0.00437926821637471	0.00437926821637471	NA	ok	
Standardpcaclusters	8	2101	mAOC0544	mAOC-MICA	gene	ADT	mAOC-MICA	0.0109936594888443	0.0109936594888443	NA	ok	
Standardpcaclusters	9	440	mAOC0544	mAOC-MICA	gene	ADT	mAOC-MICA	0.0154999176767857	0.0154999176767857	NA	ok	
Standardpcaclusters	10	1898	mAOC0544	mAOC-MICA	gene	ADT	mAOC-MICA	0.0191852562190056	0.0191852562190056	NA	ok	
Standardpcaclusters	11	346	mAOC0544	mAOC-MICA	gene	ADT	mAOC-MICA	0.0058368178027139	0.0058368178027139	NA	ok	
Standardpcaclusters	12	135	mAOC0544	mAOC-MICA	gene	ADT	mAOC-MICA	0.0583224657010527	0.0583224657010527	NA	ok	
Standardpcaclusters	13	1222	mAOC0544	mAOC-MICA	gene	ADT	mAOC-MICA	0.07314092016967	0.07314092016967	NA	ok	
Standardpcaclusters	14	84	mAOC0544	mAOC-MICA	gene	ADT	mAOC-MICA	0.150620941050161	0.150620941050161	NA	ok	
Standardpcaclusters	15	195	mAOC0544	mAOC-MICA	gene	ADT	mAOC-MICA	0.0974816648583761	0.0974816648583761	NA	ok	
Standardpcaclusters	1	116	mAOC0545	mAOC-CD335	gene	ADT	mAOC-CD335	0.199350872108258	0.199350872108258	NA	ok	
Standardpcaclusters	2	652	mAOC0545	mAOC-CD335	gene	ADT	mAOC-CD335	0.0402842932589438	0.0402842932589438	NA	ok	
Standardpcaclusters	3	2689	mAOC0545	mAOC-CD335	gene	ADT	mAOC-CD335	0.0226558320355909	0.0226558320355909	NA	ok	
Standardpcaclusters	4	506	mAOC0545	mAOC-CD335	gene	ADT	mAOC-CD335	0.0291262237713574	0.0291262237713574	NA	ok	
Standardpcaclusters	5	690	mAOC0545	mAOC-CD335	gene	ADT	mAOC-CD335	0.0365785457379696	0.0365785457379696	NA	ok	
Standardpcaclusters	6	663	mAOC0545	mAOC-CD335	gene	ADT	mAOC-CD335	0.0388121666693227	0.0388121666693227	NA	ok	
Standardpcaclusters	7	1552	mAOC0545	mAOC-CD335	gene	ADT	mAOC-CD335	0.0172080591904515	0.0172080591904515	NA	ok	
Standardpcaclusters	8	2101	mAOC0545	mAOC-CD335	gene	ADT	mAOC-CD335	0.0242151131306799	0.0242151131306799	NA	ok	
Standardpcaclusters	9	440	mAOC0545	mAOC-CD335	gene	ADT	mAOC-CD335	0.0323054131268278	0.0323054131268278	NA	ok	
Standardpcaclusters	10	1898	mAOC0545	mAOC-CD335	gene	ADT	mAOC-CD335	0.0307414916918659	0.0307414916918659	NA	ok	
Standardpcaclusters	11	346	mAOC0545	mAOC-CD335	gene	ADT	mAOC-CD335	0.0116816002157063	0.0116816002157063	NA	ok	
Standardpcaclusters	12	135	mAOC0545	mAOC-CD335	gene	ADT	mAOC-CD335	0.150183323829005	0.150183323829005	NA	ok	
Standardpcaclusters	13	1222	mAOC0545	mAOC-CD335	gene	ADT	mAOC-CD335	0.107284903479247	0.107284903479247	NA	ok	
Standardpcaclusters	14	84	mAOC0545	mAOC-CD335	gene	ADT	mAOC-CD335	0.271577678698781	0.271577678698781	NA	ok	
Standardpcaclusters	15	195	mAOC0545	mAOC-CD335	gene	ADT	mAOC-CD335	0.0735703752307856	0.0735703752307856	NA	ok	
Standardpcaclusters	1	116	mAOC0548	mAOC-SLC40A1	gene	ADT	mAOC-SLC40A1	0.206268277706861	0.206268277706861	NA	ok	
Standardpcaclusters	2	652	mAOC0548	mAOC-SLC40A1	gene	ADT	mAOC-SLC40A1	0.0413946766285202	0.0413946766285202	NA	ok	
Standardpcaclusters	3	2689	mAOC0548	mAOC-SLC40A1	gene	ADT	mAOC-SLC40A1	0.0242820876799413	0.0242820876799413	NA	ok	
Standardpcaclusters	4	506	mAOC0548	mAOC-SLC40A1	gene	ADT	mAOC-SLC40A1	0.0262130952453793	0.0262130952453793	NA	ok	
Standardpcaclusters	5	690	mAOC0548	mAOC-SLC40A1	gene	ADT	mAOC-SLC40A1	0.0347355012869885	0.0347355012869885	NA	ok	
Standardpcaclusters	6	663	mAOC0548	mAOC-SLC40A1	gene	ADT	mAOC-SLC40A1	0.0361537239769533	0.0361537239769533	NA	ok	
Standardpcaclusters	7	1552	mAOC0548	mAOC-SLC40A1	gene	ADT	mAOC-SLC40A1	0.0132438028482221	0.0132438028482221	NA	ok	
Standardpcaclusters	8	2101	mAOC0548	mAOC-SLC40A1	gene	ADT	mAOC-SLC40A1	0.0194533739429292	0.0194533739429292	NA	ok	
Standardpcaclusters	9	440	mAOC0548	mAOC-SLC40A1	gene	ADT	mAOC-SLC40A1	0.0172136805816345	0.0172136805816345	NA	ok	
Standardpcaclusters	10	1898	mAOC0548	mAOC-SLC40A1	gene	ADT	mAOC-SLC40A1	0.0255182842796614	0.0255182842796614	NA	ok	
Standardpcaclusters	11	346	mAOC0548	mAOC-SLC40A1	gene	ADT	mAOC-SLC40A1	0.00787086973083245	0.00787086973083245	NA	ok	
Standardpcaclusters	12	135	mAOC0548	mAOC-SLC40A1	gene	ADT	mAOC-SLC40A1	0.121252319841616	0.121252319841616	NA	ok	
Standardpcaclusters	13	1222	mAOC0548	mAOC-SLC40A1	gene	ADT	mAOC-SLC40A1	0.0942588140139054	0.0942588140139054	NA	ok	
Standardpcaclusters	14	84	mAOC0548	mAOC-SLC40A1	gene	ADT	mAOC-SLC40A1	0.185707910093374	0.185707910093374	NA	ok	
Standardpcaclusters	15	195	mAOC0548	mAOC-SLC40A1	gene	ADT	mAOC-SLC40A1	0.105983194750772	0.105983194750772	NA	ok	
Standardpcaclusters	1	116	mAOC0549	mAOC-CD366	gene	ADT	mAOC-CD366	0.816362620851197	0.816362620851197	NA	ok	
Standardpcaclusters	2	652	mAOC0549	mAOC-CD366	gene	ADT	mAOC-CD366	0.281350857258032	0.281350857258032	NA	ok	
Standardpcaclusters	3	2689	mAOC0549	mAOC-CD366	gene	ADT	mAOC-CD366	1.36056494296393	1.36056494296393	NA	ok	
Standardpcaclusters	4	506	mAOC0549	mAOC-CD366	gene	ADT	mAOC-CD366	1.75838065966258	1.75838065966258	NA	ok	
Standardpcaclusters	5	690	mAOC0549	mAOC-CD366	gene	ADT	mAOC-CD366	0.517052800071008	0.517052800071008	NA	ok	
Standardpcaclusters	6	663	mAOC0549	mAOC-CD366	gene	ADT	mAOC-CD366	0.41721735597821	0.41721735597821	NA	ok	
Standardpcaclusters	7	1552	mAOC0549	mAOC-CD366	gene	ADT	mAOC-CD366	1.55159532139642	1.55159532139642	NA	ok	
Standardpcaclusters	8	2101	mAOC0549	mAOC-CD366	gene	ADT	mAOC-CD366	0.662386256559669	0.662386256559669	NA	ok	
Standardpcaclusters	9	440	mAOC0549	mAOC-CD366	gene	ADT	mAOC-CD366	0.305523859038766	0.305523859038766	NA	ok	
Standardpcaclusters	10	1898	mAOC0549	mAOC-CD366	gene	ADT	mAOC-CD366	0.274640370156942	0.274640370156942	NA	ok	
Standardpcaclusters	11	346	mAOC0549	mAOC-CD366	gene	ADT	mAOC-CD366	0.34271839095691	0.34271839095691	NA	ok	
Standardpcaclusters	12	135	mAOC0549	mAOC-CD366	gene	ADT	mAOC-CD366	0.518395836409124	0.518395836409124	NA	ok	
Standardpcaclusters	13	1222	mAOC0549	mAOC-CD366	gene	ADT	mAOC-CD366	0.952940407256146	0.952940407256146	NA	ok	
Standardpcaclusters	14	84	mAOC0549	mAOC-CD366	gene	ADT	mAOC-CD366	0.524565827498847	0.524565827498847	NA	ok	
Standardpcaclusters	15	195	mAOC0549	mAOC-CD366	gene	ADT	mAOC-CD366	1.23203013539435	1.23203013539435	NA	ok	
Standardpcaclusters	1	116	mAOC0550	mAOC-CD262	gene	ADT	mAOC-CD262	0.0987326035441896	0.0987326035441896	NA	ok	
Standardpcaclusters	2	652	mAOC0550	mAOC-CD262	gene	ADT	mAOC-CD262	0.0189410428708348	0.0189410428708348	NA	ok	
Standardpcaclusters	3	2689	mAOC0550	mAOC-CD262	gene	ADT	mAOC-CD262	0.00649306503358284	0.00649306503358284	NA	ok	
Standardpcaclusters	4	506	mAOC0550	mAOC-CD262	gene	ADT	mAOC-CD262	0.00916570541442507	0.00916570541442507	NA	ok	
Standardpcaclusters	5	690	mAOC0550	mAOC-CD262	gene	ADT	mAOC-CD262	0.0132782589262331	0.0132782589262331	NA	ok	
Standardpcaclusters	6	663	mAOC0550	mAOC-CD262	gene	ADT	mAOC-CD262	0.0142830365697159	0.0142830365697159	NA	ok	
Standardpcaclusters	7	1552	mAOC0550	mAOC-CD262	gene	ADT	mAOC-CD262	0.00230768585433762	0.00230768585433762	NA	ok	
Standardpcaclusters	8	2101	mAOC0550	mAOC-CD262	gene	ADT	mAOC-CD262	0.00715862648007932	0.00715862648007932	NA	ok	
Standardpcaclusters	9	440	mAOC0550	mAOC-CD262	gene	ADT	mAOC-CD262	0.0107324718890292	0.0107324718890292	NA	ok	
Standardpcaclusters	10	1898	mAOC0550	mAOC-CD262	gene	ADT	mAOC-CD262	0.0132061821711976	0.0132061821711976	NA	ok	
Standardpcaclusters	11	346	mAOC0550	mAOC-CD262	gene	ADT	mAOC-CD262	0.00540665245996766	0.00540665245996766	NA	ok	
Standardpcaclusters	12	135	mAOC0550	mAOC-CD262	gene	ADT	mAOC-CD262	0.0409156257537169	0.0409156257537169	NA	ok	
Standardpcaclusters	13	1222	mAOC0550	mAOC-CD262	gene	ADT	mAOC-CD262	0.037638968380601	0.037638968380601	NA	ok	
Standardpcaclusters	14	84	mAOC0550	mAOC-CD262	gene	ADT	mAOC-CD262	0.0999562853674463	0.0999562853674463	NA	ok	
Standardpcaclusters	15	195	mAOC0550	mAOC-CD262	gene	ADT	mAOC-CD262	0.0291684371353877	0.0291684371353877	NA	ok	
Standardpcaclusters	1	116	mAOC0551	mAOC-CD269	gene	ADT	mAOC-CD269	0.232250203888074	0.232250203888074	NA	ok	
Standardpcaclusters	2	652	mAOC0551	mAOC-CD269	gene	ADT	mAOC-CD269	0.0532068439275493	0.0532068439275493	NA	ok	
Standardpcaclusters	3	2689	mAOC0551	mAOC-CD269	gene	ADT	mAOC-CD269	0.0301730438433147	0.0301730438433147	NA	ok	
Standardpcaclusters	4	506	mAOC0551	mAOC-CD269	gene	ADT	mAOC-CD269	0.0330150828091155	0.0330150828091155	NA	ok	
Standardpcaclusters	5	690	mAOC0551	mAOC-CD269	gene	ADT	mAOC-CD269	0.0483336968199759	0.0483336968199759	NA	ok	
Standardpcaclusters	6	663	mAOC0551	mAOC-CD269	gene	ADT	mAOC-CD269	0.0503491223312766	0.0503491223312766	NA	ok	
Standardpcaclusters	7	1552	mAOC0551	mAOC-CD269	gene	ADT	mAOC-CD269	0.027151696460355	0.027151696460355	NA	ok	
Standardpcaclusters	8	2101	mAOC0551	mAOC-CD269	gene	ADT	mAOC-CD269	0.0263517481370391	0.0263517481370391	NA	ok	
Standardpcaclusters	9	440	mAOC0551	mAOC-CD269	gene	ADT	mAOC-CD269	0.0257091376236287	0.0257091376236287	NA	ok	
Standardpcaclusters	10	1898	mAOC0551	mAOC-CD269	gene	ADT	mAOC-CD269	0.0309312166032708	0.0309312166032708	NA	ok	
Standardpcaclusters	11	346	mAOC0551	mAOC-CD269	gene	ADT	mAOC-CD269	0.0119487292493381	0.0119487292493381	NA	ok	
Standardpcaclusters	12	135	mAOC0551	mAOC-CD269	gene	ADT	mAOC-CD269	0.0835235489769919	0.0835235489769919	NA	ok	
Standardpcaclusters	13	1222	mAOC0551	mAOC-CD269	gene	ADT	mAOC-CD269	0.11504929103636	0.11504929103636	NA	ok	
Standardpcaclusters	14	84	mAOC0551	mAOC-CD269	gene	ADT	mAOC-CD269	0.181558194574382	0.181558194574382	NA	ok	
Standardpcaclusters	15	195	mAOC0551	mAOC-CD269	gene	ADT	mAOC-CD269	0.108248363706769	0.108248363706769	NA	ok	
Standardpcaclusters	1	116	mAOC0553	mAOC-TSHR	gene	ADT	mAOC-TSHR	0.078488304948651	0.078488304948651	NA	ok	
Standardpcaclusters	2	652	mAOC0553	mAOC-TSHR	gene	ADT	mAOC-TSHR	0.0103766534325611	0.0103766534325611	NA	ok	
Standardpcaclusters	3	2689	mAOC0553	mAOC-TSHR	gene	ADT	mAOC-TSHR	0.00393114833375825	0.00393114833375825	NA	ok	
Standardpcaclusters	4	506	mAOC0553	mAOC-TSHR	gene	ADT	mAOC-TSHR	0.00384978964553497	0.00384978964553497	NA	ok	
Standardpcaclusters	5	690	mAOC0553	mAOC-TSHR	gene	ADT	mAOC-TSHR	0.00665642457576884	0.00665642457576884	NA	ok	
Standardpcaclusters	6	663	mAOC0553	mAOC-TSHR	gene	ADT	mAOC-TSHR	0.00828430348936619	0.00828430348936619	NA	ok	
Standardpcaclusters	7	1552	mAOC0553	mAOC-TSHR	gene	ADT	mAOC-TSHR	0.000840124728548747	0.000840124728548747	NA	ok	
Standardpcaclusters	8	2101	mAOC0553	mAOC-TSHR	gene	ADT	mAOC-TSHR	0.00318962475503752	0.00318962475503752	NA	ok	
Standardpcaclusters	9	440	mAOC0553	mAOC-TSHR	gene	ADT	mAOC-TSHR	0.00412536355951397	0.00412536355951397	NA	ok	
Standardpcaclusters	10	1898	mAOC0553	mAOC-TSHR	gene	ADT	mAOC-TSHR	0.0041832379163648	0.0041832379163648	NA	ok	
Standardpcaclusters	11	346	mAOC0553	mAOC-TSHR	gene	ADT	mAOC-TSHR	0.00168771241833265	0.00168771241833265	NA	ok	
Standardpcaclusters	12	135	mAOC0553	mAOC-TSHR	gene	ADT	mAOC-TSHR	0.0198431611920911	0.0198431611920911	NA	ok	
Standardpcaclusters	13	1222	mAOC0553	mAOC-TSHR	gene	ADT	mAOC-TSHR	0.0157103973949471	0.0157103973949471	NA	ok	
Standardpcaclusters	14	84	mAOC0553	mAOC-TSHR	gene	ADT	mAOC-TSHR	0.08977345083956	0.08977345083956	NA	ok	
Standardpcaclusters	15	195	mAOC0553	mAOC-TSHR	gene	ADT	mAOC-TSHR	0.0268118710577458	0.0268118710577458	NA	ok	
Standardpcaclusters	1	116	mAOC0554	mAOC-CD309	gene	ADT	mAOC-CD309	0.174871837987134	0.174871837987134	NA	ok	
Standardpcaclusters	2	652	mAOC0554	mAOC-CD309	gene	ADT	mAOC-CD309	0.0385643009958111	0.0385643009958111	NA	ok	
Standardpcaclusters	3	2689	mAOC0554	mAOC-CD309	gene	ADT	mAOC-CD309	0.0119158637786984	0.0119158637786984	NA	ok	
Standardpcaclusters	4	506	mAOC0554	mAOC-CD309	gene	ADT	mAOC-CD309	0.0157734529174334	0.0157734529174334	NA	ok	
Standardpcaclusters	5	690	mAOC0554	mAOC-CD309	gene	ADT	mAOC-CD309	0.0209006909594662	0.0209006909594662	NA	ok	
Standardpcaclusters	6	663	mAOC0554	mAOC-CD309	gene	ADT	mAOC-CD309	0.0238599038540928	0.0238599038540928	NA	ok	
Standardpcaclusters	7	1552	mAOC0554	mAOC-CD309	gene	ADT	mAOC-CD309	0.00425792478596565	0.00425792478596565	NA	ok	
Standardpcaclusters	8	2101	mAOC0554	mAOC-CD309	gene	ADT	mAOC-CD309	0.0129774948639205	0.0129774948639205	NA	ok	
Standardpcaclusters	9	440	mAOC0554	mAOC-CD309	gene	ADT	mAOC-CD309	0.0088288995308675	0.0088288995308675	NA	ok	
Standardpcaclusters	10	1898	mAOC0554	mAOC-CD309	gene	ADT	mAOC-CD309	0.0186491966432842	0.0186491966432842	NA	ok	
Standardpcaclusters	11	346	mAOC0554	mAOC-CD309	gene	ADT	mAOC-CD309	0.00378077550116838	0.00378077550116838	NA	ok	
Standardpcaclusters	12	135	mAOC0554	mAOC-CD309	gene	ADT	mAOC-CD309	0.0683537838633313	0.0683537838633313	NA	ok	
Standardpcaclusters	13	1222	mAOC0554	mAOC-CD309	gene	ADT	mAOC-CD309	0.070864616654534	0.070864616654534	NA	ok	
Standardpcaclusters	14	84	mAOC0554	mAOC-CD309	gene	ADT	mAOC-CD309	0.179753615558923	0.179753615558923	NA	ok	
Standardpcaclusters	15	195	mAOC0554	mAOC-CD309	gene	ADT	mAOC-CD309	0.0350559361169231	0.0350559361169231	NA	ok	
Standardpcaclusters	1	116	mAOC0555	mAOC-VISTA	gene	ADT	mAOC-VISTA	0.0221643182716284	0.0221643182716284	NA	ok	
Standardpcaclusters	2	652	mAOC0555	mAOC-VISTA	gene	ADT	mAOC-VISTA	0.00745637818870395	0.00745637818870395	NA	ok	
Standardpcaclusters	3	2689	mAOC0555	mAOC-VISTA	gene	ADT	mAOC-VISTA	0.00119167385734897	0.00119167385734897	NA	ok	
Standardpcaclusters	4	506	mAOC0555	mAOC-VISTA	gene	ADT	mAOC-VISTA	0.00257093123355655	0.00257093123355655	NA	ok	
Standardpcaclusters	5	690	mAOC0555	mAOC-VISTA	gene	ADT	mAOC-VISTA	0.00235031002880081	0.00235031002880081	NA	ok	
Standardpcaclusters	6	663	mAOC0555	mAOC-VISTA	gene	ADT	mAOC-VISTA	0.00653041430118598	0.00653041430118598	NA	ok	
Standardpcaclusters	7	1552	mAOC0555	mAOC-VISTA	gene	ADT	mAOC-VISTA	0.000385863503559513	0.000385863503559513	NA	ok	
Standardpcaclusters	8	2101	mAOC0555	mAOC-VISTA	gene	ADT	mAOC-VISTA	0.00234742728569267	0.00234742728569267	NA	ok	
Standardpcaclusters	9	440	mAOC0555	mAOC-VISTA	gene	ADT	mAOC-VISTA	0.0045885409315863	0.0045885409315863	NA	ok	
Standardpcaclusters	10	1898	mAOC0555	mAOC-VISTA	gene	ADT	mAOC-VISTA	0.00312274153533867	0.00312274153533867	NA	ok	
Standardpcaclusters	11	346	mAOC0555	mAOC-VISTA	gene	ADT	mAOC-VISTA	0.00126245362587631	0.00126245362587631	NA	ok	
Standardpcaclusters	12	135	mAOC0555	mAOC-VISTA	gene	ADT	mAOC-VISTA	0.0157566121883936	0.0157566121883936	NA	ok	
Standardpcaclusters	13	1222	mAOC0555	mAOC-VISTA	gene	ADT	mAOC-VISTA	0.00745815994028828	0.00745815994028828	NA	ok	
Standardpcaclusters	14	84	mAOC0555	mAOC-VISTA	gene	ADT	mAOC-VISTA	0.0178481865625279	0.0178481865625279	NA	ok	
Standardpcaclusters	15	195	mAOC0555	mAOC-VISTA	gene	ADT	mAOC-VISTA	0.00862002472363418	0.00862002472363418	NA	ok	
Standardpcaclusters	1	116	mAOC0556	mAOC-CD197	gene	ADT	mAOC-CD197	0.0904206028025996	0.0904206028025996	NA	ok	
Standardpcaclusters	2	652	mAOC0556	mAOC-CD197	gene	ADT	mAOC-CD197	0.0163450884041283	0.0163450884041283	NA	ok	
Standardpcaclusters	3	2689	mAOC0556	mAOC-CD197	gene	ADT	mAOC-CD197	0.00514064106965017	0.00514064106965017	NA	ok	
Standardpcaclusters	4	506	mAOC0556	mAOC-CD197	gene	ADT	mAOC-CD197	0.00815406694531819	0.00815406694531819	NA	ok	
Standardpcaclusters	5	690	mAOC0556	mAOC-CD197	gene	ADT	mAOC-CD197	0.010605868360582	0.010605868360582	NA	ok	
Standardpcaclusters	6	663	mAOC0556	mAOC-CD197	gene	ADT	mAOC-CD197	0.0161315309127099	0.0161315309127099	NA	ok	
Standardpcaclusters	7	1552	mAOC0556	mAOC-CD197	gene	ADT	mAOC-CD197	0.00167102559902901	0.00167102559902901	NA	ok	
Standardpcaclusters	8	2101	mAOC0556	mAOC-CD197	gene	ADT	mAOC-CD197	0.00699968048796151	0.00699968048796151	NA	ok	
Standardpcaclusters	9	440	mAOC0556	mAOC-CD197	gene	ADT	mAOC-CD197	0.00896070201198131	0.00896070201198131	NA	ok	
Standardpcaclusters	10	1898	mAOC0556	mAOC-CD197	gene	ADT	mAOC-CD197	0.0116685572677319	0.0116685572677319	NA	ok	
Standardpcaclusters	11	346	mAOC0556	mAOC-CD197	gene	ADT	mAOC-CD197	0.00262510427707402	0.00262510427707402	NA	ok	
Standardpcaclusters	12	135	mAOC0556	mAOC-CD197	gene	ADT	mAOC-CD197	0.0433349404149287	0.0433349404149287	NA	ok	
Standardpcaclusters	13	1222	mAOC0556	mAOC-CD197	gene	ADT	mAOC-CD197	0.0619767743594206	0.0619767743594206	NA	ok	
Standardpcaclusters	14	84	mAOC0556	mAOC-CD197	gene	ADT	mAOC-CD197	0.0740044009360812	0.0740044009360812	NA	ok	
Standardpcaclusters	15	195	mAOC0556	mAOC-CD197	gene	ADT	mAOC-CD197	0.0249725468496633	0.0249725468496633	NA	ok	
Standardpcaclusters	1	116	mAOC0561	mAOC-CD32b	gene	ADT	mAOC-CD32b	0.0618767350206073	0.0618767350206073	NA	ok	
Standardpcaclusters	2	652	mAOC0561	mAOC-CD32b	gene	ADT	mAOC-CD32b	0.0148888798875421	0.0148888798875421	NA	ok	
Standardpcaclusters	3	2689	mAOC0561	mAOC-CD32b	gene	ADT	mAOC-CD32b	0.00689642038729717	0.00689642038729717	NA	ok	
Standardpcaclusters	4	506	mAOC0561	mAOC-CD32b	gene	ADT	mAOC-CD32b	0.00821796878945838	0.00821796878945838	NA	ok	
Standardpcaclusters	5	690	mAOC0561	mAOC-CD32b	gene	ADT	mAOC-CD32b	0.011932278380912	0.011932278380912	NA	ok	
Standardpcaclusters	6	663	mAOC0561	mAOC-CD32b	gene	ADT	mAOC-CD32b	0.015147001038733	0.015147001038733	NA	ok	
Standardpcaclusters	7	1552	mAOC0561	mAOC-CD32b	gene	ADT	mAOC-CD32b	0.0010635522881721	0.0010635522881721	NA	ok	
Standardpcaclusters	8	2101	mAOC0561	mAOC-CD32b	gene	ADT	mAOC-CD32b	0.00722159706472521	0.00722159706472521	NA	ok	
Standardpcaclusters	9	440	mAOC0561	mAOC-CD32b	gene	ADT	mAOC-CD32b	0.0103333726120881	0.0103333726120881	NA	ok	
Standardpcaclusters	10	1898	mAOC0561	mAOC-CD32b	gene	ADT	mAOC-CD32b	0.0109631150978274	0.0109631150978274	NA	ok	
Standardpcaclusters	11	346	mAOC0561	mAOC-CD32b	gene	ADT	mAOC-CD32b	0.00326870048009638	0.00326870048009638	NA	ok	
Standardpcaclusters	12	135	mAOC0561	mAOC-CD32b	gene	ADT	mAOC-CD32b	0.0551264980614484	0.0551264980614484	NA	ok	
Standardpcaclusters	13	1222	mAOC0561	mAOC-CD32b	gene	ADT	mAOC-CD32b	0.0421957832208853	0.0421957832208853	NA	ok	
Standardpcaclusters	14	84	mAOC0561	mAOC-CD32b	gene	ADT	mAOC-CD32b	0.130748325835065	0.130748325835065	NA	ok	
Standardpcaclusters	15	195	mAOC0561	mAOC-CD32b	gene	ADT	mAOC-CD32b	0.0245568437407377	0.0245568437407377	NA	ok	
Standardpcaclusters	1	116	mAOC0562	mAOC-CD332	gene	ADT	mAOC-CD332	0.00606309178174694	0.00606309178174694	NA	ok	
Standardpcaclusters	2	652	mAOC0562	mAOC-CD332	gene	ADT	mAOC-CD332	0.000685577733440647	0.000685577733440647	NA	ok	
Standardpcaclusters	3	2689	mAOC0562	mAOC-CD332	gene	ADT	mAOC-CD332	6.50058515325126e-05	6.50058515325126e-05	NA	ok	
Standardpcaclusters	4	506	mAOC0562	mAOC-CD332	gene	ADT	mAOC-CD332	0.00018613978038675	0.00018613978038675	NA	ok	
Standardpcaclusters	5	690	mAOC0562	mAOC-CD332	gene	ADT	mAOC-CD332	0	0	NA	ok	
Standardpcaclusters	6	663	mAOC0562	mAOC-CD332	gene	ADT	mAOC-CD332	3.40759391398433e-05	3.40759391398433e-05	NA	ok	
Standardpcaclusters	7	1552	mAOC0562	mAOC-CD332	gene	ADT	mAOC-CD332	0	0	NA	ok	
Standardpcaclusters	8	2101	mAOC0562	mAOC-CD332	gene	ADT	mAOC-CD332	4.03864460947275e-05	4.03864460947275e-05	NA	ok	
Standardpcaclusters	9	440	mAOC0562	mAOC-CD332	gene	ADT	mAOC-CD332	0	0	NA	ok	
Standardpcaclusters	10	1898	mAOC0562	mAOC-CD332	gene	ADT	mAOC-CD332	3.26674292881376e-05	3.26674292881376e-05	NA	ok	
Standardpcaclusters	11	346	mAOC0562	mAOC-CD332	gene	ADT	mAOC-CD332	0	0	NA	ok	
Standardpcaclusters	12	135	mAOC0562	mAOC-CD332	gene	ADT	mAOC-CD332	0.000439077378142013	0.000439077378142013	NA	ok	
Standardpcaclusters	13	1222	mAOC0562	mAOC-CD332	gene	ADT	mAOC-CD332	5.9589584470539e-05	5.9589584470539e-05	NA	ok	
Standardpcaclusters	14	84	mAOC0562	mAOC-CD332	gene	ADT	mAOC-CD332	0.000846211858235289	0.000846211858235289	NA	ok	
Standardpcaclusters	15	195	mAOC0562	mAOC-CD332	gene	ADT	mAOC-CD332	9.80543499511404e-05	9.80543499511404e-05	NA	ok	
Standardpcaclusters	1	116	mAOC0564	mAOC-CD338	gene	ADT	mAOC-CD338	0.0221120944324017	0.0221120944324017	NA	ok	
Standardpcaclusters	2	652	mAOC0564	mAOC-CD338	gene	ADT	mAOC-CD338	0.00558676981606381	0.00558676981606381	NA	ok	
Standardpcaclusters	3	2689	mAOC0564	mAOC-CD338	gene	ADT	mAOC-CD338	0.00164542411135918	0.00164542411135918	NA	ok	
Standardpcaclusters	4	506	mAOC0564	mAOC-CD338	gene	ADT	mAOC-CD338	0.00347833661122032	0.00347833661122032	NA	ok	
Standardpcaclusters	5	690	mAOC0564	mAOC-CD338	gene	ADT	mAOC-CD338	0.0045736922171061	0.0045736922171061	NA	ok	
Standardpcaclusters	6	663	mAOC0564	mAOC-CD338	gene	ADT	mAOC-CD338	0.00631100830587096	0.00631100830587096	NA	ok	
Standardpcaclusters	7	1552	mAOC0564	mAOC-CD338	gene	ADT	mAOC-CD338	0.000609379248339375	0.000609379248339375	NA	ok	
Standardpcaclusters	8	2101	mAOC0564	mAOC-CD338	gene	ADT	mAOC-CD338	0.00291593231459202	0.00291593231459202	NA	ok	
Standardpcaclusters	9	440	mAOC0564	mAOC-CD338	gene	ADT	mAOC-CD338	0.00390037373645735	0.00390037373645735	NA	ok	
Standardpcaclusters	10	1898	mAOC0564	mAOC-CD338	gene	ADT	mAOC-CD338	0.00463384607242278	0.00463384607242278	NA	ok	
Standardpcaclusters	11	346	mAOC0564	mAOC-CD338	gene	ADT	mAOC-CD338	0.00328920419999944	0.00328920419999944	NA	ok	
Standardpcaclusters	12	135	mAOC0564	mAOC-CD338	gene	ADT	mAOC-CD338	0.0350685405658263	0.0350685405658263	NA	ok	
Standardpcaclusters	13	1222	mAOC0564	mAOC-CD338	gene	ADT	mAOC-CD338	0.0168740522267855	0.0168740522267855	NA	ok	
Standardpcaclusters	14	84	mAOC0564	mAOC-CD338	gene	ADT	mAOC-CD338	0.0352449482214595	0.0352449482214595	NA	ok	
Standardpcaclusters	15	195	mAOC0564	mAOC-CD338	gene	ADT	mAOC-CD338	0.097685902441506	0.097685902441506	NA	ok	
Standardpcaclusters	1	116	mAOC0567	mAOC-CD20	gene	ADT	mAOC-CD20	0.668513491314069	0.668513491314069	NA	ok	
Standardpcaclusters	2	652	mAOC0567	mAOC-CD20	gene	ADT	mAOC-CD20	2.96279255935436	2.96279255935436	NA	ok	
Standardpcaclusters	3	2689	mAOC0567	mAOC-CD20	gene	ADT	mAOC-CD20	0.0421751677904238	0.0421751677904238	NA	ok	
Standardpcaclusters	4	506	mAOC0567	mAOC-CD20	gene	ADT	mAOC-CD20	0.260839784429104	0.260839784429104	NA	ok	
Standardpcaclusters	5	690	mAOC0567	mAOC-CD20	gene	ADT	mAOC-CD20	0.0479341032999796	0.0479341032999796	NA	ok	
Standardpcaclusters	6	663	mAOC0567	mAOC-CD20	gene	ADT	mAOC-CD20	0.123893787005949	0.123893787005949	NA	ok	
Standardpcaclusters	7	1552	mAOC0567	mAOC-CD20	gene	ADT	mAOC-CD20	0.0165190861623747	0.0165190861623747	NA	ok	
Standardpcaclusters	8	2101	mAOC0567	mAOC-CD20	gene	ADT	mAOC-CD20	0.0243025857337722	0.0243025857337722	NA	ok	
Standardpcaclusters	9	440	mAOC0567	mAOC-CD20	gene	ADT	mAOC-CD20	0.0288369523549578	0.0288369523549578	NA	ok	
Standardpcaclusters	10	1898	mAOC0567	mAOC-CD20	gene	ADT	mAOC-CD20	0.0316086853610412	0.0316086853610412	NA	ok	
Standardpcaclusters	11	346	mAOC0567	mAOC-CD20	gene	ADT	mAOC-CD20	0.00819681550769298	0.00819681550769298	NA	ok	
Standardpcaclusters	12	135	mAOC0567	mAOC-CD20	gene	ADT	mAOC-CD20	0.0784566922946455	0.0784566922946455	NA	ok	
Standardpcaclusters	13	1222	mAOC0567	mAOC-CD20	gene	ADT	mAOC-CD20	0.0972194113770714	0.0972194113770714	NA	ok	
Standardpcaclusters	14	84	mAOC0567	mAOC-CD20	gene	ADT	mAOC-CD20	0.232012015103208	0.232012015103208	NA	ok	
Standardpcaclusters	15	195	mAOC0567	mAOC-CD20	gene	ADT	mAOC-CD20	0.411935308793691	0.411935308793691	NA	ok	
Standardpcaclusters	1	116	mAOC0569	mAOC-FZD5	gene	ADT	mAOC-FZD5	0.307435037711179	0.307435037711179	NA	ok	
Standardpcaclusters	2	652	mAOC0569	mAOC-FZD5	gene	ADT	mAOC-FZD5	0.11002807591983	0.11002807591983	NA	ok	
Standardpcaclusters	3	2689	mAOC0569	mAOC-FZD5	gene	ADT	mAOC-FZD5	0.0382442189416174	0.0382442189416174	NA	ok	
Standardpcaclusters	4	506	mAOC0569	mAOC-FZD5	gene	ADT	mAOC-FZD5	0.269502985109543	0.269502985109543	NA	ok	
Standardpcaclusters	5	690	mAOC0569	mAOC-FZD5	gene	ADT	mAOC-FZD5	0.155871826832251	0.155871826832251	NA	ok	
Standardpcaclusters	6	663	mAOC0569	mAOC-FZD5	gene	ADT	mAOC-FZD5	0.329005037109454	0.329005037109454	NA	ok	
Standardpcaclusters	7	1552	mAOC0569	mAOC-FZD5	gene	ADT	mAOC-FZD5	0.0305893370038458	0.0305893370038458	NA	ok	
Standardpcaclusters	8	2101	mAOC0569	mAOC-FZD5	gene	ADT	mAOC-FZD5	0.100657394332643	0.100657394332643	NA	ok	
Standardpcaclusters	9	440	mAOC0569	mAOC-FZD5	gene	ADT	mAOC-FZD5	0.307107365500544	0.307107365500544	NA	ok	
Standardpcaclusters	10	1898	mAOC0569	mAOC-FZD5	gene	ADT	mAOC-FZD5	0.213326248625299	0.213326248625299	NA	ok	
Standardpcaclusters	11	346	mAOC0569	mAOC-FZD5	gene	ADT	mAOC-FZD5	0.0452610219210519	0.0452610219210519	NA	ok	
Standardpcaclusters	12	135	mAOC0569	mAOC-FZD5	gene	ADT	mAOC-FZD5	0.321568944382571	0.321568944382571	NA	ok	
Standardpcaclusters	13	1222	mAOC0569	mAOC-FZD5	gene	ADT	mAOC-FZD5	0.267303185133553	0.267303185133553	NA	ok	
Standardpcaclusters	14	84	mAOC0569	mAOC-FZD5	gene	ADT	mAOC-FZD5	0.374050584517795	0.374050584517795	NA	ok	
Standardpcaclusters	15	195	mAOC0569	mAOC-FZD5	gene	ADT	mAOC-FZD5	0.956356955366988	0.956356955366988	NA	ok	
Standardpcaclusters	1	116	mAOC0570	mAOC-GLP1R	gene	ADT	mAOC-GLP1R	0.0328234974267242	0.0328234974267242	NA	ok	
Standardpcaclusters	2	652	mAOC0570	mAOC-GLP1R	gene	ADT	mAOC-GLP1R	0.0102813710699166	0.0102813710699166	NA	ok	
Standardpcaclusters	3	2689	mAOC0570	mAOC-GLP1R	gene	ADT	mAOC-GLP1R	0.00191945789175659	0.00191945789175659	NA	ok	
Standardpcaclusters	4	506	mAOC0570	mAOC-GLP1R	gene	ADT	mAOC-GLP1R	0.00220360207496598	0.00220360207496598	NA	ok	
Standardpcaclusters	5	690	mAOC0570	mAOC-GLP1R	gene	ADT	mAOC-GLP1R	0.00381670476540065	0.00381670476540065	NA	ok	
Standardpcaclusters	6	663	mAOC0570	mAOC-GLP1R	gene	ADT	mAOC-GLP1R	0.00425976083099866	0.00425976083099866	NA	ok	
Standardpcaclusters	7	1552	mAOC0570	mAOC-GLP1R	gene	ADT	mAOC-GLP1R	0.00066494552461974	0.00066494552461974	NA	ok	
Standardpcaclusters	8	2101	mAOC0570	mAOC-GLP1R	gene	ADT	mAOC-GLP1R	0.00284894379183052	0.00284894379183052	NA	ok	
Standardpcaclusters	9	440	mAOC0570	mAOC-GLP1R	gene	ADT	mAOC-GLP1R	0.00153601458170732	0.00153601458170732	NA	ok	
Standardpcaclusters	10	1898	mAOC0570	mAOC-GLP1R	gene	ADT	mAOC-GLP1R	0.00431557388418307	0.00431557388418307	NA	ok	
Standardpcaclusters	11	346	mAOC0570	mAOC-GLP1R	gene	ADT	mAOC-GLP1R	0.00131368297966211	0.00131368297966211	NA	ok	
Standardpcaclusters	12	135	mAOC0570	mAOC-GLP1R	gene	ADT	mAOC-GLP1R	0.00662152226258349	0.00662152226258349	NA	ok	
Standardpcaclusters	13	1222	mAOC0570	mAOC-GLP1R	gene	ADT	mAOC-GLP1R	0.00951241121362231	0.00951241121362231	NA	ok	
Standardpcaclusters	14	84	mAOC0570	mAOC-GLP1R	gene	ADT	mAOC-GLP1R	0.0235366614276841	0.0235366614276841	NA	ok	
Standardpcaclusters	15	195	mAOC0570	mAOC-GLP1R	gene	ADT	mAOC-GLP1R	0.0379547447466093	0.0379547447466093	NA	ok	
Standardpcaclusters	1	116	mAOC0576	mAOC-SIGLEC15	gene	ADT	mAOC-SIGLEC15	0.477899116492281	0.477899116492281	NA	ok	
Standardpcaclusters	2	652	mAOC0576	mAOC-SIGLEC15	gene	ADT	mAOC-SIGLEC15	0.293423734412755	0.293423734412755	NA	ok	
Standardpcaclusters	3	2689	mAOC0576	mAOC-SIGLEC15	gene	ADT	mAOC-SIGLEC15	0.118092251242178	0.118092251242178	NA	ok	
Standardpcaclusters	4	506	mAOC0576	mAOC-SIGLEC15	gene	ADT	mAOC-SIGLEC15	0.0956293673675979	0.0956293673675979	NA	ok	
Standardpcaclusters	5	690	mAOC0576	mAOC-SIGLEC15	gene	ADT	mAOC-SIGLEC15	0.109314964567475	0.109314964567475	NA	ok	
Standardpcaclusters	6	663	mAOC0576	mAOC-SIGLEC15	gene	ADT	mAOC-SIGLEC15	0.17525026803934	0.17525026803934	NA	ok	
Standardpcaclusters	7	1552	mAOC0576	mAOC-SIGLEC15	gene	ADT	mAOC-SIGLEC15	0.0810300159347258	0.0810300159347258	NA	ok	
Standardpcaclusters	8	2101	mAOC0576	mAOC-SIGLEC15	gene	ADT	mAOC-SIGLEC15	0.0984536636190161	0.0984536636190161	NA	ok	
Standardpcaclusters	9	440	mAOC0576	mAOC-SIGLEC15	gene	ADT	mAOC-SIGLEC15	0.0877988280248271	0.0877988280248271	NA	ok	
Standardpcaclusters	10	1898	mAOC0576	mAOC-SIGLEC15	gene	ADT	mAOC-SIGLEC15	0.0673839951672918	0.0673839951672918	NA	ok	
Standardpcaclusters	11	346	mAOC0576	mAOC-SIGLEC15	gene	ADT	mAOC-SIGLEC15	0.0615527337178149	0.0615527337178149	NA	ok	
Standardpcaclusters	12	135	mAOC0576	mAOC-SIGLEC15	gene	ADT	mAOC-SIGLEC15	0.185997981181484	0.185997981181484	NA	ok	
Standardpcaclusters	13	1222	mAOC0576	mAOC-SIGLEC15	gene	ADT	mAOC-SIGLEC15	0.196065737335981	0.196065737335981	NA	ok	
Standardpcaclusters	14	84	mAOC0576	mAOC-SIGLEC15	gene	ADT	mAOC-SIGLEC15	0.483722343124968	0.483722343124968	NA	ok	
Standardpcaclusters	15	195	mAOC0576	mAOC-SIGLEC15	gene	ADT	mAOC-SIGLEC15	0.947416283227629	0.947416283227629	NA	ok	
Standardpcaclusters	1	116	mAOC0580	mAOC-CD202b	gene	ADT	mAOC-CD202b	0.104916434559684	0.104916434559684	NA	ok	
Standardpcaclusters	2	652	mAOC0580	mAOC-CD202b	gene	ADT	mAOC-CD202b	0.0217464651080692	0.0217464651080692	NA	ok	
Standardpcaclusters	3	2689	mAOC0580	mAOC-CD202b	gene	ADT	mAOC-CD202b	0.00896097992621546	0.00896097992621546	NA	ok	
Standardpcaclusters	4	506	mAOC0580	mAOC-CD202b	gene	ADT	mAOC-CD202b	0.01283118041435	0.01283118041435	NA	ok	
Standardpcaclusters	5	690	mAOC0580	mAOC-CD202b	gene	ADT	mAOC-CD202b	0.0144223515055373	0.0144223515055373	NA	ok	
Standardpcaclusters	6	663	mAOC0580	mAOC-CD202b	gene	ADT	mAOC-CD202b	0.0235824483925535	0.0235824483925535	NA	ok	
Standardpcaclusters	7	1552	mAOC0580	mAOC-CD202b	gene	ADT	mAOC-CD202b	0.00346810120544943	0.00346810120544943	NA	ok	
Standardpcaclusters	8	2101	mAOC0580	mAOC-CD202b	gene	ADT	mAOC-CD202b	0.00973115568351306	0.00973115568351306	NA	ok	
Standardpcaclusters	9	440	mAOC0580	mAOC-CD202b	gene	ADT	mAOC-CD202b	0.0106161321032072	0.0106161321032072	NA	ok	
Standardpcaclusters	10	1898	mAOC0580	mAOC-CD202b	gene	ADT	mAOC-CD202b	0.0149401251683613	0.0149401251683613	NA	ok	
Standardpcaclusters	11	346	mAOC0580	mAOC-CD202b	gene	ADT	mAOC-CD202b	0.00525701442077911	0.00525701442077911	NA	ok	
Standardpcaclusters	12	135	mAOC0580	mAOC-CD202b	gene	ADT	mAOC-CD202b	0.071021839657814	0.071021839657814	NA	ok	
Standardpcaclusters	13	1222	mAOC0580	mAOC-CD202b	gene	ADT	mAOC-CD202b	0.0589174200827458	0.0589174200827458	NA	ok	
Standardpcaclusters	14	84	mAOC0580	mAOC-CD202b	gene	ADT	mAOC-CD202b	0.143157324479273	0.143157324479273	NA	ok	
Standardpcaclusters	15	195	mAOC0580	mAOC-CD202b	gene	ADT	mAOC-CD202b	0.0924541434146271	0.0924541434146271	NA	ok	
Standardpcaclusters	1	116	mAOC0581	mAOC-CD154	gene	ADT	mAOC-CD154	0.125099533372082	0.125099533372082	NA	ok	
Standardpcaclusters	2	652	mAOC0581	mAOC-CD154	gene	ADT	mAOC-CD154	0.0291821739179724	0.0291821739179724	NA	ok	
Standardpcaclusters	3	2689	mAOC0581	mAOC-CD154	gene	ADT	mAOC-CD154	0.00767516890435831	0.00767516890435831	NA	ok	
Standardpcaclusters	4	506	mAOC0581	mAOC-CD154	gene	ADT	mAOC-CD154	0.0100049615891093	0.0100049615891093	NA	ok	
Standardpcaclusters	5	690	mAOC0581	mAOC-CD154	gene	ADT	mAOC-CD154	0.0154041640476411	0.0154041640476411	NA	ok	
Standardpcaclusters	6	663	mAOC0581	mAOC-CD154	gene	ADT	mAOC-CD154	0.0244087962103916	0.0244087962103916	NA	ok	
Standardpcaclusters	7	1552	mAOC0581	mAOC-CD154	gene	ADT	mAOC-CD154	0.00278619899214988	0.00278619899214988	NA	ok	
Standardpcaclusters	8	2101	mAOC0581	mAOC-CD154	gene	ADT	mAOC-CD154	0.0108392148108022	0.0108392148108022	NA	ok	
Standardpcaclusters	9	440	mAOC0581	mAOC-CD154	gene	ADT	mAOC-CD154	0.0165921657926133	0.0165921657926133	NA	ok	
Standardpcaclusters	10	1898	mAOC0581	mAOC-CD154	gene	ADT	mAOC-CD154	0.0292291924393377	0.0292291924393377	NA	ok	
Standardpcaclusters	11	346	mAOC0581	mAOC-CD154	gene	ADT	mAOC-CD154	0.00577952366207549	0.00577952366207549	NA	ok	
Standardpcaclusters	12	135	mAOC0581	mAOC-CD154	gene	ADT	mAOC-CD154	0.0500603831948795	0.0500603831948795	NA	ok	
Standardpcaclusters	13	1222	mAOC0581	mAOC-CD154	gene	ADT	mAOC-CD154	0.0489588854974619	0.0489588854974619	NA	ok	
Standardpcaclusters	14	84	mAOC0581	mAOC-CD154	gene	ADT	mAOC-CD154	0.185709362127163	0.185709362127163	NA	ok	
Standardpcaclusters	15	195	mAOC0581	mAOC-CD154	gene	ADT	mAOC-CD154	0.186329382652094	0.186329382652094	NA	ok	
Standardpcaclusters	1	116	mAOC0582	mAOC-CD46	gene	ADT	mAOC-CD46	2.15131845230214	2.15131845230214	NA	ok	
Standardpcaclusters	2	652	mAOC0582	mAOC-CD46	gene	ADT	mAOC-CD46	2.20616817927369	2.20616817927369	NA	ok	
Standardpcaclusters	3	2689	mAOC0582	mAOC-CD46	gene	ADT	mAOC-CD46	2.66493874976403	2.66493874976403	NA	ok	
Standardpcaclusters	4	506	mAOC0582	mAOC-CD46	gene	ADT	mAOC-CD46	2.60604236645802	2.60604236645802	NA	ok	
Standardpcaclusters	5	690	mAOC0582	mAOC-CD46	gene	ADT	mAOC-CD46	2.66310421319261	2.66310421319261	NA	ok	
Standardpcaclusters	6	663	mAOC0582	mAOC-CD46	gene	ADT	mAOC-CD46	2.85664471991696	2.85664471991696	NA	ok	
Standardpcaclusters	7	1552	mAOC0582	mAOC-CD46	gene	ADT	mAOC-CD46	2.98608199305891	2.98608199305891	NA	ok	
Standardpcaclusters	8	2101	mAOC0582	mAOC-CD46	gene	ADT	mAOC-CD46	2.96050973197201	2.96050973197201	NA	ok	
Standardpcaclusters	9	440	mAOC0582	mAOC-CD46	gene	ADT	mAOC-CD46	3.39451577761504	3.39451577761504	NA	ok	
Standardpcaclusters	10	1898	mAOC0582	mAOC-CD46	gene	ADT	mAOC-CD46	3.15200457387812	3.15200457387812	NA	ok	
Standardpcaclusters	11	346	mAOC0582	mAOC-CD46	gene	ADT	mAOC-CD46	3.25560630178888	3.25560630178888	NA	ok	
Standardpcaclusters	12	135	mAOC0582	mAOC-CD46	gene	ADT	mAOC-CD46	2.9092209254191	2.9092209254191	NA	ok	
Standardpcaclusters	13	1222	mAOC0582	mAOC-CD46	gene	ADT	mAOC-CD46	2.53805040819386	2.53805040819386	NA	ok	
Standardpcaclusters	14	84	mAOC0582	mAOC-CD46	gene	ADT	mAOC-CD46	3.12976674984001	3.12976674984001	NA	ok	
Standardpcaclusters	15	195	mAOC0582	mAOC-CD46	gene	ADT	mAOC-CD46	2.86160453027061	2.86160453027061	NA	ok	
Standardpcaclusters	1	116	mAOC0583	mAOC-CD74	gene	ADT	mAOC-CD74	0.722164505951367	0.722164505951367	NA	ok	
Standardpcaclusters	2	652	mAOC0583	mAOC-CD74	gene	ADT	mAOC-CD74	1.99070938793686	1.99070938793686	NA	ok	
Standardpcaclusters	3	2689	mAOC0583	mAOC-CD74	gene	ADT	mAOC-CD74	0.843042522297946	0.843042522297946	NA	ok	
Standardpcaclusters	4	506	mAOC0583	mAOC-CD74	gene	ADT	mAOC-CD74	1.13586434002906	1.13586434002906	NA	ok	
Standardpcaclusters	5	690	mAOC0583	mAOC-CD74	gene	ADT	mAOC-CD74	0.871145719584634	0.871145719584634	NA	ok	
Standardpcaclusters	6	663	mAOC0583	mAOC-CD74	gene	ADT	mAOC-CD74	0.629122535488965	0.629122535488965	NA	ok	
Standardpcaclusters	7	1552	mAOC0583	mAOC-CD74	gene	ADT	mAOC-CD74	0.795775850208032	0.795775850208032	NA	ok	
Standardpcaclusters	8	2101	mAOC0583	mAOC-CD74	gene	ADT	mAOC-CD74	0.944242850666422	0.944242850666422	NA	ok	
Standardpcaclusters	9	440	mAOC0583	mAOC-CD74	gene	ADT	mAOC-CD74	0.250060477251825	0.250060477251825	NA	ok	
Standardpcaclusters	10	1898	mAOC0583	mAOC-CD74	gene	ADT	mAOC-CD74	0.315506713639025	0.315506713639025	NA	ok	
Standardpcaclusters	11	346	mAOC0583	mAOC-CD74	gene	ADT	mAOC-CD74	0.293865223459069	0.293865223459069	NA	ok	
Standardpcaclusters	12	135	mAOC0583	mAOC-CD74	gene	ADT	mAOC-CD74	0.244304802046121	0.244304802046121	NA	ok	
Standardpcaclusters	13	1222	mAOC0583	mAOC-CD74	gene	ADT	mAOC-CD74	0.301500222409923	0.301500222409923	NA	ok	
Standardpcaclusters	14	84	mAOC0583	mAOC-CD74	gene	ADT	mAOC-CD74	0.103393064145665	0.103393064145665	NA	ok	
Standardpcaclusters	15	195	mAOC0583	mAOC-CD74	gene	ADT	mAOC-CD74	1.13527991881248	1.13527991881248	NA	ok	
Standardpcaclusters	1	116	mAOC0584	mAOC-CD116	gene	ADT	mAOC-CD116	0.382427766227591	0.382427766227591	NA	ok	
Standardpcaclusters	2	652	mAOC0584	mAOC-CD116	gene	ADT	mAOC-CD116	0.139076693693882	0.139076693693882	NA	ok	
Standardpcaclusters	3	2689	mAOC0584	mAOC-CD116	gene	ADT	mAOC-CD116	0.125820321823367	0.125820321823367	NA	ok	
Standardpcaclusters	4	506	mAOC0584	mAOC-CD116	gene	ADT	mAOC-CD116	0.800351126084645	0.800351126084645	NA	ok	
Standardpcaclusters	5	690	mAOC0584	mAOC-CD116	gene	ADT	mAOC-CD116	0.113488836875148	0.113488836875148	NA	ok	
Standardpcaclusters	6	663	mAOC0584	mAOC-CD116	gene	ADT	mAOC-CD116	0.217343700785497	0.217343700785497	NA	ok	
Standardpcaclusters	7	1552	mAOC0584	mAOC-CD116	gene	ADT	mAOC-CD116	0.165714754809447	0.165714754809447	NA	ok	
Standardpcaclusters	8	2101	mAOC0584	mAOC-CD116	gene	ADT	mAOC-CD116	0.115798903231273	0.115798903231273	NA	ok	
Standardpcaclusters	9	440	mAOC0584	mAOC-CD116	gene	ADT	mAOC-CD116	0.12564849355145	0.12564849355145	NA	ok	
Standardpcaclusters	10	1898	mAOC0584	mAOC-CD116	gene	ADT	mAOC-CD116	0.098765567479324	0.098765567479324	NA	ok	
Standardpcaclusters	11	346	mAOC0584	mAOC-CD116	gene	ADT	mAOC-CD116	0.0674110396378087	0.0674110396378087	NA	ok	
Standardpcaclusters	12	135	mAOC0584	mAOC-CD116	gene	ADT	mAOC-CD116	0.17784165599474	0.17784165599474	NA	ok	
Standardpcaclusters	13	1222	mAOC0584	mAOC-CD116	gene	ADT	mAOC-CD116	0.292642595789523	0.292642595789523	NA	ok	
Standardpcaclusters	14	84	mAOC0584	mAOC-CD116	gene	ADT	mAOC-CD116	0.270982235948141	0.270982235948141	NA	ok	
Standardpcaclusters	15	195	mAOC0584	mAOC-CD116	gene	ADT	mAOC-CD116	2.93831365308018	2.93831365308018	NA	ok	
Standardpcaclusters	1	116	mAOC0585	mAOC-FCER1A	gene	ADT	mAOC-FCER1A	0.146606416005356	0.146606416005356	NA	ok	
Standardpcaclusters	2	652	mAOC0585	mAOC-FCER1A	gene	ADT	mAOC-FCER1A	0.0265209763731451	0.0265209763731451	NA	ok	
Standardpcaclusters	3	2689	mAOC0585	mAOC-FCER1A	gene	ADT	mAOC-FCER1A	0.0115257628249317	0.0115257628249317	NA	ok	
Standardpcaclusters	4	506	mAOC0585	mAOC-FCER1A	gene	ADT	mAOC-FCER1A	0.0157628860575459	0.0157628860575459	NA	ok	
Standardpcaclusters	5	690	mAOC0585	mAOC-FCER1A	gene	ADT	mAOC-FCER1A	0.0159176886977649	0.0159176886977649	NA	ok	
Standardpcaclusters	6	663	mAOC0585	mAOC-FCER1A	gene	ADT	mAOC-FCER1A	0.0166586198890372	0.0166586198890372	NA	ok	
Standardpcaclusters	7	1552	mAOC0585	mAOC-FCER1A	gene	ADT	mAOC-FCER1A	0.00789987760117084	0.00789987760117084	NA	ok	
Standardpcaclusters	8	2101	mAOC0585	mAOC-FCER1A	gene	ADT	mAOC-FCER1A	0.013766081959438	0.013766081959438	NA	ok	
Standardpcaclusters	9	440	mAOC0585	mAOC-FCER1A	gene	ADT	mAOC-FCER1A	0.0135007132386801	0.0135007132386801	NA	ok	
Standardpcaclusters	10	1898	mAOC0585	mAOC-FCER1A	gene	ADT	mAOC-FCER1A	0.0190342765630344	0.0190342765630344	NA	ok	
Standardpcaclusters	11	346	mAOC0585	mAOC-FCER1A	gene	ADT	mAOC-FCER1A	0.00427798766051074	0.00427798766051074	NA	ok	
Standardpcaclusters	12	135	mAOC0585	mAOC-FCER1A	gene	ADT	mAOC-FCER1A	0.058317884656489	0.058317884656489	NA	ok	
Standardpcaclusters	13	1222	mAOC0585	mAOC-FCER1A	gene	ADT	mAOC-FCER1A	0.0688268209364239	0.0688268209364239	NA	ok	
Standardpcaclusters	14	84	mAOC0585	mAOC-FCER1A	gene	ADT	mAOC-FCER1A	0.134543200535563	0.134543200535563	NA	ok	
Standardpcaclusters	15	195	mAOC0585	mAOC-FCER1A	gene	ADT	mAOC-FCER1A	0.0595464106306136	0.0595464106306136	NA	ok	
Standardpcaclusters	1	116	mAOC0586	mAOC-CD50	gene	ADT	mAOC-CD50	0.132876602810056	0.132876602810056	NA	ok	
Standardpcaclusters	2	652	mAOC0586	mAOC-CD50	gene	ADT	mAOC-CD50	0.0202146648657087	0.0202146648657087	NA	ok	
Standardpcaclusters	3	2689	mAOC0586	mAOC-CD50	gene	ADT	mAOC-CD50	0.00805798638970204	0.00805798638970204	NA	ok	
Standardpcaclusters	4	506	mAOC0586	mAOC-CD50	gene	ADT	mAOC-CD50	0.018858985627874	0.018858985627874	NA	ok	
Standardpcaclusters	5	690	mAOC0586	mAOC-CD50	gene	ADT	mAOC-CD50	0.0101305785231451	0.0101305785231451	NA	ok	
Standardpcaclusters	6	663	mAOC0586	mAOC-CD50	gene	ADT	mAOC-CD50	0.0152706155082724	0.0152706155082724	NA	ok	
Standardpcaclusters	7	1552	mAOC0586	mAOC-CD50	gene	ADT	mAOC-CD50	0.00508080291374571	0.00508080291374571	NA	ok	
Standardpcaclusters	8	2101	mAOC0586	mAOC-CD50	gene	ADT	mAOC-CD50	0.0123425169120583	0.0123425169120583	NA	ok	
Standardpcaclusters	9	440	mAOC0586	mAOC-CD50	gene	ADT	mAOC-CD50	0.014644466876755	0.014644466876755	NA	ok	
Standardpcaclusters	10	1898	mAOC0586	mAOC-CD50	gene	ADT	mAOC-CD50	0.0185903695026069	0.0185903695026069	NA	ok	
Standardpcaclusters	11	346	mAOC0586	mAOC-CD50	gene	ADT	mAOC-CD50	0.0027917546119855	0.0027917546119855	NA	ok	
Standardpcaclusters	12	135	mAOC0586	mAOC-CD50	gene	ADT	mAOC-CD50	0.0520317788378022	0.0520317788378022	NA	ok	
Standardpcaclusters	13	1222	mAOC0586	mAOC-CD50	gene	ADT	mAOC-CD50	0.0588739125725248	0.0588739125725248	NA	ok	
Standardpcaclusters	14	84	mAOC0586	mAOC-CD50	gene	ADT	mAOC-CD50	0.154905116235137	0.154905116235137	NA	ok	
Standardpcaclusters	15	195	mAOC0586	mAOC-CD50	gene	ADT	mAOC-CD50	0.0269156194985004	0.0269156194985004	NA	ok	
Standardpcaclusters	1	116	mAOC0587	mAOC-CD210b	gene	ADT	mAOC-CD210b	0.184103200936326	0.184103200936326	NA	ok	
Standardpcaclusters	2	652	mAOC0587	mAOC-CD210b	gene	ADT	mAOC-CD210b	0.0429139238555282	0.0429139238555282	NA	ok	
Standardpcaclusters	3	2689	mAOC0587	mAOC-CD210b	gene	ADT	mAOC-CD210b	0.0158878669173854	0.0158878669173854	NA	ok	
Standardpcaclusters	4	506	mAOC0587	mAOC-CD210b	gene	ADT	mAOC-CD210b	0.0197790437823799	0.0197790437823799	NA	ok	
Standardpcaclusters	5	690	mAOC0587	mAOC-CD210b	gene	ADT	mAOC-CD210b	0.0198929494695134	0.0198929494695134	NA	ok	
Standardpcaclusters	6	663	mAOC0587	mAOC-CD210b	gene	ADT	mAOC-CD210b	0.0287459525941032	0.0287459525941032	NA	ok	
Standardpcaclusters	7	1552	mAOC0587	mAOC-CD210b	gene	ADT	mAOC-CD210b	0.0149452075680785	0.0149452075680785	NA	ok	
Standardpcaclusters	8	2101	mAOC0587	mAOC-CD210b	gene	ADT	mAOC-CD210b	0.0161516260617743	0.0161516260617743	NA	ok	
Standardpcaclusters	9	440	mAOC0587	mAOC-CD210b	gene	ADT	mAOC-CD210b	0.0133799951603262	0.0133799951603262	NA	ok	
Standardpcaclusters	10	1898	mAOC0587	mAOC-CD210b	gene	ADT	mAOC-CD210b	0.0235966417990925	0.0235966417990925	NA	ok	
Standardpcaclusters	11	346	mAOC0587	mAOC-CD210b	gene	ADT	mAOC-CD210b	0.00705860511641083	0.00705860511641083	NA	ok	
Standardpcaclusters	12	135	mAOC0587	mAOC-CD210b	gene	ADT	mAOC-CD210b	0.10329431005965	0.10329431005965	NA	ok	
Standardpcaclusters	13	1222	mAOC0587	mAOC-CD210b	gene	ADT	mAOC-CD210b	0.0799955378153006	0.0799955378153006	NA	ok	
Standardpcaclusters	14	84	mAOC0587	mAOC-CD210b	gene	ADT	mAOC-CD210b	0.114084724183534	0.114084724183534	NA	ok	
Standardpcaclusters	15	195	mAOC0587	mAOC-CD210b	gene	ADT	mAOC-CD210b	0.077962041670924	0.077962041670924	NA	ok	
Standardpcaclusters	1	116	mAOC0588	mAOC-CD218a	gene	ADT	mAOC-CD218a	0.171374131864053	0.171374131864053	NA	ok	
Standardpcaclusters	2	652	mAOC0588	mAOC-CD218a	gene	ADT	mAOC-CD218a	0.0325073877088784	0.0325073877088784	NA	ok	
Standardpcaclusters	3	2689	mAOC0588	mAOC-CD218a	gene	ADT	mAOC-CD218a	0.0229715560327624	0.0229715560327624	NA	ok	
Standardpcaclusters	4	506	mAOC0588	mAOC-CD218a	gene	ADT	mAOC-CD218a	0.027557185318735	0.027557185318735	NA	ok	
Standardpcaclusters	5	690	mAOC0588	mAOC-CD218a	gene	ADT	mAOC-CD218a	0.0312895214603131	0.0312895214603131	NA	ok	
Standardpcaclusters	6	663	mAOC0588	mAOC-CD218a	gene	ADT	mAOC-CD218a	0.0339133492079396	0.0339133492079396	NA	ok	
Standardpcaclusters	7	1552	mAOC0588	mAOC-CD218a	gene	ADT	mAOC-CD218a	0.0320617402211623	0.0320617402211623	NA	ok	
Standardpcaclusters	8	2101	mAOC0588	mAOC-CD218a	gene	ADT	mAOC-CD218a	0.0249538299544472	0.0249538299544472	NA	ok	
Standardpcaclusters	9	440	mAOC0588	mAOC-CD218a	gene	ADT	mAOC-CD218a	0.018532774665019	0.018532774665019	NA	ok	
Standardpcaclusters	10	1898	mAOC0588	mAOC-CD218a	gene	ADT	mAOC-CD218a	0.0255773639171939	0.0255773639171939	NA	ok	
Standardpcaclusters	11	346	mAOC0588	mAOC-CD218a	gene	ADT	mAOC-CD218a	0.0133854325338359	0.0133854325338359	NA	ok	
Standardpcaclusters	12	135	mAOC0588	mAOC-CD218a	gene	ADT	mAOC-CD218a	0.145037136782315	0.145037136782315	NA	ok	
Standardpcaclusters	13	1222	mAOC0588	mAOC-CD218a	gene	ADT	mAOC-CD218a	0.153213958140151	0.153213958140151	NA	ok	
Standardpcaclusters	14	84	mAOC0588	mAOC-CD218a	gene	ADT	mAOC-CD218a	0.128513478106461	0.128513478106461	NA	ok	
Standardpcaclusters	15	195	mAOC0588	mAOC-CD218a	gene	ADT	mAOC-CD218a	0.0579708198619792	0.0579708198619792	NA	ok	
Standardpcaclusters	1	116	mAOC0589	mAOC-IL1RAP	gene	ADT	mAOC-IL1RAP	0.0650199190896027	0.0650199190896027	NA	ok	
Standardpcaclusters	2	652	mAOC0589	mAOC-IL1RAP	gene	ADT	mAOC-IL1RAP	0.0128426089353371	0.0128426089353371	NA	ok	
Standardpcaclusters	3	2689	mAOC0589	mAOC-IL1RAP	gene	ADT	mAOC-IL1RAP	0.00469379055569462	0.00469379055569462	NA	ok	
Standardpcaclusters	4	506	mAOC0589	mAOC-IL1RAP	gene	ADT	mAOC-IL1RAP	0.00515969282466249	0.00515969282466249	NA	ok	
Standardpcaclusters	5	690	mAOC0589	mAOC-IL1RAP	gene	ADT	mAOC-IL1RAP	0.0100915468126672	0.0100915468126672	NA	ok	
Standardpcaclusters	6	663	mAOC0589	mAOC-IL1RAP	gene	ADT	mAOC-IL1RAP	0.0119282865545015	0.0119282865545015	NA	ok	
Standardpcaclusters	7	1552	mAOC0589	mAOC-IL1RAP	gene	ADT	mAOC-IL1RAP	0.00309757975577129	0.00309757975577129	NA	ok	
Standardpcaclusters	8	2101	mAOC0589	mAOC-IL1RAP	gene	ADT	mAOC-IL1RAP	0.00557914342225187	0.00557914342225187	NA	ok	
Standardpcaclusters	9	440	mAOC0589	mAOC-IL1RAP	gene	ADT	mAOC-IL1RAP	0.00825414556407999	0.00825414556407999	NA	ok	
Standardpcaclusters	10	1898	mAOC0589	mAOC-IL1RAP	gene	ADT	mAOC-IL1RAP	0.00867704196798764	0.00867704196798764	NA	ok	
Standardpcaclusters	11	346	mAOC0589	mAOC-IL1RAP	gene	ADT	mAOC-IL1RAP	0.00299998553693493	0.00299998553693493	NA	ok	
Standardpcaclusters	12	135	mAOC0589	mAOC-IL1RAP	gene	ADT	mAOC-IL1RAP	0.043074902790709	0.043074902790709	NA	ok	
Standardpcaclusters	13	1222	mAOC0589	mAOC-IL1RAP	gene	ADT	mAOC-IL1RAP	0.0390489368074419	0.0390489368074419	NA	ok	
Standardpcaclusters	14	84	mAOC0589	mAOC-IL1RAP	gene	ADT	mAOC-IL1RAP	0.111972064299358	0.111972064299358	NA	ok	
Standardpcaclusters	15	195	mAOC0589	mAOC-IL1RAP	gene	ADT	mAOC-IL1RAP	0.273602431088548	0.273602431088548	NA	ok	
Standardpcaclusters	1	116	mAOC0590	mAOC-CD360	gene	ADT	mAOC-CD360	0.179219882795229	0.179219882795229	NA	ok	
Standardpcaclusters	2	652	mAOC0590	mAOC-CD360	gene	ADT	mAOC-CD360	0.0499276319598577	0.0499276319598577	NA	ok	
Standardpcaclusters	3	2689	mAOC0590	mAOC-CD360	gene	ADT	mAOC-CD360	0.0127444542318573	0.0127444542318573	NA	ok	
Standardpcaclusters	4	506	mAOC0590	mAOC-CD360	gene	ADT	mAOC-CD360	0.0241908385397443	0.0241908385397443	NA	ok	
Standardpcaclusters	5	690	mAOC0590	mAOC-CD360	gene	ADT	mAOC-CD360	0.0235872096383651	0.0235872096383651	NA	ok	
Standardpcaclusters	6	663	mAOC0590	mAOC-CD360	gene	ADT	mAOC-CD360	0.0239537094141977	0.0239537094141977	NA	ok	
Standardpcaclusters	7	1552	mAOC0590	mAOC-CD360	gene	ADT	mAOC-CD360	0.0101926044206942	0.0101926044206942	NA	ok	
Standardpcaclusters	8	2101	mAOC0590	mAOC-CD360	gene	ADT	mAOC-CD360	0.0155088018529177	0.0155088018529177	NA	ok	
Standardpcaclusters	9	440	mAOC0590	mAOC-CD360	gene	ADT	mAOC-CD360	0.012191981738872	0.012191981738872	NA	ok	
Standardpcaclusters	10	1898	mAOC0590	mAOC-CD360	gene	ADT	mAOC-CD360	0.0171670546927984	0.0171670546927984	NA	ok	
Standardpcaclusters	11	346	mAOC0590	mAOC-CD360	gene	ADT	mAOC-CD360	0.00640923984381593	0.00640923984381593	NA	ok	
Standardpcaclusters	12	135	mAOC0590	mAOC-CD360	gene	ADT	mAOC-CD360	0.0647324816365218	0.0647324816365218	NA	ok	
Standardpcaclusters	13	1222	mAOC0590	mAOC-CD360	gene	ADT	mAOC-CD360	0.0963518913234731	0.0963518913234731	NA	ok	
Standardpcaclusters	14	84	mAOC0590	mAOC-CD360	gene	ADT	mAOC-CD360	0.181146840862109	0.181146840862109	NA	ok	
Standardpcaclusters	15	195	mAOC0590	mAOC-CD360	gene	ADT	mAOC-CD360	0.686270382361624	0.686270382361624	NA	ok	
Standardpcaclusters	1	116	mAOC0591	mAOC-CD85f	gene	ADT	mAOC-CD85f	0.227234794694572	0.227234794694572	NA	ok	
Standardpcaclusters	2	652	mAOC0591	mAOC-CD85f	gene	ADT	mAOC-CD85f	0.0458001780213486	0.0458001780213486	NA	ok	
Standardpcaclusters	3	2689	mAOC0591	mAOC-CD85f	gene	ADT	mAOC-CD85f	0.0140970343851198	0.0140970343851198	NA	ok	
Standardpcaclusters	4	506	mAOC0591	mAOC-CD85f	gene	ADT	mAOC-CD85f	0.0441385908869599	0.0441385908869599	NA	ok	
Standardpcaclusters	5	690	mAOC0591	mAOC-CD85f	gene	ADT	mAOC-CD85f	0.0190879419753201	0.0190879419753201	NA	ok	
Standardpcaclusters	6	663	mAOC0591	mAOC-CD85f	gene	ADT	mAOC-CD85f	0.0364944031292096	0.0364944031292096	NA	ok	
Standardpcaclusters	7	1552	mAOC0591	mAOC-CD85f	gene	ADT	mAOC-CD85f	0.0159022936226876	0.0159022936226876	NA	ok	
Standardpcaclusters	8	2101	mAOC0591	mAOC-CD85f	gene	ADT	mAOC-CD85f	0.0168873102177586	0.0168873102177586	NA	ok	
Standardpcaclusters	9	440	mAOC0591	mAOC-CD85f	gene	ADT	mAOC-CD85f	0.0185100077360064	0.0185100077360064	NA	ok	
Standardpcaclusters	10	1898	mAOC0591	mAOC-CD85f	gene	ADT	mAOC-CD85f	0.0173309477892952	0.0173309477892952	NA	ok	
Standardpcaclusters	11	346	mAOC0591	mAOC-CD85f	gene	ADT	mAOC-CD85f	0.00636165628866168	0.00636165628866168	NA	ok	
Standardpcaclusters	12	135	mAOC0591	mAOC-CD85f	gene	ADT	mAOC-CD85f	0.108551613082185	0.108551613082185	NA	ok	
Standardpcaclusters	13	1222	mAOC0591	mAOC-CD85f	gene	ADT	mAOC-CD85f	0.10120557362148	0.10120557362148	NA	ok	
Standardpcaclusters	14	84	mAOC0591	mAOC-CD85f	gene	ADT	mAOC-CD85f	0.190559631299403	0.190559631299403	NA	ok	
Standardpcaclusters	15	195	mAOC0591	mAOC-CD85f	gene	ADT	mAOC-CD85f	1.52399215426676	1.52399215426676	NA	ok	
Standardpcaclusters	1	116	mAOC0592	mAOC-CD85a	gene	ADT	mAOC-CD85a	0.151638326495321	0.151638326495321	NA	ok	
Standardpcaclusters	2	652	mAOC0592	mAOC-CD85a	gene	ADT	mAOC-CD85a	0.0317088475582185	0.0317088475582185	NA	ok	
Standardpcaclusters	3	2689	mAOC0592	mAOC-CD85a	gene	ADT	mAOC-CD85a	0.00988891506141055	0.00988891506141055	NA	ok	
Standardpcaclusters	4	506	mAOC0592	mAOC-CD85a	gene	ADT	mAOC-CD85a	0.0466883488529129	0.0466883488529129	NA	ok	
Standardpcaclusters	5	690	mAOC0592	mAOC-CD85a	gene	ADT	mAOC-CD85a	0.0184576429388921	0.0184576429388921	NA	ok	
Standardpcaclusters	6	663	mAOC0592	mAOC-CD85a	gene	ADT	mAOC-CD85a	0.0265465461271027	0.0265465461271027	NA	ok	
Standardpcaclusters	7	1552	mAOC0592	mAOC-CD85a	gene	ADT	mAOC-CD85a	0.00942396348543379	0.00942396348543379	NA	ok	
Standardpcaclusters	8	2101	mAOC0592	mAOC-CD85a	gene	ADT	mAOC-CD85a	0.0118675380702465	0.0118675380702465	NA	ok	
Standardpcaclusters	9	440	mAOC0592	mAOC-CD85a	gene	ADT	mAOC-CD85a	0.0211318092068903	0.0211318092068903	NA	ok	
Standardpcaclusters	10	1898	mAOC0592	mAOC-CD85a	gene	ADT	mAOC-CD85a	0.0151638632042338	0.0151638632042338	NA	ok	
Standardpcaclusters	11	346	mAOC0592	mAOC-CD85a	gene	ADT	mAOC-CD85a	0.0108789140002986	0.0108789140002986	NA	ok	
Standardpcaclusters	12	135	mAOC0592	mAOC-CD85a	gene	ADT	mAOC-CD85a	0.0412718144324748	0.0412718144324748	NA	ok	
Standardpcaclusters	13	1222	mAOC0592	mAOC-CD85a	gene	ADT	mAOC-CD85a	0.0649020917906945	0.0649020917906945	NA	ok	
Standardpcaclusters	14	84	mAOC0592	mAOC-CD85a	gene	ADT	mAOC-CD85a	0.140996021595017	0.140996021595017	NA	ok	
Standardpcaclusters	15	195	mAOC0592	mAOC-CD85a	gene	ADT	mAOC-CD85a	1.53950522309556	1.53950522309556	NA	ok	
Standardpcaclusters	1	116	mAOC0593	mAOC-CD6	gene	ADT	mAOC-CD6	0.535948543237548	0.535948543237548	NA	ok	
Standardpcaclusters	2	652	mAOC0593	mAOC-CD6	gene	ADT	mAOC-CD6	0.0788930289593983	0.0788930289593983	NA	ok	
Standardpcaclusters	3	2689	mAOC0593	mAOC-CD6	gene	ADT	mAOC-CD6	0.0110581689655891	0.0110581689655891	NA	ok	
Standardpcaclusters	4	506	mAOC0593	mAOC-CD6	gene	ADT	mAOC-CD6	0.0127222361120578	0.0127222361120578	NA	ok	
Standardpcaclusters	5	690	mAOC0593	mAOC-CD6	gene	ADT	mAOC-CD6	0.0129588593332073	0.0129588593332073	NA	ok	
Standardpcaclusters	6	663	mAOC0593	mAOC-CD6	gene	ADT	mAOC-CD6	0.0190470466120149	0.0190470466120149	NA	ok	
Standardpcaclusters	7	1552	mAOC0593	mAOC-CD6	gene	ADT	mAOC-CD6	0.00459761537558199	0.00459761537558199	NA	ok	
Standardpcaclusters	8	2101	mAOC0593	mAOC-CD6	gene	ADT	mAOC-CD6	0.0110004216983785	0.0110004216983785	NA	ok	
Standardpcaclusters	9	440	mAOC0593	mAOC-CD6	gene	ADT	mAOC-CD6	0.00911962222972407	0.00911962222972407	NA	ok	
Standardpcaclusters	10	1898	mAOC0593	mAOC-CD6	gene	ADT	mAOC-CD6	0.0111340855801251	0.0111340855801251	NA	ok	
Standardpcaclusters	11	346	mAOC0593	mAOC-CD6	gene	ADT	mAOC-CD6	0.00536476365154851	0.00536476365154851	NA	ok	
Standardpcaclusters	12	135	mAOC0593	mAOC-CD6	gene	ADT	mAOC-CD6	0.0810335217828682	0.0810335217828682	NA	ok	
Standardpcaclusters	13	1222	mAOC0593	mAOC-CD6	gene	ADT	mAOC-CD6	0.0827911182112769	0.0827911182112769	NA	ok	
Standardpcaclusters	14	84	mAOC0593	mAOC-CD6	gene	ADT	mAOC-CD6	0.0663436497406407	0.0663436497406407	NA	ok	
Standardpcaclusters	15	195	mAOC0593	mAOC-CD6	gene	ADT	mAOC-CD6	0.0484086124770231	0.0484086124770231	NA	ok	
Standardpcaclusters	1	116	mAOC0598	mAOC-CD89	gene	ADT	mAOC-CD89	0.516983929187425	0.516983929187425	NA	ok	
Standardpcaclusters	2	652	mAOC0598	mAOC-CD89	gene	ADT	mAOC-CD89	0.217117154675768	0.217117154675768	NA	ok	
Standardpcaclusters	3	2689	mAOC0598	mAOC-CD89	gene	ADT	mAOC-CD89	0.138362138573248	0.138362138573248	NA	ok	
Standardpcaclusters	4	506	mAOC0598	mAOC-CD89	gene	ADT	mAOC-CD89	0.149791568630866	0.149791568630866	NA	ok	
Standardpcaclusters	5	690	mAOC0598	mAOC-CD89	gene	ADT	mAOC-CD89	0.143705296604373	0.143705296604373	NA	ok	
Standardpcaclusters	6	663	mAOC0598	mAOC-CD89	gene	ADT	mAOC-CD89	0.162056804621886	0.162056804621886	NA	ok	
Standardpcaclusters	7	1552	mAOC0598	mAOC-CD89	gene	ADT	mAOC-CD89	0.147664641341293	0.147664641341293	NA	ok	
Standardpcaclusters	8	2101	mAOC0598	mAOC-CD89	gene	ADT	mAOC-CD89	0.121812947816838	0.121812947816838	NA	ok	
Standardpcaclusters	9	440	mAOC0598	mAOC-CD89	gene	ADT	mAOC-CD89	0.159353283730619	0.159353283730619	NA	ok	
Standardpcaclusters	10	1898	mAOC0598	mAOC-CD89	gene	ADT	mAOC-CD89	0.141654803458593	0.141654803458593	NA	ok	
Standardpcaclusters	11	346	mAOC0598	mAOC-CD89	gene	ADT	mAOC-CD89	0.11230885654489	0.11230885654489	NA	ok	
Standardpcaclusters	12	135	mAOC0598	mAOC-CD89	gene	ADT	mAOC-CD89	0.301441667233065	0.301441667233065	NA	ok	
Standardpcaclusters	13	1222	mAOC0598	mAOC-CD89	gene	ADT	mAOC-CD89	0.306388866589015	0.306388866589015	NA	ok	
Standardpcaclusters	14	84	mAOC0598	mAOC-CD89	gene	ADT	mAOC-CD89	0.556237164999836	0.556237164999836	NA	ok	
Standardpcaclusters	15	195	mAOC0598	mAOC-CD89	gene	ADT	mAOC-CD89	0.335692026616422	0.335692026616422	NA	ok	
Standardpcaclusters	1	116	mAOC0599	mAOC-CD23	gene	ADT	mAOC-CD23	0.00863215930278205	0.00863215930278205	NA	ok	
Standardpcaclusters	2	652	mAOC0599	mAOC-CD23	gene	ADT	mAOC-CD23	0.00127926881322207	0.00127926881322207	NA	ok	
Standardpcaclusters	3	2689	mAOC0599	mAOC-CD23	gene	ADT	mAOC-CD23	0.000303928095383744	0.000303928095383744	NA	ok	
Standardpcaclusters	4	506	mAOC0599	mAOC-CD23	gene	ADT	mAOC-CD23	0.00062998012747142	0.00062998012747142	NA	ok	
Standardpcaclusters	5	690	mAOC0599	mAOC-CD23	gene	ADT	mAOC-CD23	0.00104911363961717	0.00104911363961717	NA	ok	
Standardpcaclusters	6	663	mAOC0599	mAOC-CD23	gene	ADT	mAOC-CD23	0.00227467981735616	0.00227467981735616	NA	ok	
Standardpcaclusters	7	1552	mAOC0599	mAOC-CD23	gene	ADT	mAOC-CD23	0	0	NA	ok	
Standardpcaclusters	8	2101	mAOC0599	mAOC-CD23	gene	ADT	mAOC-CD23	0.000696373292323075	0.000696373292323075	NA	ok	
Standardpcaclusters	9	440	mAOC0599	mAOC-CD23	gene	ADT	mAOC-CD23	0.012072744385378	0.012072744385378	NA	ok	
Standardpcaclusters	10	1898	mAOC0599	mAOC-CD23	gene	ADT	mAOC-CD23	0.00239965579686056	0.00239965579686056	NA	ok	
Standardpcaclusters	11	346	mAOC0599	mAOC-CD23	gene	ADT	mAOC-CD23	0.000279527758159566	0.000279527758159566	NA	ok	
Standardpcaclusters	12	135	mAOC0599	mAOC-CD23	gene	ADT	mAOC-CD23	0.0195761250030654	0.0195761250030654	NA	ok	
Standardpcaclusters	13	1222	mAOC0599	mAOC-CD23	gene	ADT	mAOC-CD23	0.00303045079937079	0.00303045079937079	NA	ok	
Standardpcaclusters	14	84	mAOC0599	mAOC-CD23	gene	ADT	mAOC-CD23	0.0350941868632572	0.0350941868632572	NA	ok	
Standardpcaclusters	15	195	mAOC0599	mAOC-CD23	gene	ADT	mAOC-CD23	0.00171402431346593	0.00171402431346593	NA	ok	
Standardpcaclusters	1	116	mAOC0600	mAOC-CD316	gene	ADT	mAOC-CD316	0.251606534190579	0.251606534190579	NA	ok	
Standardpcaclusters	2	652	mAOC0600	mAOC-CD316	gene	ADT	mAOC-CD316	0.0641737222150012	0.0641737222150012	NA	ok	
Standardpcaclusters	3	2689	mAOC0600	mAOC-CD316	gene	ADT	mAOC-CD316	0.0346173677539502	0.0346173677539502	NA	ok	
Standardpcaclusters	4	506	mAOC0600	mAOC-CD316	gene	ADT	mAOC-CD316	0.0384941396726038	0.0384941396726038	NA	ok	
Standardpcaclusters	5	690	mAOC0600	mAOC-CD316	gene	ADT	mAOC-CD316	0.0379215210703001	0.0379215210703001	NA	ok	
Standardpcaclusters	6	663	mAOC0600	mAOC-CD316	gene	ADT	mAOC-CD316	0.0578323312156074	0.0578323312156074	NA	ok	
Standardpcaclusters	7	1552	mAOC0600	mAOC-CD316	gene	ADT	mAOC-CD316	0.0341648634297741	0.0341648634297741	NA	ok	
Standardpcaclusters	8	2101	mAOC0600	mAOC-CD316	gene	ADT	mAOC-CD316	0.0295808172318108	0.0295808172318108	NA	ok	
Standardpcaclusters	9	440	mAOC0600	mAOC-CD316	gene	ADT	mAOC-CD316	0.0365285037780642	0.0365285037780642	NA	ok	
Standardpcaclusters	10	1898	mAOC0600	mAOC-CD316	gene	ADT	mAOC-CD316	0.0412600913851318	0.0412600913851318	NA	ok	
Standardpcaclusters	11	346	mAOC0600	mAOC-CD316	gene	ADT	mAOC-CD316	0.0213044946804003	0.0213044946804003	NA	ok	
Standardpcaclusters	12	135	mAOC0600	mAOC-CD316	gene	ADT	mAOC-CD316	0.108437799308204	0.108437799308204	NA	ok	
Standardpcaclusters	13	1222	mAOC0600	mAOC-CD316	gene	ADT	mAOC-CD316	0.134210005738992	0.134210005738992	NA	ok	
Standardpcaclusters	14	84	mAOC0600	mAOC-CD316	gene	ADT	mAOC-CD316	0.195223648479626	0.195223648479626	NA	ok	
Standardpcaclusters	15	195	mAOC0600	mAOC-CD316	gene	ADT	mAOC-CD316	0.0891378615059957	0.0891378615059957	NA	ok	
Standardpcaclusters	1	116	mAOC0601	mAOC-CD126	gene	ADT	mAOC-CD126	0.285955072310089	0.285955072310089	NA	ok	
Standardpcaclusters	2	652	mAOC0601	mAOC-CD126	gene	ADT	mAOC-CD126	0.0573568438615183	0.0573568438615183	NA	ok	
Standardpcaclusters	3	2689	mAOC0601	mAOC-CD126	gene	ADT	mAOC-CD126	0.449894098068246	0.449894098068246	NA	ok	
Standardpcaclusters	4	506	mAOC0601	mAOC-CD126	gene	ADT	mAOC-CD126	0.615572567337561	0.615572567337561	NA	ok	
Standardpcaclusters	5	690	mAOC0601	mAOC-CD126	gene	ADT	mAOC-CD126	0.214717416643796	0.214717416643796	NA	ok	
Standardpcaclusters	6	663	mAOC0601	mAOC-CD126	gene	ADT	mAOC-CD126	0.477307722475687	0.477307722475687	NA	ok	
Standardpcaclusters	7	1552	mAOC0601	mAOC-CD126	gene	ADT	mAOC-CD126	0.078357861296085	0.078357861296085	NA	ok	
Standardpcaclusters	8	2101	mAOC0601	mAOC-CD126	gene	ADT	mAOC-CD126	0.0306607075549768	0.0306607075549768	NA	ok	
Standardpcaclusters	9	440	mAOC0601	mAOC-CD126	gene	ADT	mAOC-CD126	0.0226566687453698	0.0226566687453698	NA	ok	
Standardpcaclusters	10	1898	mAOC0601	mAOC-CD126	gene	ADT	mAOC-CD126	0.017148245322057	0.017148245322057	NA	ok	
Standardpcaclusters	11	346	mAOC0601	mAOC-CD126	gene	ADT	mAOC-CD126	0.0888944885368561	0.0888944885368561	NA	ok	
Standardpcaclusters	12	135	mAOC0601	mAOC-CD126	gene	ADT	mAOC-CD126	0.11288826665949	0.11288826665949	NA	ok	
Standardpcaclusters	13	1222	mAOC0601	mAOC-CD126	gene	ADT	mAOC-CD126	0.0633067009421109	0.0633067009421109	NA	ok	
Standardpcaclusters	14	84	mAOC0601	mAOC-CD126	gene	ADT	mAOC-CD126	0.125733855653885	0.125733855653885	NA	ok	
Standardpcaclusters	15	195	mAOC0601	mAOC-CD126	gene	ADT	mAOC-CD126	0.342192142151794	0.342192142151794	NA	ok	
Standardpcaclusters	1	116	mAOC0602	mAOC-CD132	gene	ADT	mAOC-CD132	0.209157234132942	0.209157234132942	NA	ok	
Standardpcaclusters	2	652	mAOC0602	mAOC-CD132	gene	ADT	mAOC-CD132	0.0366623178393952	0.0366623178393952	NA	ok	
Standardpcaclusters	3	2689	mAOC0602	mAOC-CD132	gene	ADT	mAOC-CD132	0.365079957529456	0.365079957529456	NA	ok	
Standardpcaclusters	4	506	mAOC0602	mAOC-CD132	gene	ADT	mAOC-CD132	0.243562274969012	0.243562274969012	NA	ok	
Standardpcaclusters	5	690	mAOC0602	mAOC-CD132	gene	ADT	mAOC-CD132	0.0329717414486389	0.0329717414486389	NA	ok	
Standardpcaclusters	6	663	mAOC0602	mAOC-CD132	gene	ADT	mAOC-CD132	0.118604220389585	0.118604220389585	NA	ok	
Standardpcaclusters	7	1552	mAOC0602	mAOC-CD132	gene	ADT	mAOC-CD132	0.0564467099665094	0.0564467099665094	NA	ok	
Standardpcaclusters	8	2101	mAOC0602	mAOC-CD132	gene	ADT	mAOC-CD132	0.0098225135116025	0.0098225135116025	NA	ok	
Standardpcaclusters	9	440	mAOC0602	mAOC-CD132	gene	ADT	mAOC-CD132	0.0137778159055429	0.0137778159055429	NA	ok	
Standardpcaclusters	10	1898	mAOC0602	mAOC-CD132	gene	ADT	mAOC-CD132	0.0124511550750463	0.0124511550750463	NA	ok	
Standardpcaclusters	11	346	mAOC0602	mAOC-CD132	gene	ADT	mAOC-CD132	0.0302619016303404	0.0302619016303404	NA	ok	
Standardpcaclusters	12	135	mAOC0602	mAOC-CD132	gene	ADT	mAOC-CD132	0.0312081026803963	0.0312081026803963	NA	ok	
Standardpcaclusters	13	1222	mAOC0602	mAOC-CD132	gene	ADT	mAOC-CD132	0.0726417621950369	0.0726417621950369	NA	ok	
Standardpcaclusters	14	84	mAOC0602	mAOC-CD132	gene	ADT	mAOC-CD132	0.0616429241170888	0.0616429241170888	NA	ok	
Standardpcaclusters	15	195	mAOC0602	mAOC-CD132	gene	ADT	mAOC-CD132	0.0506055996874974	0.0506055996874974	NA	ok	
Standardpcaclusters	1	116	mAOC0603	mAOC-CD130	gene	ADT	mAOC-CD130	0.268066056945134	0.268066056945134	NA	ok	
Standardpcaclusters	2	652	mAOC0603	mAOC-CD130	gene	ADT	mAOC-CD130	0.0467177624148901	0.0467177624148901	NA	ok	
Standardpcaclusters	3	2689	mAOC0603	mAOC-CD130	gene	ADT	mAOC-CD130	0.0204213820377031	0.0204213820377031	NA	ok	
Standardpcaclusters	4	506	mAOC0603	mAOC-CD130	gene	ADT	mAOC-CD130	0.015676521840795	0.015676521840795	NA	ok	
Standardpcaclusters	5	690	mAOC0603	mAOC-CD130	gene	ADT	mAOC-CD130	0.0329825822566295	0.0329825822566295	NA	ok	
Standardpcaclusters	6	663	mAOC0603	mAOC-CD130	gene	ADT	mAOC-CD130	0.0318833403805722	0.0318833403805722	NA	ok	
Standardpcaclusters	7	1552	mAOC0603	mAOC-CD130	gene	ADT	mAOC-CD130	0.0282555655683485	0.0282555655683485	NA	ok	
Standardpcaclusters	8	2101	mAOC0603	mAOC-CD130	gene	ADT	mAOC-CD130	0.107511792527013	0.107511792527013	NA	ok	
Standardpcaclusters	9	440	mAOC0603	mAOC-CD130	gene	ADT	mAOC-CD130	0.0223129438123446	0.0223129438123446	NA	ok	
Standardpcaclusters	10	1898	mAOC0603	mAOC-CD130	gene	ADT	mAOC-CD130	0.301567770098698	0.301567770098698	NA	ok	
Standardpcaclusters	11	346	mAOC0603	mAOC-CD130	gene	ADT	mAOC-CD130	0.0377720130207761	0.0377720130207761	NA	ok	
Standardpcaclusters	12	135	mAOC0603	mAOC-CD130	gene	ADT	mAOC-CD130	0.0663882393968004	0.0663882393968004	NA	ok	
Standardpcaclusters	13	1222	mAOC0603	mAOC-CD130	gene	ADT	mAOC-CD130	0.0844293925005273	0.0844293925005273	NA	ok	
Standardpcaclusters	14	84	mAOC0603	mAOC-CD130	gene	ADT	mAOC-CD130	1.16018980825019	1.16018980825019	NA	ok	
Standardpcaclusters	15	195	mAOC0603	mAOC-CD130	gene	ADT	mAOC-CD130	0.234260731212596	0.234260731212596	NA	ok	
Standardpcaclusters	1	116	mAOC0604	mAOC-CD127	gene	ADT	mAOC-CD127	0.0574047532489048	0.0574047532489048	NA	ok	
Standardpcaclusters	2	652	mAOC0604	mAOC-CD127	gene	ADT	mAOC-CD127	0.0121802645463201	0.0121802645463201	NA	ok	
Standardpcaclusters	3	2689	mAOC0604	mAOC-CD127	gene	ADT	mAOC-CD127	0.00333661906486943	0.00333661906486943	NA	ok	
Standardpcaclusters	4	506	mAOC0604	mAOC-CD127	gene	ADT	mAOC-CD127	0.00407725383864061	0.00407725383864061	NA	ok	
Standardpcaclusters	5	690	mAOC0604	mAOC-CD127	gene	ADT	mAOC-CD127	0.00833707933766643	0.00833707933766643	NA	ok	
Standardpcaclusters	6	663	mAOC0604	mAOC-CD127	gene	ADT	mAOC-CD127	0.00812046118585118	0.00812046118585118	NA	ok	
Standardpcaclusters	7	1552	mAOC0604	mAOC-CD127	gene	ADT	mAOC-CD127	0.00102813473379159	0.00102813473379159	NA	ok	
Standardpcaclusters	8	2101	mAOC0604	mAOC-CD127	gene	ADT	mAOC-CD127	0.00443670976217726	0.00443670976217726	NA	ok	
Standardpcaclusters	9	440	mAOC0604	mAOC-CD127	gene	ADT	mAOC-CD127	0.00587019380324571	0.00587019380324571	NA	ok	
Standardpcaclusters	10	1898	mAOC0604	mAOC-CD127	gene	ADT	mAOC-CD127	0.00787698076540449	0.00787698076540449	NA	ok	
Standardpcaclusters	11	346	mAOC0604	mAOC-CD127	gene	ADT	mAOC-CD127	0.00192685460019337	0.00192685460019337	NA	ok	
Standardpcaclusters	12	135	mAOC0604	mAOC-CD127	gene	ADT	mAOC-CD127	0.0282823957272487	0.0282823957272487	NA	ok	
Standardpcaclusters	13	1222	mAOC0604	mAOC-CD127	gene	ADT	mAOC-CD127	0.024995153071486	0.024995153071486	NA	ok	
Standardpcaclusters	14	84	mAOC0604	mAOC-CD127	gene	ADT	mAOC-CD127	0.0646527934655074	0.0646527934655074	NA	ok	
Standardpcaclusters	15	195	mAOC0604	mAOC-CD127	gene	ADT	mAOC-CD127	0.0217469790903964	0.0217469790903964	NA	ok	
Standardpcaclusters	1	116	mAOC0605	mAOC-CD158k	gene	ADT	mAOC-CD158k	0.386416459459082	0.386416459459082	NA	ok	
Standardpcaclusters	2	652	mAOC0605	mAOC-CD158k	gene	ADT	mAOC-CD158k	0.149126586840113	0.149126586840113	NA	ok	
Standardpcaclusters	3	2689	mAOC0605	mAOC-CD158k	gene	ADT	mAOC-CD158k	0.062149652850015	0.062149652850015	NA	ok	
Standardpcaclusters	4	506	mAOC0605	mAOC-CD158k	gene	ADT	mAOC-CD158k	0.0683413000209058	0.0683413000209058	NA	ok	
Standardpcaclusters	5	690	mAOC0605	mAOC-CD158k	gene	ADT	mAOC-CD158k	0.0741536841891397	0.0741536841891397	NA	ok	
Standardpcaclusters	6	663	mAOC0605	mAOC-CD158k	gene	ADT	mAOC-CD158k	0.0724977202312133	0.0724977202312133	NA	ok	
Standardpcaclusters	7	1552	mAOC0605	mAOC-CD158k	gene	ADT	mAOC-CD158k	0.0500615374311247	0.0500615374311247	NA	ok	
Standardpcaclusters	8	2101	mAOC0605	mAOC-CD158k	gene	ADT	mAOC-CD158k	0.0637080482565647	0.0637080482565647	NA	ok	
Standardpcaclusters	9	440	mAOC0605	mAOC-CD158k	gene	ADT	mAOC-CD158k	0.0293245680968517	0.0293245680968517	NA	ok	
Standardpcaclusters	10	1898	mAOC0605	mAOC-CD158k	gene	ADT	mAOC-CD158k	0.047296704552207	0.047296704552207	NA	ok	
Standardpcaclusters	11	346	mAOC0605	mAOC-CD158k	gene	ADT	mAOC-CD158k	0.0174060873421234	0.0174060873421234	NA	ok	
Standardpcaclusters	12	135	mAOC0605	mAOC-CD158k	gene	ADT	mAOC-CD158k	0.174640163654561	0.174640163654561	NA	ok	
Standardpcaclusters	13	1222	mAOC0605	mAOC-CD158k	gene	ADT	mAOC-CD158k	0.153779544295829	0.153779544295829	NA	ok	
Standardpcaclusters	14	84	mAOC0605	mAOC-CD158k	gene	ADT	mAOC-CD158k	0.409495116811816	0.409495116811816	NA	ok	
Standardpcaclusters	15	195	mAOC0605	mAOC-CD158k	gene	ADT	mAOC-CD158k	0.376674940504308	0.376674940504308	NA	ok	
Standardpcaclusters	1	116	mAOC0606	mAOC-CD98	gene	ADT	mAOC-CD98	0.242150911432262	0.242150911432262	NA	ok	
Standardpcaclusters	2	652	mAOC0606	mAOC-CD98	gene	ADT	mAOC-CD98	0.333179713432096	0.333179713432096	NA	ok	
Standardpcaclusters	3	2689	mAOC0606	mAOC-CD98	gene	ADT	mAOC-CD98	1.00617650886022	1.00617650886022	NA	ok	
Standardpcaclusters	4	506	mAOC0606	mAOC-CD98	gene	ADT	mAOC-CD98	0.625894105527218	0.625894105527218	NA	ok	
Standardpcaclusters	5	690	mAOC0606	mAOC-CD98	gene	ADT	mAOC-CD98	0.780978442934107	0.780978442934107	NA	ok	
Standardpcaclusters	6	663	mAOC0606	mAOC-CD98	gene	ADT	mAOC-CD98	1.21724409840432	1.21724409840432	NA	ok	
Standardpcaclusters	7	1552	mAOC0606	mAOC-CD98	gene	ADT	mAOC-CD98	1.00469153775714	1.00469153775714	NA	ok	
Standardpcaclusters	8	2101	mAOC0606	mAOC-CD98	gene	ADT	mAOC-CD98	0.732457825546602	0.732457825546602	NA	ok	
Standardpcaclusters	9	440	mAOC0606	mAOC-CD98	gene	ADT	mAOC-CD98	1.53087846958975	1.53087846958975	NA	ok	
Standardpcaclusters	10	1898	mAOC0606	mAOC-CD98	gene	ADT	mAOC-CD98	1.15318128461004	1.15318128461004	NA	ok	
Standardpcaclusters	11	346	mAOC0606	mAOC-CD98	gene	ADT	mAOC-CD98	1.486731920132	1.486731920132	NA	ok	
Standardpcaclusters	12	135	mAOC0606	mAOC-CD98	gene	ADT	mAOC-CD98	0.899354636265336	0.899354636265336	NA	ok	
Standardpcaclusters	13	1222	mAOC0606	mAOC-CD98	gene	ADT	mAOC-CD98	0.193586276037889	0.193586276037889	NA	ok	
Standardpcaclusters	14	84	mAOC0606	mAOC-CD98	gene	ADT	mAOC-CD98	1.47253218978815	1.47253218978815	NA	ok	
Standardpcaclusters	15	195	mAOC0606	mAOC-CD98	gene	ADT	mAOC-CD98	0.805720606408038	0.805720606408038	NA	ok	
Standardpcaclusters	1	116	mAOC0607	mAOC-TGFBR2	gene	ADT	mAOC-TGFBR2	0.201752696297542	0.201752696297542	NA	ok	
Standardpcaclusters	2	652	mAOC0607	mAOC-TGFBR2	gene	ADT	mAOC-TGFBR2	0.0537671761049594	0.0537671761049594	NA	ok	
Standardpcaclusters	3	2689	mAOC0607	mAOC-TGFBR2	gene	ADT	mAOC-TGFBR2	0.0263681589248542	0.0263681589248542	NA	ok	
Standardpcaclusters	4	506	mAOC0607	mAOC-TGFBR2	gene	ADT	mAOC-TGFBR2	0.0329100802933763	0.0329100802933763	NA	ok	
Standardpcaclusters	5	690	mAOC0607	mAOC-TGFBR2	gene	ADT	mAOC-TGFBR2	0.0327502267145874	0.0327502267145874	NA	ok	
Standardpcaclusters	6	663	mAOC0607	mAOC-TGFBR2	gene	ADT	mAOC-TGFBR2	0.0434487928317498	0.0434487928317498	NA	ok	
Standardpcaclusters	7	1552	mAOC0607	mAOC-TGFBR2	gene	ADT	mAOC-TGFBR2	0.0298515504782948	0.0298515504782948	NA	ok	
Standardpcaclusters	8	2101	mAOC0607	mAOC-TGFBR2	gene	ADT	mAOC-TGFBR2	0.0277062767559479	0.0277062767559479	NA	ok	
Standardpcaclusters	9	440	mAOC0607	mAOC-TGFBR2	gene	ADT	mAOC-TGFBR2	0.0177849385702143	0.0177849385702143	NA	ok	
Standardpcaclusters	10	1898	mAOC0607	mAOC-TGFBR2	gene	ADT	mAOC-TGFBR2	0.0281744135947092	0.0281744135947092	NA	ok	
Standardpcaclusters	11	346	mAOC0607	mAOC-TGFBR2	gene	ADT	mAOC-TGFBR2	0.0122528209923893	0.0122528209923893	NA	ok	
Standardpcaclusters	12	135	mAOC0607	mAOC-TGFBR2	gene	ADT	mAOC-TGFBR2	0.08092034902242	0.08092034902242	NA	ok	
Standardpcaclusters	13	1222	mAOC0607	mAOC-TGFBR2	gene	ADT	mAOC-TGFBR2	0.119961988876492	0.119961988876492	NA	ok	
Standardpcaclusters	14	84	mAOC0607	mAOC-TGFBR2	gene	ADT	mAOC-TGFBR2	0.151454432304176	0.151454432304176	NA	ok	
Standardpcaclusters	15	195	mAOC0607	mAOC-TGFBR2	gene	ADT	mAOC-TGFBR2	0.0767370240510086	0.0767370240510086	NA	ok	
Standardpcaclusters	1	116	mAOC0608	mAOC-CDH8	gene	ADT	mAOC-CDH8	0.244597797597543	0.244597797597543	NA	ok	
Standardpcaclusters	2	652	mAOC0608	mAOC-CDH8	gene	ADT	mAOC-CDH8	0.0527355397477234	0.0527355397477234	NA	ok	
Standardpcaclusters	3	2689	mAOC0608	mAOC-CDH8	gene	ADT	mAOC-CDH8	0.0154518398000954	0.0154518398000954	NA	ok	
Standardpcaclusters	4	506	mAOC0608	mAOC-CDH8	gene	ADT	mAOC-CDH8	0.0266317199290776	0.0266317199290776	NA	ok	
Standardpcaclusters	5	690	mAOC0608	mAOC-CDH8	gene	ADT	mAOC-CDH8	0.0136390569673458	0.0136390569673458	NA	ok	
Standardpcaclusters	6	663	mAOC0608	mAOC-CDH8	gene	ADT	mAOC-CDH8	0.0290081362239026	0.0290081362239026	NA	ok	
Standardpcaclusters	7	1552	mAOC0608	mAOC-CDH8	gene	ADT	mAOC-CDH8	0.00736603210992195	0.00736603210992195	NA	ok	
Standardpcaclusters	8	2101	mAOC0608	mAOC-CDH8	gene	ADT	mAOC-CDH8	0.0138809887121544	0.0138809887121544	NA	ok	
Standardpcaclusters	9	440	mAOC0608	mAOC-CDH8	gene	ADT	mAOC-CDH8	0.0128488656402452	0.0128488656402452	NA	ok	
Standardpcaclusters	10	1898	mAOC0608	mAOC-CDH8	gene	ADT	mAOC-CDH8	0.0178088696535812	0.0178088696535812	NA	ok	
Standardpcaclusters	11	346	mAOC0608	mAOC-CDH8	gene	ADT	mAOC-CDH8	0.00679969914142605	0.00679969914142605	NA	ok	
Standardpcaclusters	12	135	mAOC0608	mAOC-CDH8	gene	ADT	mAOC-CDH8	0.0631861058841489	0.0631861058841489	NA	ok	
Standardpcaclusters	13	1222	mAOC0608	mAOC-CDH8	gene	ADT	mAOC-CDH8	0.0659344720711523	0.0659344720711523	NA	ok	
Standardpcaclusters	14	84	mAOC0608	mAOC-CDH8	gene	ADT	mAOC-CDH8	0.183206000624589	0.183206000624589	NA	ok	
Standardpcaclusters	15	195	mAOC0608	mAOC-CDH8	gene	ADT	mAOC-CDH8	0.249671605385576	0.249671605385576	NA	ok	
Standardpcaclusters	1	116	mAOC0610	mAOC-CD334	gene	ADT	mAOC-CD334	0.22722661513294	0.22722661513294	NA	ok	
Standardpcaclusters	2	652	mAOC0610	mAOC-CD334	gene	ADT	mAOC-CD334	0.054811731618143	0.054811731618143	NA	ok	
Standardpcaclusters	3	2689	mAOC0610	mAOC-CD334	gene	ADT	mAOC-CD334	0.0190299471910763	0.0190299471910763	NA	ok	
Standardpcaclusters	4	506	mAOC0610	mAOC-CD334	gene	ADT	mAOC-CD334	0.0411581270985788	0.0411581270985788	NA	ok	
Standardpcaclusters	5	690	mAOC0610	mAOC-CD334	gene	ADT	mAOC-CD334	0.0268498143413488	0.0268498143413488	NA	ok	
Standardpcaclusters	6	663	mAOC0610	mAOC-CD334	gene	ADT	mAOC-CD334	0.0369053436328634	0.0369053436328634	NA	ok	
Standardpcaclusters	7	1552	mAOC0610	mAOC-CD334	gene	ADT	mAOC-CD334	0.0186658008163926	0.0186658008163926	NA	ok	
Standardpcaclusters	8	2101	mAOC0610	mAOC-CD334	gene	ADT	mAOC-CD334	0.0168301341860397	0.0168301341860397	NA	ok	
Standardpcaclusters	9	440	mAOC0610	mAOC-CD334	gene	ADT	mAOC-CD334	0.0142470478269816	0.0142470478269816	NA	ok	
Standardpcaclusters	10	1898	mAOC0610	mAOC-CD334	gene	ADT	mAOC-CD334	0.0214951162268049	0.0214951162268049	NA	ok	
Standardpcaclusters	11	346	mAOC0610	mAOC-CD334	gene	ADT	mAOC-CD334	0.00715575496702997	0.00715575496702997	NA	ok	
Standardpcaclusters	12	135	mAOC0610	mAOC-CD334	gene	ADT	mAOC-CD334	0.0624805389395435	0.0624805389395435	NA	ok	
Standardpcaclusters	13	1222	mAOC0610	mAOC-CD334	gene	ADT	mAOC-CD334	0.107117176338148	0.107117176338148	NA	ok	
Standardpcaclusters	14	84	mAOC0610	mAOC-CD334	gene	ADT	mAOC-CD334	0.332459873181787	0.332459873181787	NA	ok	
Standardpcaclusters	15	195	mAOC0610	mAOC-CD334	gene	ADT	mAOC-CD334	0.767960729090986	0.767960729090986	NA	ok	
Standardpcaclusters	1	116	mAOC0611	mAOC-CD166	gene	ADT	mAOC-CD166	0.318331273903953	0.318331273903953	NA	ok	
Standardpcaclusters	2	652	mAOC0611	mAOC-CD166	gene	ADT	mAOC-CD166	0.110969668094134	0.110969668094134	NA	ok	
Standardpcaclusters	3	2689	mAOC0611	mAOC-CD166	gene	ADT	mAOC-CD166	1.54926936805055	1.54926936805055	NA	ok	
Standardpcaclusters	4	506	mAOC0611	mAOC-CD166	gene	ADT	mAOC-CD166	1.12847376005263	1.12847376005263	NA	ok	
Standardpcaclusters	5	690	mAOC0611	mAOC-CD166	gene	ADT	mAOC-CD166	1.13614389526618	1.13614389526618	NA	ok	
Standardpcaclusters	6	663	mAOC0611	mAOC-CD166	gene	ADT	mAOC-CD166	1.38914698649726	1.38914698649726	NA	ok	
Standardpcaclusters	7	1552	mAOC0611	mAOC-CD166	gene	ADT	mAOC-CD166	1.71818138922831	1.71818138922831	NA	ok	
Standardpcaclusters	8	2101	mAOC0611	mAOC-CD166	gene	ADT	mAOC-CD166	0.800998446925073	0.800998446925073	NA	ok	
Standardpcaclusters	9	440	mAOC0611	mAOC-CD166	gene	ADT	mAOC-CD166	0.479596207337635	0.479596207337635	NA	ok	
Standardpcaclusters	10	1898	mAOC0611	mAOC-CD166	gene	ADT	mAOC-CD166	0.191180304444051	0.191180304444051	NA	ok	
Standardpcaclusters	11	346	mAOC0611	mAOC-CD166	gene	ADT	mAOC-CD166	0.8159386075782	0.8159386075782	NA	ok	
Standardpcaclusters	12	135	mAOC0611	mAOC-CD166	gene	ADT	mAOC-CD166	0.666957129933657	0.666957129933657	NA	ok	
Standardpcaclusters	13	1222	mAOC0611	mAOC-CD166	gene	ADT	mAOC-CD166	1.13866146898055	1.13866146898055	NA	ok	
Standardpcaclusters	14	84	mAOC0611	mAOC-CD166	gene	ADT	mAOC-CD166	0.0520428958958166	0.0520428958958166	NA	ok	
Standardpcaclusters	15	195	mAOC0611	mAOC-CD166	gene	ADT	mAOC-CD166	0.270389847119214	0.270389847119214	NA	ok	
Standardpcaclusters	1	116	mAOC0613	mAOC-CD66a	gene	ADT	mAOC-CD66a	0.299279734755106	0.299279734755106	NA	ok	
Standardpcaclusters	2	652	mAOC0613	mAOC-CD66a	gene	ADT	mAOC-CD66a	0.0988727616498111	0.0988727616498111	NA	ok	
Standardpcaclusters	3	2689	mAOC0613	mAOC-CD66a	gene	ADT	mAOC-CD66a	0.0596173332676692	0.0596173332676692	NA	ok	
Standardpcaclusters	4	506	mAOC0613	mAOC-CD66a	gene	ADT	mAOC-CD66a	0.0688963029279221	0.0688963029279221	NA	ok	
Standardpcaclusters	5	690	mAOC0613	mAOC-CD66a	gene	ADT	mAOC-CD66a	0.0616031916735177	0.0616031916735177	NA	ok	
Standardpcaclusters	6	663	mAOC0613	mAOC-CD66a	gene	ADT	mAOC-CD66a	0.0650626237292753	0.0650626237292753	NA	ok	
Standardpcaclusters	7	1552	mAOC0613	mAOC-CD66a	gene	ADT	mAOC-CD66a	0.0558204271937633	0.0558204271937633	NA	ok	
Standardpcaclusters	8	2101	mAOC0613	mAOC-CD66a	gene	ADT	mAOC-CD66a	0.0626245100844448	0.0626245100844448	NA	ok	
Standardpcaclusters	9	440	mAOC0613	mAOC-CD66a	gene	ADT	mAOC-CD66a	0.052486798304311	0.052486798304311	NA	ok	
Standardpcaclusters	10	1898	mAOC0613	mAOC-CD66a	gene	ADT	mAOC-CD66a	0.056104407201559	0.056104407201559	NA	ok	
Standardpcaclusters	11	346	mAOC0613	mAOC-CD66a	gene	ADT	mAOC-CD66a	0.0421915838810069	0.0421915838810069	NA	ok	
Standardpcaclusters	12	135	mAOC0613	mAOC-CD66a	gene	ADT	mAOC-CD66a	0.185433739151347	0.185433739151347	NA	ok	
Standardpcaclusters	13	1222	mAOC0613	mAOC-CD66a	gene	ADT	mAOC-CD66a	0.185231304356326	0.185231304356326	NA	ok	
Standardpcaclusters	14	84	mAOC0613	mAOC-CD66a	gene	ADT	mAOC-CD66a	0.401646624632642	0.401646624632642	NA	ok	
Standardpcaclusters	15	195	mAOC0613	mAOC-CD66a	gene	ADT	mAOC-CD66a	0.195084052264061	0.195084052264061	NA	ok	
Standardpcaclusters	1	116	mAOC0614	mAOC-F2	gene	ADT	mAOC-F2	0.39640235575989	0.39640235575989	NA	ok	
Standardpcaclusters	2	652	mAOC0614	mAOC-F2	gene	ADT	mAOC-F2	0.110725307834583	0.110725307834583	NA	ok	
Standardpcaclusters	3	2689	mAOC0614	mAOC-F2	gene	ADT	mAOC-F2	0.104916429546557	0.104916429546557	NA	ok	
Standardpcaclusters	4	506	mAOC0614	mAOC-F2	gene	ADT	mAOC-F2	0.11748361718688	0.11748361718688	NA	ok	
Standardpcaclusters	5	690	mAOC0614	mAOC-F2	gene	ADT	mAOC-F2	0.0955076281898338	0.0955076281898338	NA	ok	
Standardpcaclusters	6	663	mAOC0614	mAOC-F2	gene	ADT	mAOC-F2	0.124756254360806	0.124756254360806	NA	ok	
Standardpcaclusters	7	1552	mAOC0614	mAOC-F2	gene	ADT	mAOC-F2	0.133382775077006	0.133382775077006	NA	ok	
Standardpcaclusters	8	2101	mAOC0614	mAOC-F2	gene	ADT	mAOC-F2	0.088156651555192	0.088156651555192	NA	ok	
Standardpcaclusters	9	440	mAOC0614	mAOC-F2	gene	ADT	mAOC-F2	0.125930274243495	0.125930274243495	NA	ok	
Standardpcaclusters	10	1898	mAOC0614	mAOC-F2	gene	ADT	mAOC-F2	0.101193391905239	0.101193391905239	NA	ok	
Standardpcaclusters	11	346	mAOC0614	mAOC-F2	gene	ADT	mAOC-F2	0.0695460805691712	0.0695460805691712	NA	ok	
Standardpcaclusters	12	135	mAOC0614	mAOC-F2	gene	ADT	mAOC-F2	0.176292941639048	0.176292941639048	NA	ok	
Standardpcaclusters	13	1222	mAOC0614	mAOC-F2	gene	ADT	mAOC-F2	0.273966599613681	0.273966599613681	NA	ok	
Standardpcaclusters	14	84	mAOC0614	mAOC-F2	gene	ADT	mAOC-F2	0.304699973255019	0.304699973255019	NA	ok	
Standardpcaclusters	15	195	mAOC0614	mAOC-F2	gene	ADT	mAOC-F2	0.250495366794903	0.250495366794903	NA	ok	
Standardpcaclusters	1	116	mAOC0615	mAOC-SIGIRR	gene	ADT	mAOC-SIGIRR	0.530791423154968	0.530791423154968	NA	ok	
Standardpcaclusters	2	652	mAOC0615	mAOC-SIGIRR	gene	ADT	mAOC-SIGIRR	0.0523739807803842	0.0523739807803842	NA	ok	
Standardpcaclusters	3	2689	mAOC0615	mAOC-SIGIRR	gene	ADT	mAOC-SIGIRR	0.083823093095531	0.083823093095531	NA	ok	
Standardpcaclusters	4	506	mAOC0615	mAOC-SIGIRR	gene	ADT	mAOC-SIGIRR	0.226925866005132	0.226925866005132	NA	ok	
Standardpcaclusters	5	690	mAOC0615	mAOC-SIGIRR	gene	ADT	mAOC-SIGIRR	0.0323699070751063	0.0323699070751063	NA	ok	
Standardpcaclusters	6	663	mAOC0615	mAOC-SIGIRR	gene	ADT	mAOC-SIGIRR	0.0544283880182211	0.0544283880182211	NA	ok	
Standardpcaclusters	7	1552	mAOC0615	mAOC-SIGIRR	gene	ADT	mAOC-SIGIRR	0.0803632756388866	0.0803632756388866	NA	ok	
Standardpcaclusters	8	2101	mAOC0615	mAOC-SIGIRR	gene	ADT	mAOC-SIGIRR	0.0282642940371129	0.0282642940371129	NA	ok	
Standardpcaclusters	9	440	mAOC0615	mAOC-SIGIRR	gene	ADT	mAOC-SIGIRR	0.0294141927582866	0.0294141927582866	NA	ok	
Standardpcaclusters	10	1898	mAOC0615	mAOC-SIGIRR	gene	ADT	mAOC-SIGIRR	0.0215379086638969	0.0215379086638969	NA	ok	
Standardpcaclusters	11	346	mAOC0615	mAOC-SIGIRR	gene	ADT	mAOC-SIGIRR	0.0184325667787591	0.0184325667787591	NA	ok	
Standardpcaclusters	12	135	mAOC0615	mAOC-SIGIRR	gene	ADT	mAOC-SIGIRR	0.239026546801067	0.239026546801067	NA	ok	
Standardpcaclusters	13	1222	mAOC0615	mAOC-SIGIRR	gene	ADT	mAOC-SIGIRR	0.256073744163951	0.256073744163951	NA	ok	
Standardpcaclusters	14	84	mAOC0615	mAOC-SIGIRR	gene	ADT	mAOC-SIGIRR	0.310190328116097	0.310190328116097	NA	ok	
Standardpcaclusters	15	195	mAOC0615	mAOC-SIGIRR	gene	ADT	mAOC-SIGIRR	1.10813964149085	1.10813964149085	NA	ok	
Standardpcaclusters	1	116	mAOC0616	mAOC-CTSS	gene	ADT	mAOC-CTSS	0.080771559808023	0.080771559808023	NA	ok	
Standardpcaclusters	2	652	mAOC0616	mAOC-CTSS	gene	ADT	mAOC-CTSS	0.0158658232350539	0.0158658232350539	NA	ok	
Standardpcaclusters	3	2689	mAOC0616	mAOC-CTSS	gene	ADT	mAOC-CTSS	0.0061852841196405	0.0061852841196405	NA	ok	
Standardpcaclusters	4	506	mAOC0616	mAOC-CTSS	gene	ADT	mAOC-CTSS	0.00823311902727794	0.00823311902727794	NA	ok	
Standardpcaclusters	5	690	mAOC0616	mAOC-CTSS	gene	ADT	mAOC-CTSS	0.00751353924148596	0.00751353924148596	NA	ok	
Standardpcaclusters	6	663	mAOC0616	mAOC-CTSS	gene	ADT	mAOC-CTSS	0.011982631803013	0.011982631803013	NA	ok	
Standardpcaclusters	7	1552	mAOC0616	mAOC-CTSS	gene	ADT	mAOC-CTSS	0.0033740093545591	0.0033740093545591	NA	ok	
Standardpcaclusters	8	2101	mAOC0616	mAOC-CTSS	gene	ADT	mAOC-CTSS	0.00768928507132998	0.00768928507132998	NA	ok	
Standardpcaclusters	9	440	mAOC0616	mAOC-CTSS	gene	ADT	mAOC-CTSS	0.00719687648046392	0.00719687648046392	NA	ok	
Standardpcaclusters	10	1898	mAOC0616	mAOC-CTSS	gene	ADT	mAOC-CTSS	0.00968332780038691	0.00968332780038691	NA	ok	
Standardpcaclusters	11	346	mAOC0616	mAOC-CTSS	gene	ADT	mAOC-CTSS	0.00247429352814239	0.00247429352814239	NA	ok	
Standardpcaclusters	12	135	mAOC0616	mAOC-CTSS	gene	ADT	mAOC-CTSS	0.0240148333560487	0.0240148333560487	NA	ok	
Standardpcaclusters	13	1222	mAOC0616	mAOC-CTSS	gene	ADT	mAOC-CTSS	0.0257993082811158	0.0257993082811158	NA	ok	
Standardpcaclusters	14	84	mAOC0616	mAOC-CTSS	gene	ADT	mAOC-CTSS	0.0763405530723573	0.0763405530723573	NA	ok	
Standardpcaclusters	15	195	mAOC0616	mAOC-CTSS	gene	ADT	mAOC-CTSS	0.0146950389672819	0.0146950389672819	NA	ok	
Standardpcaclusters	1	116	mAOC0617	mAOC-CSF3	gene	ADT	mAOC-CSF3	0.122013228152837	0.122013228152837	NA	ok	
Standardpcaclusters	2	652	mAOC0617	mAOC-CSF3	gene	ADT	mAOC-CSF3	0.0249125814100452	0.0249125814100452	NA	ok	
Standardpcaclusters	3	2689	mAOC0617	mAOC-CSF3	gene	ADT	mAOC-CSF3	0.0202484222344722	0.0202484222344722	NA	ok	
Standardpcaclusters	4	506	mAOC0617	mAOC-CSF3	gene	ADT	mAOC-CSF3	0.0256793614979532	0.0256793614979532	NA	ok	
Standardpcaclusters	5	690	mAOC0617	mAOC-CSF3	gene	ADT	mAOC-CSF3	0.0233369863018405	0.0233369863018405	NA	ok	
Standardpcaclusters	6	663	mAOC0617	mAOC-CSF3	gene	ADT	mAOC-CSF3	0.0249986642846962	0.0249986642846962	NA	ok	
Standardpcaclusters	7	1552	mAOC0617	mAOC-CSF3	gene	ADT	mAOC-CSF3	0.0252283983632227	0.0252283983632227	NA	ok	
Standardpcaclusters	8	2101	mAOC0617	mAOC-CSF3	gene	ADT	mAOC-CSF3	0.0273070316221863	0.0273070316221863	NA	ok	
Standardpcaclusters	9	440	mAOC0617	mAOC-CSF3	gene	ADT	mAOC-CSF3	0.0190343771555954	0.0190343771555954	NA	ok	
Standardpcaclusters	10	1898	mAOC0617	mAOC-CSF3	gene	ADT	mAOC-CSF3	0.0302617980956301	0.0302617980956301	NA	ok	
Standardpcaclusters	11	346	mAOC0617	mAOC-CSF3	gene	ADT	mAOC-CSF3	0.0100091132766502	0.0100091132766502	NA	ok	
Standardpcaclusters	12	135	mAOC0617	mAOC-CSF3	gene	ADT	mAOC-CSF3	0.0771680262241119	0.0771680262241119	NA	ok	
Standardpcaclusters	13	1222	mAOC0617	mAOC-CSF3	gene	ADT	mAOC-CSF3	0.0858936952962907	0.0858936952962907	NA	ok	
Standardpcaclusters	14	84	mAOC0617	mAOC-CSF3	gene	ADT	mAOC-CSF3	0.199725955872277	0.199725955872277	NA	ok	
Standardpcaclusters	15	195	mAOC0617	mAOC-CSF3	gene	ADT	mAOC-CSF3	0.0401834243155625	0.0401834243155625	NA	ok	
Standardpcaclusters	1	116	mAOC0618	mAOC-SORT1	gene	ADT	mAOC-SORT1	1.04224510541401	1.04224510541401	NA	ok	
Standardpcaclusters	2	652	mAOC0618	mAOC-SORT1	gene	ADT	mAOC-SORT1	0.529328144048123	0.529328144048123	NA	ok	
Standardpcaclusters	3	2689	mAOC0618	mAOC-SORT1	gene	ADT	mAOC-SORT1	0.460986656671427	0.460986656671427	NA	ok	
Standardpcaclusters	4	506	mAOC0618	mAOC-SORT1	gene	ADT	mAOC-SORT1	0.588811595185678	0.588811595185678	NA	ok	
Standardpcaclusters	5	690	mAOC0618	mAOC-SORT1	gene	ADT	mAOC-SORT1	0.427756014688259	0.427756014688259	NA	ok	
Standardpcaclusters	6	663	mAOC0618	mAOC-SORT1	gene	ADT	mAOC-SORT1	0.539606072904732	0.539606072904732	NA	ok	
Standardpcaclusters	7	1552	mAOC0618	mAOC-SORT1	gene	ADT	mAOC-SORT1	0.568396686555049	0.568396686555049	NA	ok	
Standardpcaclusters	8	2101	mAOC0618	mAOC-SORT1	gene	ADT	mAOC-SORT1	0.466923134119358	0.466923134119358	NA	ok	
Standardpcaclusters	9	440	mAOC0618	mAOC-SORT1	gene	ADT	mAOC-SORT1	0.548745886879596	0.548745886879596	NA	ok	
Standardpcaclusters	10	1898	mAOC0618	mAOC-SORT1	gene	ADT	mAOC-SORT1	0.524492575156598	0.524492575156598	NA	ok	
Standardpcaclusters	11	346	mAOC0618	mAOC-SORT1	gene	ADT	mAOC-SORT1	0.330543356993426	0.330543356993426	NA	ok	
Standardpcaclusters	12	135	mAOC0618	mAOC-SORT1	gene	ADT	mAOC-SORT1	0.770771903238847	0.770771903238847	NA	ok	
Standardpcaclusters	13	1222	mAOC0618	mAOC-SORT1	gene	ADT	mAOC-SORT1	0.911591317132685	0.911591317132685	NA	ok	
Standardpcaclusters	14	84	mAOC0618	mAOC-SORT1	gene	ADT	mAOC-SORT1	1.70236975044947	1.70236975044947	NA	ok	
Standardpcaclusters	15	195	mAOC0618	mAOC-SORT1	gene	ADT	mAOC-SORT1	1.60467786161533	1.60467786161533	NA	ok	
Standardpcaclusters	1	116	mAOC0619	mAOC-ROR2	gene	ADT	mAOC-ROR2	0.21028040820034	0.21028040820034	NA	ok	
Standardpcaclusters	2	652	mAOC0619	mAOC-ROR2	gene	ADT	mAOC-ROR2	0.045566291238109	0.045566291238109	NA	ok	
Standardpcaclusters	3	2689	mAOC0619	mAOC-ROR2	gene	ADT	mAOC-ROR2	0.0249848106277259	0.0249848106277259	NA	ok	
Standardpcaclusters	4	506	mAOC0619	mAOC-ROR2	gene	ADT	mAOC-ROR2	0.037165113579525	0.037165113579525	NA	ok	
Standardpcaclusters	5	690	mAOC0619	mAOC-ROR2	gene	ADT	mAOC-ROR2	0.0363296435783485	0.0363296435783485	NA	ok	
Standardpcaclusters	6	663	mAOC0619	mAOC-ROR2	gene	ADT	mAOC-ROR2	0.0413712576273548	0.0413712576273548	NA	ok	
Standardpcaclusters	7	1552	mAOC0619	mAOC-ROR2	gene	ADT	mAOC-ROR2	0.0282515332324255	0.0282515332324255	NA	ok	
Standardpcaclusters	8	2101	mAOC0619	mAOC-ROR2	gene	ADT	mAOC-ROR2	0.0248874213797943	0.0248874213797943	NA	ok	
Standardpcaclusters	9	440	mAOC0619	mAOC-ROR2	gene	ADT	mAOC-ROR2	0.0287283882704252	0.0287283882704252	NA	ok	
Standardpcaclusters	10	1898	mAOC0619	mAOC-ROR2	gene	ADT	mAOC-ROR2	0.0337561680991027	0.0337561680991027	NA	ok	
Standardpcaclusters	11	346	mAOC0619	mAOC-ROR2	gene	ADT	mAOC-ROR2	0.0253394254482206	0.0253394254482206	NA	ok	
Standardpcaclusters	12	135	mAOC0619	mAOC-ROR2	gene	ADT	mAOC-ROR2	0.0756550194067062	0.0756550194067062	NA	ok	
Standardpcaclusters	13	1222	mAOC0619	mAOC-ROR2	gene	ADT	mAOC-ROR2	0.105762743929788	0.105762743929788	NA	ok	
Standardpcaclusters	14	84	mAOC0619	mAOC-ROR2	gene	ADT	mAOC-ROR2	0.0996412735072337	0.0996412735072337	NA	ok	
Standardpcaclusters	15	195	mAOC0619	mAOC-ROR2	gene	ADT	mAOC-ROR2	0.0730238873628363	0.0730238873628363	NA	ok	
Standardpcaclusters	1	116	mAOC0629	mAOC-TSPAN8	gene	ADT	mAOC-TSPAN8	0.575787737492025	0.575787737492025	NA	ok	
Standardpcaclusters	2	652	mAOC0629	mAOC-TSPAN8	gene	ADT	mAOC-TSPAN8	0.205835754537071	0.205835754537071	NA	ok	
Standardpcaclusters	3	2689	mAOC0629	mAOC-TSPAN8	gene	ADT	mAOC-TSPAN8	0.21155270673248	0.21155270673248	NA	ok	
Standardpcaclusters	4	506	mAOC0629	mAOC-TSPAN8	gene	ADT	mAOC-TSPAN8	0.214805267793703	0.214805267793703	NA	ok	
Standardpcaclusters	5	690	mAOC0629	mAOC-TSPAN8	gene	ADT	mAOC-TSPAN8	0.176783221072289	0.176783221072289	NA	ok	
Standardpcaclusters	6	663	mAOC0629	mAOC-TSPAN8	gene	ADT	mAOC-TSPAN8	0.214419358406153	0.214419358406153	NA	ok	
Standardpcaclusters	7	1552	mAOC0629	mAOC-TSPAN8	gene	ADT	mAOC-TSPAN8	0.234560401805815	0.234560401805815	NA	ok	
Standardpcaclusters	8	2101	mAOC0629	mAOC-TSPAN8	gene	ADT	mAOC-TSPAN8	0.200107650657482	0.200107650657482	NA	ok	
Standardpcaclusters	9	440	mAOC0629	mAOC-TSPAN8	gene	ADT	mAOC-TSPAN8	0.223225984633414	0.223225984633414	NA	ok	
Standardpcaclusters	10	1898	mAOC0629	mAOC-TSPAN8	gene	ADT	mAOC-TSPAN8	0.184585021114176	0.184585021114176	NA	ok	
Standardpcaclusters	11	346	mAOC0629	mAOC-TSPAN8	gene	ADT	mAOC-TSPAN8	0.150164571182331	0.150164571182331	NA	ok	
Standardpcaclusters	12	135	mAOC0629	mAOC-TSPAN8	gene	ADT	mAOC-TSPAN8	0.354274847591095	0.354274847591095	NA	ok	
Standardpcaclusters	13	1222	mAOC0629	mAOC-TSPAN8	gene	ADT	mAOC-TSPAN8	0.383611755239636	0.383611755239636	NA	ok	
Standardpcaclusters	14	84	mAOC0629	mAOC-TSPAN8	gene	ADT	mAOC-TSPAN8	0.618136336926494	0.618136336926494	NA	ok	
Standardpcaclusters	15	195	mAOC0629	mAOC-TSPAN8	gene	ADT	mAOC-TSPAN8	0.215267289690782	0.215267289690782	NA	ok	
Standardpcaclusters	1	116	mAOC0630	mAOC-CD84	gene	ADT	mAOC-CD84	0	0	NA	ok	
Standardpcaclusters	2	652	mAOC0630	mAOC-CD84	gene	ADT	mAOC-CD84	0.000876639202491821	0.000876639202491821	NA	ok	
Standardpcaclusters	3	2689	mAOC0630	mAOC-CD84	gene	ADT	mAOC-CD84	0	0	NA	ok	
Standardpcaclusters	4	506	mAOC0630	mAOC-CD84	gene	ADT	mAOC-CD84	0	0	NA	ok	
Standardpcaclusters	5	690	mAOC0630	mAOC-CD84	gene	ADT	mAOC-CD84	0	0	NA	ok	
Standardpcaclusters	6	663	mAOC0630	mAOC-CD84	gene	ADT	mAOC-CD84	0	0	NA	ok	
Standardpcaclusters	7	1552	mAOC0630	mAOC-CD84	gene	ADT	mAOC-CD84	0	0	NA	ok	
Standardpcaclusters	8	2101	mAOC0630	mAOC-CD84	gene	ADT	mAOC-CD84	0	0	NA	ok	
Standardpcaclusters	9	440	mAOC0630	mAOC-CD84	gene	ADT	mAOC-CD84	0	0	NA	ok	
Standardpcaclusters	10	1898	mAOC0630	mAOC-CD84	gene	ADT	mAOC-CD84	0	0	NA	ok	
Standardpcaclusters	11	346	mAOC0630	mAOC-CD84	gene	ADT	mAOC-CD84	0	0	NA	ok	
Standardpcaclusters	12	135	mAOC0630	mAOC-CD84	gene	ADT	mAOC-CD84	0	0	NA	ok	
Standardpcaclusters	13	1222	mAOC0630	mAOC-CD84	gene	ADT	mAOC-CD84	0	0	NA	ok	
Standardpcaclusters	14	84	mAOC0630	mAOC-CD84	gene	ADT	mAOC-CD84	0.00753522281062386	0.00753522281062386	NA	ok	
Standardpcaclusters	15	195	mAOC0630	mAOC-CD84	gene	ADT	mAOC-CD84	9.80543499511404e-05	9.80543499511404e-05	NA	ok	
Standardpcaclusters	1	116	mAOC363	mAOC-CD47	gene	ADT	mAOC-CD47	0.271928363120123	0.271928363120123	NA	ok	
Standardpcaclusters	2	652	mAOC363	mAOC-CD47	gene	ADT	mAOC-CD47	0.0848888846865492	0.0848888846865492	NA	ok	
Standardpcaclusters	3	2689	mAOC363	mAOC-CD47	gene	ADT	mAOC-CD47	0.0458712338284246	0.0458712338284246	NA	ok	
Standardpcaclusters	4	506	mAOC363	mAOC-CD47	gene	ADT	mAOC-CD47	0.131021514549807	0.131021514549807	NA	ok	
Standardpcaclusters	5	690	mAOC363	mAOC-CD47	gene	ADT	mAOC-CD47	0.0197599690095054	0.0197599690095054	NA	ok	
Standardpcaclusters	6	663	mAOC363	mAOC-CD47	gene	ADT	mAOC-CD47	0.0275822088257236	0.0275822088257236	NA	ok	
Standardpcaclusters	7	1552	mAOC363	mAOC-CD47	gene	ADT	mAOC-CD47	0.0313369035948134	0.0313369035948134	NA	ok	
Standardpcaclusters	8	2101	mAOC363	mAOC-CD47	gene	ADT	mAOC-CD47	0.0183071599100508	0.0183071599100508	NA	ok	
Standardpcaclusters	9	440	mAOC363	mAOC-CD47	gene	ADT	mAOC-CD47	0.00596610120332879	0.00596610120332879	NA	ok	
Standardpcaclusters	10	1898	mAOC363	mAOC-CD47	gene	ADT	mAOC-CD47	0.0155819293709531	0.0155819293709531	NA	ok	
Standardpcaclusters	11	346	mAOC363	mAOC-CD47	gene	ADT	mAOC-CD47	0.00690053800845109	0.00690053800845109	NA	ok	
Standardpcaclusters	12	135	mAOC363	mAOC-CD47	gene	ADT	mAOC-CD47	0.110335792245017	0.110335792245017	NA	ok	
Standardpcaclusters	13	1222	mAOC363	mAOC-CD47	gene	ADT	mAOC-CD47	0.0925433857454827	0.0925433857454827	NA	ok	
Standardpcaclusters	14	84	mAOC363	mAOC-CD47	gene	ADT	mAOC-CD47	0.679589369776554	0.679589369776554	NA	ok	
Standardpcaclusters	15	195	mAOC363	mAOC-CD47	gene	ADT	mAOC-CD47	0.531079908964158	0.531079908964158	NA	ok	
Standardpcaclusters	1	116	mAOC365	mAOC-CD29	gene	ADT	mAOC-CD29	0	0	NA	ok	
Standardpcaclusters	2	652	mAOC365	mAOC-CD29	gene	ADT	mAOC-CD29	0.000476598722409901	0.000476598722409901	NA	ok	
Standardpcaclusters	3	2689	mAOC365	mAOC-CD29	gene	ADT	mAOC-CD29	8.64599268459895e-05	8.64599268459895e-05	NA	ok	
Standardpcaclusters	4	506	mAOC365	mAOC-CD29	gene	ADT	mAOC-CD29	0.000363629977621687	0.000363629977621687	NA	ok	
Standardpcaclusters	5	690	mAOC365	mAOC-CD29	gene	ADT	mAOC-CD29	0.000314536314312822	0.000314536314312822	NA	ok	
Standardpcaclusters	6	663	mAOC365	mAOC-CD29	gene	ADT	mAOC-CD29	0.00127962225362631	0.00127962225362631	NA	ok	
Standardpcaclusters	7	1552	mAOC365	mAOC-CD29	gene	ADT	mAOC-CD29	0	0	NA	ok	
Standardpcaclusters	8	2101	mAOC365	mAOC-CD29	gene	ADT	mAOC-CD29	0.000364580421974088	0.000364580421974088	NA	ok	
Standardpcaclusters	9	440	mAOC365	mAOC-CD29	gene	ADT	mAOC-CD29	0.000445220351731573	0.000445220351731573	NA	ok	
Standardpcaclusters	10	1898	mAOC365	mAOC-CD29	gene	ADT	mAOC-CD29	0.000289231908700468	0.000289231908700468	NA	ok	
Standardpcaclusters	11	346	mAOC365	mAOC-CD29	gene	ADT	mAOC-CD29	0.00116934221746048	0.00116934221746048	NA	ok	
Standardpcaclusters	12	135	mAOC365	mAOC-CD29	gene	ADT	mAOC-CD29	0.00178746500819414	0.00178746500819414	NA	ok	
Standardpcaclusters	13	1222	mAOC365	mAOC-CD29	gene	ADT	mAOC-CD29	0.000818469768741453	0.000818469768741453	NA	ok	
Standardpcaclusters	14	84	mAOC365	mAOC-CD29	gene	ADT	mAOC-CD29	0	0	NA	ok	
Standardpcaclusters	15	195	mAOC365	mAOC-CD29	gene	ADT	mAOC-CD29	0.000184053352931346	0.000184053352931346	NA	ok	
Standardpcaclusters	1	116	mAOC366	mAOC-CD244	gene	ADT	mAOC-CD244	0.171055790851466	0.171055790851466	NA	ok	
Standardpcaclusters	2	652	mAOC366	mAOC-CD244	gene	ADT	mAOC-CD244	0.0100926903619022	0.0100926903619022	NA	ok	
Standardpcaclusters	3	2689	mAOC366	mAOC-CD244	gene	ADT	mAOC-CD244	0.870736144077619	0.870736144077619	NA	ok	
Standardpcaclusters	4	506	mAOC366	mAOC-CD244	gene	ADT	mAOC-CD244	0.825036544454445	0.825036544454445	NA	ok	
Standardpcaclusters	5	690	mAOC366	mAOC-CD244	gene	ADT	mAOC-CD244	0.485269624354631	0.485269624354631	NA	ok	
Standardpcaclusters	6	663	mAOC366	mAOC-CD244	gene	ADT	mAOC-CD244	0.487623999078582	0.487623999078582	NA	ok	
Standardpcaclusters	7	1552	mAOC366	mAOC-CD244	gene	ADT	mAOC-CD244	0.762316508074368	0.762316508074368	NA	ok	
Standardpcaclusters	8	2101	mAOC366	mAOC-CD244	gene	ADT	mAOC-CD244	0.526087287547223	0.526087287547223	NA	ok	
Standardpcaclusters	9	440	mAOC366	mAOC-CD244	gene	ADT	mAOC-CD244	0.106414588536144	0.106414588536144	NA	ok	
Standardpcaclusters	10	1898	mAOC366	mAOC-CD244	gene	ADT	mAOC-CD244	0.12098079119667	0.12098079119667	NA	ok	
Standardpcaclusters	11	346	mAOC366	mAOC-CD244	gene	ADT	mAOC-CD244	0.267779369751291	0.267779369751291	NA	ok	
Standardpcaclusters	12	135	mAOC366	mAOC-CD244	gene	ADT	mAOC-CD244	0.315139974193692	0.315139974193692	NA	ok	
Standardpcaclusters	13	1222	mAOC366	mAOC-CD244	gene	ADT	mAOC-CD244	0.582045929456604	0.582045929456604	NA	ok	
Standardpcaclusters	14	84	mAOC366	mAOC-CD244	gene	ADT	mAOC-CD244	0.0812256689813418	0.0812256689813418	NA	ok	
Standardpcaclusters	15	195	mAOC366	mAOC-CD244	gene	ADT	mAOC-CD244	0.147177638139818	0.147177638139818	NA	ok	
Standardpcaclusters	1	116	mAOC373	mAOC-CD81	gene	ADT	mAOC-CD81	0.562109903098337	0.562109903098337	NA	ok	
Standardpcaclusters	2	652	mAOC373	mAOC-CD81	gene	ADT	mAOC-CD81	0.0754560208235193	0.0754560208235193	NA	ok	
Standardpcaclusters	3	2689	mAOC373	mAOC-CD81	gene	ADT	mAOC-CD81	0.0564380824172337	0.0564380824172337	NA	ok	
Standardpcaclusters	4	506	mAOC373	mAOC-CD81	gene	ADT	mAOC-CD81	0.0958118050953912	0.0958118050953912	NA	ok	
Standardpcaclusters	5	690	mAOC373	mAOC-CD81	gene	ADT	mAOC-CD81	0.0417691477835984	0.0417691477835984	NA	ok	
Standardpcaclusters	6	663	mAOC373	mAOC-CD81	gene	ADT	mAOC-CD81	0.0422477543363595	0.0422477543363595	NA	ok	
Standardpcaclusters	7	1552	mAOC373	mAOC-CD81	gene	ADT	mAOC-CD81	0.0365533943515249	0.0365533943515249	NA	ok	
Standardpcaclusters	8	2101	mAOC373	mAOC-CD81	gene	ADT	mAOC-CD81	0.0329928989553441	0.0329928989553441	NA	ok	
Standardpcaclusters	9	440	mAOC373	mAOC-CD81	gene	ADT	mAOC-CD81	0.0237018075827254	0.0237018075827254	NA	ok	
Standardpcaclusters	10	1898	mAOC373	mAOC-CD81	gene	ADT	mAOC-CD81	0.0358253339310893	0.0358253339310893	NA	ok	
Standardpcaclusters	11	346	mAOC373	mAOC-CD81	gene	ADT	mAOC-CD81	0.016676297995324	0.016676297995324	NA	ok	
Standardpcaclusters	12	135	mAOC373	mAOC-CD81	gene	ADT	mAOC-CD81	0.19244176763882	0.19244176763882	NA	ok	
Standardpcaclusters	13	1222	mAOC373	mAOC-CD81	gene	ADT	mAOC-CD81	0.220802600020526	0.220802600020526	NA	ok	
Standardpcaclusters	14	84	mAOC373	mAOC-CD81	gene	ADT	mAOC-CD81	0.359820340261138	0.359820340261138	NA	ok	
Standardpcaclusters	15	195	mAOC373	mAOC-CD81	gene	ADT	mAOC-CD81	0.109165308727515	0.109165308727515	NA	ok	
Standardpcaclusters	1	116	mAOC374	mAOC-CD32	gene	ADT	mAOC-CD32	0.0114782231404809	0.0114782231404809	NA	ok	
Standardpcaclusters	2	652	mAOC374	mAOC-CD32	gene	ADT	mAOC-CD32	0.00751909653226423	0.00751909653226423	NA	ok	
Standardpcaclusters	3	2689	mAOC374	mAOC-CD32	gene	ADT	mAOC-CD32	0.000186538127539477	0.000186538127539477	NA	ok	
Standardpcaclusters	4	506	mAOC374	mAOC-CD32	gene	ADT	mAOC-CD32	0	0	NA	ok	
Standardpcaclusters	5	690	mAOC374	mAOC-CD32	gene	ADT	mAOC-CD32	0.00202563255907975	0.00202563255907975	NA	ok	
Standardpcaclusters	6	663	mAOC374	mAOC-CD32	gene	ADT	mAOC-CD32	0.0010197063779519	0.0010197063779519	NA	ok	
Standardpcaclusters	7	1552	mAOC374	mAOC-CD32	gene	ADT	mAOC-CD32	0	0	NA	ok	
Standardpcaclusters	8	2101	mAOC374	mAOC-CD32	gene	ADT	mAOC-CD32	0.00101952713313179	0.00101952713313179	NA	ok	
Standardpcaclusters	9	440	mAOC374	mAOC-CD32	gene	ADT	mAOC-CD32	0	0	NA	ok	
Standardpcaclusters	10	1898	mAOC374	mAOC-CD32	gene	ADT	mAOC-CD32	0.00570935843207864	0.00570935843207864	NA	ok	
Standardpcaclusters	11	346	mAOC374	mAOC-CD32	gene	ADT	mAOC-CD32	0.00181162149215281	0.00181162149215281	NA	ok	
Standardpcaclusters	12	135	mAOC374	mAOC-CD32	gene	ADT	mAOC-CD32	0.0175333913529887	0.0175333913529887	NA	ok	
Standardpcaclusters	13	1222	mAOC374	mAOC-CD32	gene	ADT	mAOC-CD32	0.00129969612066807	0.00129969612066807	NA	ok	
Standardpcaclusters	14	84	mAOC374	mAOC-CD32	gene	ADT	mAOC-CD32	0.0247421845666404	0.0247421845666404	NA	ok	
Standardpcaclusters	15	195	mAOC374	mAOC-CD32	gene	ADT	mAOC-CD32	0	0	NA	ok	
Standardpcaclusters	1	116	mAOC375	mAOC-CD162	gene	ADT	mAOC-CD162	0	0	NA	ok	
Standardpcaclusters	2	652	mAOC375	mAOC-CD162	gene	ADT	mAOC-CD162	0	0	NA	ok	
Standardpcaclusters	3	2689	mAOC375	mAOC-CD162	gene	ADT	mAOC-CD162	0.00128060673621836	0.00128060673621836	NA	ok	
Standardpcaclusters	4	506	mAOC375	mAOC-CD162	gene	ADT	mAOC-CD162	0	0	NA	ok	
Standardpcaclusters	5	690	mAOC375	mAOC-CD162	gene	ADT	mAOC-CD162	0	0	NA	ok	
Standardpcaclusters	6	663	mAOC375	mAOC-CD162	gene	ADT	mAOC-CD162	0.00075474092334381	0.00075474092334381	NA	ok	
Standardpcaclusters	7	1552	mAOC375	mAOC-CD162	gene	ADT	mAOC-CD162	0.000737459676771982	0.000737459676771982	NA	ok	
Standardpcaclusters	8	2101	mAOC375	mAOC-CD162	gene	ADT	mAOC-CD162	0	0	NA	ok	
Standardpcaclusters	9	440	mAOC375	mAOC-CD162	gene	ADT	mAOC-CD162	0	0	NA	ok	
Standardpcaclusters	10	1898	mAOC375	mAOC-CD162	gene	ADT	mAOC-CD162	0	0	NA	ok	
Standardpcaclusters	11	346	mAOC375	mAOC-CD162	gene	ADT	mAOC-CD162	0	0	NA	ok	
Standardpcaclusters	12	135	mAOC375	mAOC-CD162	gene	ADT	mAOC-CD162	0	0	NA	ok	
Standardpcaclusters	13	1222	mAOC375	mAOC-CD162	gene	ADT	mAOC-CD162	0	0	NA	ok	
Standardpcaclusters	14	84	mAOC375	mAOC-CD162	gene	ADT	mAOC-CD162	0	0	NA	ok	
Standardpcaclusters	15	195	mAOC375	mAOC-CD162	gene	ADT	mAOC-CD162	0	0	NA	ok	
Standardpcaclusters	1	116	mAOC376	mAOC-CD357	gene	ADT	mAOC-CD357	0.00865683585367831	0.00865683585367831	NA	ok	
Standardpcaclusters	2	652	mAOC376	mAOC-CD357	gene	ADT	mAOC-CD357	0.00358835206970362	0.00358835206970362	NA	ok	
Standardpcaclusters	3	2689	mAOC376	mAOC-CD357	gene	ADT	mAOC-CD357	0.000770582355569648	0.000770582355569648	NA	ok	
Standardpcaclusters	4	506	mAOC376	mAOC-CD357	gene	ADT	mAOC-CD357	0.00141938009468819	0.00141938009468819	NA	ok	
Standardpcaclusters	5	690	mAOC376	mAOC-CD357	gene	ADT	mAOC-CD357	0.00209971112096652	0.00209971112096652	NA	ok	
Standardpcaclusters	6	663	mAOC376	mAOC-CD357	gene	ADT	mAOC-CD357	0.00433016661473886	0.00433016661473886	NA	ok	
Standardpcaclusters	7	1552	mAOC376	mAOC-CD357	gene	ADT	mAOC-CD357	0	0	NA	ok	
Standardpcaclusters	8	2101	mAOC376	mAOC-CD357	gene	ADT	mAOC-CD357	0.00125573734271047	0.00125573734271047	NA	ok	
Standardpcaclusters	9	440	mAOC376	mAOC-CD357	gene	ADT	mAOC-CD357	0.00170122193078441	0.00170122193078441	NA	ok	
Standardpcaclusters	10	1898	mAOC376	mAOC-CD357	gene	ADT	mAOC-CD357	0.0014457185919246	0.0014457185919246	NA	ok	
Standardpcaclusters	11	346	mAOC376	mAOC-CD357	gene	ADT	mAOC-CD357	0.00126245362587631	0.00126245362587631	NA	ok	
Standardpcaclusters	12	135	mAOC376	mAOC-CD357	gene	ADT	mAOC-CD357	0.00551366898902522	0.00551366898902522	NA	ok	
Standardpcaclusters	13	1222	mAOC376	mAOC-CD357	gene	ADT	mAOC-CD357	0.00315243851385348	0.00315243851385348	NA	ok	
Standardpcaclusters	14	84	mAOC376	mAOC-CD357	gene	ADT	mAOC-CD357	0.0106469374344626	0.0106469374344626	NA	ok	
Standardpcaclusters	15	195	mAOC376	mAOC-CD357	gene	ADT	mAOC-CD357	0.0023485485736185	0.0023485485736185	NA	ok	
Standardpcaclusters	1	116	mAOC377	mAOC-CD326	gene	ADT	mAOC-CD326	0	0	NA	ok	
Standardpcaclusters	2	652	mAOC377	mAOC-CD326	gene	ADT	mAOC-CD326	0	0	NA	ok	
Standardpcaclusters	3	2689	mAOC377	mAOC-CD326	gene	ADT	mAOC-CD326	7.4847669834418e-05	7.4847669834418e-05	NA	ok	
Standardpcaclusters	4	506	mAOC377	mAOC-CD326	gene	ADT	mAOC-CD326	0	0	NA	ok	
Standardpcaclusters	5	690	mAOC377	mAOC-CD326	gene	ADT	mAOC-CD326	0	0	NA	ok	
Standardpcaclusters	6	663	mAOC377	mAOC-CD326	gene	ADT	mAOC-CD326	0	0	NA	ok	
Standardpcaclusters	7	1552	mAOC377	mAOC-CD326	gene	ADT	mAOC-CD326	0	0	NA	ok	
Standardpcaclusters	8	2101	mAOC377	mAOC-CD326	gene	ADT	mAOC-CD326	0.00199259450284085	0.00199259450284085	NA	ok	
Standardpcaclusters	9	440	mAOC377	mAOC-CD326	gene	ADT	mAOC-CD326	0	0	NA	ok	
Standardpcaclusters	10	1898	mAOC377	mAOC-CD326	gene	ADT	mAOC-CD326	0.000332826940550924	0.000332826940550924	NA	ok	
Standardpcaclusters	11	346	mAOC377	mAOC-CD326	gene	ADT	mAOC-CD326	0	0	NA	ok	
Standardpcaclusters	12	135	mAOC377	mAOC-CD326	gene	ADT	mAOC-CD326	0	0	NA	ok	
Standardpcaclusters	13	1222	mAOC377	mAOC-CD326	gene	ADT	mAOC-CD326	0	0	NA	ok	
Standardpcaclusters	14	84	mAOC377	mAOC-CD326	gene	ADT	mAOC-CD326	0	0	NA	ok	
Standardpcaclusters	15	195	mAOC377	mAOC-CD326	gene	ADT	mAOC-CD326	0.00508287025360188	0.00508287025360188	NA	ok	
Standardpcaclusters	1	116	mAOC378	mAOC-TGFBI	gene	ADT	mAOC-TGFBI	0.114028937903547	0.114028937903547	NA	ok	
Standardpcaclusters	2	652	mAOC378	mAOC-TGFBI	gene	ADT	mAOC-TGFBI	0.0529960657710603	0.0529960657710603	NA	ok	
Standardpcaclusters	3	2689	mAOC378	mAOC-TGFBI	gene	ADT	mAOC-TGFBI	0.00277416649915009	0.00277416649915009	NA	ok	
Standardpcaclusters	4	506	mAOC378	mAOC-TGFBI	gene	ADT	mAOC-TGFBI	0.00495949366309535	0.00495949366309535	NA	ok	
Standardpcaclusters	5	690	mAOC378	mAOC-TGFBI	gene	ADT	mAOC-TGFBI	0.00497949550420635	0.00497949550420635	NA	ok	
Standardpcaclusters	6	663	mAOC378	mAOC-TGFBI	gene	ADT	mAOC-TGFBI	0.00492262375842189	0.00492262375842189	NA	ok	
Standardpcaclusters	7	1552	mAOC378	mAOC-TGFBI	gene	ADT	mAOC-TGFBI	6.82022839981548e-05	6.82022839981548e-05	NA	ok	
Standardpcaclusters	8	2101	mAOC378	mAOC-TGFBI	gene	ADT	mAOC-TGFBI	0.00198049520051753	0.00198049520051753	NA	ok	
Standardpcaclusters	9	440	mAOC378	mAOC-TGFBI	gene	ADT	mAOC-TGFBI	0.00535233456922429	0.00535233456922429	NA	ok	
Standardpcaclusters	10	1898	mAOC378	mAOC-TGFBI	gene	ADT	mAOC-TGFBI	0.00287222993062682	0.00287222993062682	NA	ok	
Standardpcaclusters	11	346	mAOC378	mAOC-TGFBI	gene	ADT	mAOC-TGFBI	0.00126245362587631	0.00126245362587631	NA	ok	
Standardpcaclusters	12	135	mAOC378	mAOC-TGFBI	gene	ADT	mAOC-TGFBI	0.00316836055816225	0.00316836055816225	NA	ok	
Standardpcaclusters	13	1222	mAOC378	mAOC-TGFBI	gene	ADT	mAOC-TGFBI	0.00450985851785634	0.00450985851785634	NA	ok	
Standardpcaclusters	14	84	mAOC378	mAOC-TGFBI	gene	ADT	mAOC-TGFBI	0.0648217608292957	0.0648217608292957	NA	ok	
Standardpcaclusters	15	195	mAOC378	mAOC-TGFBI	gene	ADT	mAOC-TGFBI	0.0182622263682179	0.0182622263682179	NA	ok	
Standardpcaclusters	1	116	mAOC379	mAOC-CD68	gene	ADT	mAOC-CD68	0	0	NA	ok	
Standardpcaclusters	2	652	mAOC379	mAOC-CD68	gene	ADT	mAOC-CD68	0	0	NA	ok	
Standardpcaclusters	3	2689	mAOC379	mAOC-CD68	gene	ADT	mAOC-CD68	0	0	NA	ok	
Standardpcaclusters	4	506	mAOC379	mAOC-CD68	gene	ADT	mAOC-CD68	0	0	NA	ok	
Standardpcaclusters	5	690	mAOC379	mAOC-CD68	gene	ADT	mAOC-CD68	0	0	NA	ok	
Standardpcaclusters	6	663	mAOC379	mAOC-CD68	gene	ADT	mAOC-CD68	0	0	NA	ok	
Standardpcaclusters	7	1552	mAOC379	mAOC-CD68	gene	ADT	mAOC-CD68	0	0	NA	ok	
Standardpcaclusters	8	2101	mAOC379	mAOC-CD68	gene	ADT	mAOC-CD68	0	0	NA	ok	
Standardpcaclusters	9	440	mAOC379	mAOC-CD68	gene	ADT	mAOC-CD68	0	0	NA	ok	
Standardpcaclusters	10	1898	mAOC379	mAOC-CD68	gene	ADT	mAOC-CD68	0	0	NA	ok	
Standardpcaclusters	11	346	mAOC379	mAOC-CD68	gene	ADT	mAOC-CD68	0	0	NA	ok	
Standardpcaclusters	12	135	mAOC379	mAOC-CD68	gene	ADT	mAOC-CD68	0	0	NA	ok	
Standardpcaclusters	13	1222	mAOC379	mAOC-CD68	gene	ADT	mAOC-CD68	0.00162610278176761	0.00162610278176761	NA	ok	
Standardpcaclusters	14	84	mAOC379	mAOC-CD68	gene	ADT	mAOC-CD68	0	0	NA	ok	
Standardpcaclusters	15	195	mAOC379	mAOC-CD68	gene	ADT	mAOC-CD68	0	0	NA	ok	
Standardpcaclusters	1	116	mAOC381	mAOC-CD102	gene	ADT	mAOC-CD102	0	0	NA	ok	
Standardpcaclusters	2	652	mAOC381	mAOC-CD102	gene	ADT	mAOC-CD102	0	0	NA	ok	
Standardpcaclusters	3	2689	mAOC381	mAOC-CD102	gene	ADT	mAOC-CD102	0.000193840020297304	0.000193840020297304	NA	ok	
Standardpcaclusters	4	506	mAOC381	mAOC-CD102	gene	ADT	mAOC-CD102	0	0	NA	ok	
Standardpcaclusters	5	690	mAOC381	mAOC-CD102	gene	ADT	mAOC-CD102	0	0	NA	ok	
Standardpcaclusters	6	663	mAOC381	mAOC-CD102	gene	ADT	mAOC-CD102	0	0	NA	ok	
Standardpcaclusters	7	1552	mAOC381	mAOC-CD102	gene	ADT	mAOC-CD102	0	0	NA	ok	
Standardpcaclusters	8	2101	mAOC381	mAOC-CD102	gene	ADT	mAOC-CD102	0	0	NA	ok	
Standardpcaclusters	9	440	mAOC381	mAOC-CD102	gene	ADT	mAOC-CD102	0	0	NA	ok	
Standardpcaclusters	10	1898	mAOC381	mAOC-CD102	gene	ADT	mAOC-CD102	2.31122725532352e-05	2.31122725532352e-05	NA	ok	
Standardpcaclusters	11	346	mAOC381	mAOC-CD102	gene	ADT	mAOC-CD102	0	0	NA	ok	
Standardpcaclusters	12	135	mAOC381	mAOC-CD102	gene	ADT	mAOC-CD102	0	0	NA	ok	
Standardpcaclusters	13	1222	mAOC381	mAOC-CD102	gene	ADT	mAOC-CD102	0.00153971103040223	0.00153971103040223	NA	ok	
Standardpcaclusters	14	84	mAOC381	mAOC-CD102	gene	ADT	mAOC-CD102	0	0	NA	ok	
Standardpcaclusters	15	195	mAOC381	mAOC-CD102	gene	ADT	mAOC-CD102	0	0	NA	ok	
Standardpcaclusters	1	116	mAOC382	mAOC-TIGIT	gene	ADT	mAOC-TIGIT	0.0531371895423408	0.0531371895423408	NA	ok	
Standardpcaclusters	2	652	mAOC382	mAOC-TIGIT	gene	ADT	mAOC-TIGIT	0.00841674487062876	0.00841674487062876	NA	ok	
Standardpcaclusters	3	2689	mAOC382	mAOC-TIGIT	gene	ADT	mAOC-TIGIT	0.00218997477410108	0.00218997477410108	NA	ok	
Standardpcaclusters	4	506	mAOC382	mAOC-TIGIT	gene	ADT	mAOC-TIGIT	0.00313719747909699	0.00313719747909699	NA	ok	
Standardpcaclusters	5	690	mAOC382	mAOC-TIGIT	gene	ADT	mAOC-TIGIT	0.00457803113047869	0.00457803113047869	NA	ok	
Standardpcaclusters	6	663	mAOC382	mAOC-TIGIT	gene	ADT	mAOC-TIGIT	0.00609267248863196	0.00609267248863196	NA	ok	
Standardpcaclusters	7	1552	mAOC382	mAOC-TIGIT	gene	ADT	mAOC-TIGIT	0.000623243381316695	0.000623243381316695	NA	ok	
Standardpcaclusters	8	2101	mAOC382	mAOC-TIGIT	gene	ADT	mAOC-TIGIT	0.00282607068955968	0.00282607068955968	NA	ok	
Standardpcaclusters	9	440	mAOC382	mAOC-TIGIT	gene	ADT	mAOC-TIGIT	0.00358575322116017	0.00358575322116017	NA	ok	
Standardpcaclusters	10	1898	mAOC382	mAOC-TIGIT	gene	ADT	mAOC-TIGIT	0.00628637394888674	0.00628637394888674	NA	ok	
Standardpcaclusters	11	346	mAOC382	mAOC-TIGIT	gene	ADT	mAOC-TIGIT	0.00197664980587541	0.00197664980587541	NA	ok	
Standardpcaclusters	12	135	mAOC382	mAOC-TIGIT	gene	ADT	mAOC-TIGIT	0.0244864619093918	0.0244864619093918	NA	ok	
Standardpcaclusters	13	1222	mAOC382	mAOC-TIGIT	gene	ADT	mAOC-TIGIT	0.0157270253879241	0.0157270253879241	NA	ok	
Standardpcaclusters	14	84	mAOC382	mAOC-TIGIT	gene	ADT	mAOC-TIGIT	0.0519389124884289	0.0519389124884289	NA	ok	
Standardpcaclusters	15	195	mAOC382	mAOC-TIGIT	gene	ADT	mAOC-TIGIT	0.0359434834785175	0.0359434834785175	NA	ok	
Standardpcaclusters	1	116	mAOC383	mAOC-CD146	gene	ADT	mAOC-CD146	0.0443051715010593	0.0443051715010593	NA	ok	
Standardpcaclusters	2	652	mAOC383	mAOC-CD146	gene	ADT	mAOC-CD146	0.011585191887507	0.011585191887507	NA	ok	
Standardpcaclusters	3	2689	mAOC383	mAOC-CD146	gene	ADT	mAOC-CD146	0.00293113131502499	0.00293113131502499	NA	ok	
Standardpcaclusters	4	506	mAOC383	mAOC-CD146	gene	ADT	mAOC-CD146	0.00555975059427516	0.00555975059427516	NA	ok	
Standardpcaclusters	5	690	mAOC383	mAOC-CD146	gene	ADT	mAOC-CD146	0.0106230574787691	0.0106230574787691	NA	ok	
Standardpcaclusters	6	663	mAOC383	mAOC-CD146	gene	ADT	mAOC-CD146	0.00998320502646871	0.00998320502646871	NA	ok	
Standardpcaclusters	7	1552	mAOC383	mAOC-CD146	gene	ADT	mAOC-CD146	0.00091134678693249	0.00091134678693249	NA	ok	
Standardpcaclusters	8	2101	mAOC383	mAOC-CD146	gene	ADT	mAOC-CD146	0.0054730105922283	0.0054730105922283	NA	ok	
Standardpcaclusters	9	440	mAOC383	mAOC-CD146	gene	ADT	mAOC-CD146	0.00699851577959772	0.00699851577959772	NA	ok	
Standardpcaclusters	10	1898	mAOC383	mAOC-CD146	gene	ADT	mAOC-CD146	0.00782437968068152	0.00782437968068152	NA	ok	
Standardpcaclusters	11	346	mAOC383	mAOC-CD146	gene	ADT	mAOC-CD146	0.00244825355099957	0.00244825355099957	NA	ok	
Standardpcaclusters	12	135	mAOC383	mAOC-CD146	gene	ADT	mAOC-CD146	0.0285756021963231	0.0285756021963231	NA	ok	
Standardpcaclusters	13	1222	mAOC383	mAOC-CD146	gene	ADT	mAOC-CD146	0.0277623572935667	0.0277623572935667	NA	ok	
Standardpcaclusters	14	84	mAOC383	mAOC-CD146	gene	ADT	mAOC-CD146	0.0603135837640115	0.0603135837640115	NA	ok	
Standardpcaclusters	15	195	mAOC383	mAOC-CD146	gene	ADT	mAOC-CD146	0.00897873791764422	0.00897873791764422	NA	ok	
Standardpcaclusters	1	116	mAOC384	mAOC-CD158b2	gene	ADT	mAOC-CD158b2	0	0	NA	ok	
Standardpcaclusters	2	652	mAOC384	mAOC-CD158b2	gene	ADT	mAOC-CD158b2	0	0	NA	ok	
Standardpcaclusters	3	2689	mAOC384	mAOC-CD158b2	gene	ADT	mAOC-CD158b2	0	0	NA	ok	
Standardpcaclusters	4	506	mAOC384	mAOC-CD158b2	gene	ADT	mAOC-CD158b2	7.53696389795627e-05	7.53696389795627e-05	NA	ok	
Standardpcaclusters	5	690	mAOC384	mAOC-CD158b2	gene	ADT	mAOC-CD158b2	0	0	NA	ok	
Standardpcaclusters	6	663	mAOC384	mAOC-CD158b2	gene	ADT	mAOC-CD158b2	0	0	NA	ok	
Standardpcaclusters	7	1552	mAOC384	mAOC-CD158b2	gene	ADT	mAOC-CD158b2	0.000938527693450535	0.000938527693450535	NA	ok	
Standardpcaclusters	8	2101	mAOC384	mAOC-CD158b2	gene	ADT	mAOC-CD158b2	0	0	NA	ok	
Standardpcaclusters	9	440	mAOC384	mAOC-CD158b2	gene	ADT	mAOC-CD158b2	0	0	NA	ok	
Standardpcaclusters	10	1898	mAOC384	mAOC-CD158b2	gene	ADT	mAOC-CD158b2	0	0	NA	ok	
Standardpcaclusters	11	346	mAOC384	mAOC-CD158b2	gene	ADT	mAOC-CD158b2	0	0	NA	ok	
Standardpcaclusters	12	135	mAOC384	mAOC-CD158b2	gene	ADT	mAOC-CD158b2	0	0	NA	ok	
Standardpcaclusters	13	1222	mAOC384	mAOC-CD158b2	gene	ADT	mAOC-CD158b2	0	0	NA	ok	
Standardpcaclusters	14	84	mAOC384	mAOC-CD158b2	gene	ADT	mAOC-CD158b2	0	0	NA	ok	
Standardpcaclusters	15	195	mAOC384	mAOC-CD158b2	gene	ADT	mAOC-CD158b2	0	0	NA	ok	
Standardpcaclusters	1	116	mAOC386	mAOC-CD85j	gene	ADT	mAOC-CD85j	0	0	NA	ok	
Standardpcaclusters	2	652	mAOC386	mAOC-CD85j	gene	ADT	mAOC-CD85j	0.000576157879564363	0.000576157879564363	NA	ok	
Standardpcaclusters	3	2689	mAOC386	mAOC-CD85j	gene	ADT	mAOC-CD85j	4.20046940166147e-05	4.20046940166147e-05	NA	ok	
Standardpcaclusters	4	506	mAOC386	mAOC-CD85j	gene	ADT	mAOC-CD85j	0.00018613978038675	0.00018613978038675	NA	ok	
Standardpcaclusters	5	690	mAOC386	mAOC-CD85j	gene	ADT	mAOC-CD85j	1.86833853006791e-05	1.86833853006791e-05	NA	ok	
Standardpcaclusters	6	663	mAOC386	mAOC-CD85j	gene	ADT	mAOC-CD85j	0.000293520973729261	0.000293520973729261	NA	ok	
Standardpcaclusters	7	1552	mAOC386	mAOC-CD85j	gene	ADT	mAOC-CD85j	0.000367547770012087	0.000367547770012087	NA	ok	
Standardpcaclusters	8	2101	mAOC386	mAOC-CD85j	gene	ADT	mAOC-CD85j	0.000426469455760764	0.000426469455760764	NA	ok	
Standardpcaclusters	9	440	mAOC386	mAOC-CD85j	gene	ADT	mAOC-CD85j	0	0	NA	ok	
Standardpcaclusters	10	1898	mAOC386	mAOC-CD85j	gene	ADT	mAOC-CD85j	0.000223283020513388	0.000223283020513388	NA	ok	
Standardpcaclusters	11	346	mAOC386	mAOC-CD85j	gene	ADT	mAOC-CD85j	9.6211280718925e-05	9.6211280718925e-05	NA	ok	
Standardpcaclusters	12	135	mAOC386	mAOC-CD85j	gene	ADT	mAOC-CD85j	0.00133387095684565	0.00133387095684565	NA	ok	
Standardpcaclusters	13	1222	mAOC386	mAOC-CD85j	gene	ADT	mAOC-CD85j	0.00260431076325367	0.00260431076325367	NA	ok	
Standardpcaclusters	14	84	mAOC386	mAOC-CD85j	gene	ADT	mAOC-CD85j	0	0	NA	ok	
Standardpcaclusters	15	195	mAOC386	mAOC-CD85j	gene	ADT	mAOC-CD85j	8.59990029802055e-05	8.59990029802055e-05	NA	ok	
Standardpcaclusters	1	116	mAOC387	mAOC-CD119	gene	ADT	mAOC-CD119	1.03620425582332	1.03620425582332	NA	ok	
Standardpcaclusters	2	652	mAOC387	mAOC-CD119	gene	ADT	mAOC-CD119	1.48050852289708	1.48050852289708	NA	ok	
Standardpcaclusters	3	2689	mAOC387	mAOC-CD119	gene	ADT	mAOC-CD119	2.00008030175908	2.00008030175908	NA	ok	
Standardpcaclusters	4	506	mAOC387	mAOC-CD119	gene	ADT	mAOC-CD119	1.70717077959533	1.70717077959533	NA	ok	
Standardpcaclusters	5	690	mAOC387	mAOC-CD119	gene	ADT	mAOC-CD119	1.80478296150313	1.80478296150313	NA	ok	
Standardpcaclusters	6	663	mAOC387	mAOC-CD119	gene	ADT	mAOC-CD119	1.92046978459872	1.92046978459872	NA	ok	
Standardpcaclusters	7	1552	mAOC387	mAOC-CD119	gene	ADT	mAOC-CD119	2.32197372616334	2.32197372616334	NA	ok	
Standardpcaclusters	8	2101	mAOC387	mAOC-CD119	gene	ADT	mAOC-CD119	2.23267282225529	2.23267282225529	NA	ok	
Standardpcaclusters	9	440	mAOC387	mAOC-CD119	gene	ADT	mAOC-CD119	1.32905834343428	1.32905834343428	NA	ok	
Standardpcaclusters	10	1898	mAOC387	mAOC-CD119	gene	ADT	mAOC-CD119	1.80618110785607	1.80618110785607	NA	ok	
Standardpcaclusters	11	346	mAOC387	mAOC-CD119	gene	ADT	mAOC-CD119	1.82559151511878	1.82559151511878	NA	ok	
Standardpcaclusters	12	135	mAOC387	mAOC-CD119	gene	ADT	mAOC-CD119	1.5878609855638	1.5878609855638	NA	ok	
Standardpcaclusters	13	1222	mAOC387	mAOC-CD119	gene	ADT	mAOC-CD119	1.82120902738276	1.82120902738276	NA	ok	
Standardpcaclusters	14	84	mAOC387	mAOC-CD119	gene	ADT	mAOC-CD119	0.211023214827312	0.211023214827312	NA	ok	
Standardpcaclusters	15	195	mAOC387	mAOC-CD119	gene	ADT	mAOC-CD119	1.41472601266661	1.41472601266661	NA	ok	
Standardpcaclusters	1	116	mAOC388	mAOC-CD305	gene	ADT	mAOC-CD305	0	0	NA	ok	
Standardpcaclusters	2	652	mAOC388	mAOC-CD305	gene	ADT	mAOC-CD305	0	0	NA	ok	
Standardpcaclusters	3	2689	mAOC388	mAOC-CD305	gene	ADT	mAOC-CD305	0.000141711075789231	0.000141711075789231	NA	ok	
Standardpcaclusters	4	506	mAOC388	mAOC-CD305	gene	ADT	mAOC-CD305	0	0	NA	ok	
Standardpcaclusters	5	690	mAOC388	mAOC-CD305	gene	ADT	mAOC-CD305	0	0	NA	ok	
Standardpcaclusters	6	663	mAOC388	mAOC-CD305	gene	ADT	mAOC-CD305	0	0	NA	ok	
Standardpcaclusters	7	1552	mAOC388	mAOC-CD305	gene	ADT	mAOC-CD305	0	0	NA	ok	
Standardpcaclusters	8	2101	mAOC388	mAOC-CD305	gene	ADT	mAOC-CD305	0	0	NA	ok	
Standardpcaclusters	9	440	mAOC388	mAOC-CD305	gene	ADT	mAOC-CD305	0	0	NA	ok	
Standardpcaclusters	10	1898	mAOC388	mAOC-CD305	gene	ADT	mAOC-CD305	0	0	NA	ok	
Standardpcaclusters	11	346	mAOC388	mAOC-CD305	gene	ADT	mAOC-CD305	0	0	NA	ok	
Standardpcaclusters	12	135	mAOC388	mAOC-CD305	gene	ADT	mAOC-CD305	0	0	NA	ok	
Standardpcaclusters	13	1222	mAOC388	mAOC-CD305	gene	ADT	mAOC-CD305	0	0	NA	ok	
Standardpcaclusters	14	84	mAOC388	mAOC-CD305	gene	ADT	mAOC-CD305	0	0	NA	ok	
Standardpcaclusters	15	195	mAOC388	mAOC-CD305	gene	ADT	mAOC-CD305	0	0	NA	ok	
Standardpcaclusters	1	116	mAOC391	mAOC-CD304	gene	ADT	mAOC-CD304	0	0	NA	ok	
Standardpcaclusters	2	652	mAOC391	mAOC-CD304	gene	ADT	mAOC-CD304	0	0	NA	ok	
Standardpcaclusters	3	2689	mAOC391	mAOC-CD304	gene	ADT	mAOC-CD304	0.000428598250831938	0.000428598250831938	NA	ok	
Standardpcaclusters	4	506	mAOC391	mAOC-CD304	gene	ADT	mAOC-CD304	0	0	NA	ok	
Standardpcaclusters	5	690	mAOC391	mAOC-CD304	gene	ADT	mAOC-CD304	0.000869836141188506	0.000869836141188506	NA	ok	
Standardpcaclusters	6	663	mAOC391	mAOC-CD304	gene	ADT	mAOC-CD304	0	0	NA	ok	
Standardpcaclusters	7	1552	mAOC391	mAOC-CD304	gene	ADT	mAOC-CD304	0.0028432665963968	0.0028432665963968	NA	ok	
Standardpcaclusters	8	2101	mAOC391	mAOC-CD304	gene	ADT	mAOC-CD304	0.000866298711155428	0.000866298711155428	NA	ok	
Standardpcaclusters	9	440	mAOC391	mAOC-CD304	gene	ADT	mAOC-CD304	0	0	NA	ok	
Standardpcaclusters	10	1898	mAOC391	mAOC-CD304	gene	ADT	mAOC-CD304	0.00347142063205101	0.00347142063205101	NA	ok	
Standardpcaclusters	11	346	mAOC391	mAOC-CD304	gene	ADT	mAOC-CD304	0	0	NA	ok	
Standardpcaclusters	12	135	mAOC391	mAOC-CD304	gene	ADT	mAOC-CD304	0	0	NA	ok	
Standardpcaclusters	13	1222	mAOC391	mAOC-CD304	gene	ADT	mAOC-CD304	0	0	NA	ok	
Standardpcaclusters	14	84	mAOC391	mAOC-CD304	gene	ADT	mAOC-CD304	0	0	NA	ok	
Standardpcaclusters	15	195	mAOC391	mAOC-CD304	gene	ADT	mAOC-CD304	0.000184053352931346	0.000184053352931346	NA	ok	
Standardpcaclusters	1	116	mAOC392	mAOC-CD352	gene	ADT	mAOC-CD352	0	0	NA	ok	
Standardpcaclusters	2	652	mAOC392	mAOC-CD352	gene	ADT	mAOC-CD352	0	0	NA	ok	
Standardpcaclusters	3	2689	mAOC392	mAOC-CD352	gene	ADT	mAOC-CD352	0.000460317479153416	0.000460317479153416	NA	ok	
Standardpcaclusters	4	506	mAOC392	mAOC-CD352	gene	ADT	mAOC-CD352	0.00220844209422234	0.00220844209422234	NA	ok	
Standardpcaclusters	5	690	mAOC392	mAOC-CD352	gene	ADT	mAOC-CD352	0	0	NA	ok	
Standardpcaclusters	6	663	mAOC392	mAOC-CD352	gene	ADT	mAOC-CD352	0	0	NA	ok	
Standardpcaclusters	7	1552	mAOC392	mAOC-CD352	gene	ADT	mAOC-CD352	0	0	NA	ok	
Standardpcaclusters	8	2101	mAOC392	mAOC-CD352	gene	ADT	mAOC-CD352	0	0	NA	ok	
Standardpcaclusters	9	440	mAOC392	mAOC-CD352	gene	ADT	mAOC-CD352	0	0	NA	ok	
Standardpcaclusters	10	1898	mAOC392	mAOC-CD352	gene	ADT	mAOC-CD352	0	0	NA	ok	
Standardpcaclusters	11	346	mAOC392	mAOC-CD352	gene	ADT	mAOC-CD352	0.00179931522131551	0.00179931522131551	NA	ok	
Standardpcaclusters	12	135	mAOC392	mAOC-CD352	gene	ADT	mAOC-CD352	0.00482731433160375	0.00482731433160375	NA	ok	
Standardpcaclusters	13	1222	mAOC392	mAOC-CD352	gene	ADT	mAOC-CD352	0	0	NA	ok	
Standardpcaclusters	14	84	mAOC392	mAOC-CD352	gene	ADT	mAOC-CD352	0	0	NA	ok	
Standardpcaclusters	15	195	mAOC392	mAOC-CD352	gene	ADT	mAOC-CD352	0.00404609490285185	0.00404609490285185	NA	ok	
Standardpcaclusters	1	116	mAOC411	mAOC-CD122	gene	ADT	mAOC-CD122	0.396815353638225	0.396815353638225	NA	ok	
Standardpcaclusters	2	652	mAOC411	mAOC-CD122	gene	ADT	mAOC-CD122	0.038023470817713	0.038023470817713	NA	ok	
Standardpcaclusters	3	2689	mAOC411	mAOC-CD122	gene	ADT	mAOC-CD122	0.0817232761243631	0.0817232761243631	NA	ok	
Standardpcaclusters	4	506	mAOC411	mAOC-CD122	gene	ADT	mAOC-CD122	0.356245400919701	0.356245400919701	NA	ok	
Standardpcaclusters	5	690	mAOC411	mAOC-CD122	gene	ADT	mAOC-CD122	0.0172623071533413	0.0172623071533413	NA	ok	
Standardpcaclusters	6	663	mAOC411	mAOC-CD122	gene	ADT	mAOC-CD122	0.031836263688618	0.031836263688618	NA	ok	
Standardpcaclusters	7	1552	mAOC411	mAOC-CD122	gene	ADT	mAOC-CD122	0.0247898644389575	0.0247898644389575	NA	ok	
Standardpcaclusters	8	2101	mAOC411	mAOC-CD122	gene	ADT	mAOC-CD122	0.00995051513060256	0.00995051513060256	NA	ok	
Standardpcaclusters	9	440	mAOC411	mAOC-CD122	gene	ADT	mAOC-CD122	0.00451877580198372	0.00451877580198372	NA	ok	
Standardpcaclusters	10	1898	mAOC411	mAOC-CD122	gene	ADT	mAOC-CD122	0.0137353463249499	0.0137353463249499	NA	ok	
Standardpcaclusters	11	346	mAOC411	mAOC-CD122	gene	ADT	mAOC-CD122	0.00503249246685407	0.00503249246685407	NA	ok	
Standardpcaclusters	12	135	mAOC411	mAOC-CD122	gene	ADT	mAOC-CD122	0.073270840013547	0.073270840013547	NA	ok	
Standardpcaclusters	13	1222	mAOC411	mAOC-CD122	gene	ADT	mAOC-CD122	0.107157115424364	0.107157115424364	NA	ok	
Standardpcaclusters	14	84	mAOC411	mAOC-CD122	gene	ADT	mAOC-CD122	0.110889908195083	0.110889908195083	NA	ok	
Standardpcaclusters	15	195	mAOC411	mAOC-CD122	gene	ADT	mAOC-CD122	0.0732916154130137	0.0732916154130137	NA	ok	
Standardpcaclusters	1	116	mAOC413	mAOC-CD116	gene	ADT	mAOC-CD116	0.382427766227591	0.382427766227591	NA	ok	
Standardpcaclusters	2	652	mAOC413	mAOC-CD116	gene	ADT	mAOC-CD116	0.139076693693882	0.139076693693882	NA	ok	
Standardpcaclusters	3	2689	mAOC413	mAOC-CD116	gene	ADT	mAOC-CD116	0.125820321823367	0.125820321823367	NA	ok	
Standardpcaclusters	4	506	mAOC413	mAOC-CD116	gene	ADT	mAOC-CD116	0.800351126084645	0.800351126084645	NA	ok	
Standardpcaclusters	5	690	mAOC413	mAOC-CD116	gene	ADT	mAOC-CD116	0.113488836875148	0.113488836875148	NA	ok	
Standardpcaclusters	6	663	mAOC413	mAOC-CD116	gene	ADT	mAOC-CD116	0.217343700785497	0.217343700785497	NA	ok	
Standardpcaclusters	7	1552	mAOC413	mAOC-CD116	gene	ADT	mAOC-CD116	0.165714754809447	0.165714754809447	NA	ok	
Standardpcaclusters	8	2101	mAOC413	mAOC-CD116	gene	ADT	mAOC-CD116	0.115798903231273	0.115798903231273	NA	ok	
Standardpcaclusters	9	440	mAOC413	mAOC-CD116	gene	ADT	mAOC-CD116	0.12564849355145	0.12564849355145	NA	ok	
Standardpcaclusters	10	1898	mAOC413	mAOC-CD116	gene	ADT	mAOC-CD116	0.098765567479324	0.098765567479324	NA	ok	
Standardpcaclusters	11	346	mAOC413	mAOC-CD116	gene	ADT	mAOC-CD116	0.0674110396378087	0.0674110396378087	NA	ok	
Standardpcaclusters	12	135	mAOC413	mAOC-CD116	gene	ADT	mAOC-CD116	0.17784165599474	0.17784165599474	NA	ok	
Standardpcaclusters	13	1222	mAOC413	mAOC-CD116	gene	ADT	mAOC-CD116	0.292642595789523	0.292642595789523	NA	ok	
Standardpcaclusters	14	84	mAOC413	mAOC-CD116	gene	ADT	mAOC-CD116	0.270982235948141	0.270982235948141	NA	ok	
Standardpcaclusters	15	195	mAOC413	mAOC-CD116	gene	ADT	mAOC-CD116	2.93831365308018	2.93831365308018	NA	ok	
Standardpcaclusters	1	116	mAOC415	mAOC-CD158b1	gene	ADT	mAOC-CD158b1	0.363549375562469	0.363549375562469	NA	ok	
Standardpcaclusters	2	652	mAOC415	mAOC-CD158b1	gene	ADT	mAOC-CD158b1	0.0684382117322673	0.0684382117322673	NA	ok	
Standardpcaclusters	3	2689	mAOC415	mAOC-CD158b1	gene	ADT	mAOC-CD158b1	0.0170692079492962	0.0170692079492962	NA	ok	
Standardpcaclusters	4	506	mAOC415	mAOC-CD158b1	gene	ADT	mAOC-CD158b1	0.0409504794702836	0.0409504794702836	NA	ok	
Standardpcaclusters	5	690	mAOC415	mAOC-CD158b1	gene	ADT	mAOC-CD158b1	0.0193623979352491	0.0193623979352491	NA	ok	
Standardpcaclusters	6	663	mAOC415	mAOC-CD158b1	gene	ADT	mAOC-CD158b1	0.0295256504296505	0.0295256504296505	NA	ok	
Standardpcaclusters	7	1552	mAOC415	mAOC-CD158b1	gene	ADT	mAOC-CD158b1	0.012466196741118	0.012466196741118	NA	ok	
Standardpcaclusters	8	2101	mAOC415	mAOC-CD158b1	gene	ADT	mAOC-CD158b1	0.0134010454290132	0.0134010454290132	NA	ok	
Standardpcaclusters	9	440	mAOC415	mAOC-CD158b1	gene	ADT	mAOC-CD158b1	0.00918085893267378	0.00918085893267378	NA	ok	
Standardpcaclusters	10	1898	mAOC415	mAOC-CD158b1	gene	ADT	mAOC-CD158b1	0.0178343088405033	0.0178343088405033	NA	ok	
Standardpcaclusters	11	346	mAOC415	mAOC-CD158b1	gene	ADT	mAOC-CD158b1	0.00574508839547614	0.00574508839547614	NA	ok	
Standardpcaclusters	12	135	mAOC415	mAOC-CD158b1	gene	ADT	mAOC-CD158b1	0.0548508775806402	0.0548508775806402	NA	ok	
Standardpcaclusters	13	1222	mAOC415	mAOC-CD158b1	gene	ADT	mAOC-CD158b1	0.0883004773516281	0.0883004773516281	NA	ok	
Standardpcaclusters	14	84	mAOC415	mAOC-CD158b1	gene	ADT	mAOC-CD158b1	0.102582578187787	0.102582578187787	NA	ok	
Standardpcaclusters	15	195	mAOC415	mAOC-CD158b1	gene	ADT	mAOC-CD158b1	0.187945337165478	0.187945337165478	NA	ok	
Standardpcaclusters	1	116	mAOC416	mAOC-CD278	gene	ADT	mAOC-CD278	0.145965065244835	0.145965065244835	NA	ok	
Standardpcaclusters	2	652	mAOC416	mAOC-CD278	gene	ADT	mAOC-CD278	0.0207698710944423	0.0207698710944423	NA	ok	
Standardpcaclusters	3	2689	mAOC416	mAOC-CD278	gene	ADT	mAOC-CD278	0.00925215914282286	0.00925215914282286	NA	ok	
Standardpcaclusters	4	506	mAOC416	mAOC-CD278	gene	ADT	mAOC-CD278	0.0208830473342175	0.0208830473342175	NA	ok	
Standardpcaclusters	5	690	mAOC416	mAOC-CD278	gene	ADT	mAOC-CD278	0.00945683811732937	0.00945683811732937	NA	ok	
Standardpcaclusters	6	663	mAOC416	mAOC-CD278	gene	ADT	mAOC-CD278	0.013610989313849	0.013610989313849	NA	ok	
Standardpcaclusters	7	1552	mAOC416	mAOC-CD278	gene	ADT	mAOC-CD278	0.00426788393320368	0.00426788393320368	NA	ok	
Standardpcaclusters	8	2101	mAOC416	mAOC-CD278	gene	ADT	mAOC-CD278	0.00852304071921898	0.00852304071921898	NA	ok	
Standardpcaclusters	9	440	mAOC416	mAOC-CD278	gene	ADT	mAOC-CD278	0.00763941614433771	0.00763941614433771	NA	ok	
Standardpcaclusters	10	1898	mAOC416	mAOC-CD278	gene	ADT	mAOC-CD278	0.0094384701876224	0.0094384701876224	NA	ok	
Standardpcaclusters	11	346	mAOC416	mAOC-CD278	gene	ADT	mAOC-CD278	0.00309873253052491	0.00309873253052491	NA	ok	
Standardpcaclusters	12	135	mAOC416	mAOC-CD278	gene	ADT	mAOC-CD278	0.0199945190168824	0.0199945190168824	NA	ok	
Standardpcaclusters	13	1222	mAOC416	mAOC-CD278	gene	ADT	mAOC-CD278	0.0495636199757383	0.0495636199757383	NA	ok	
Standardpcaclusters	14	84	mAOC416	mAOC-CD278	gene	ADT	mAOC-CD278	0.0763781241817187	0.0763781241817187	NA	ok	
Standardpcaclusters	15	195	mAOC416	mAOC-CD278	gene	ADT	mAOC-CD278	0.137868250338803	0.137868250338803	NA	ok	
Standardpcaclusters	1	116	mAOC417	mAOC-CD18	gene	ADT	mAOC-CD18	2.29021174310473	2.29021174310473	NA	ok	
Standardpcaclusters	2	652	mAOC417	mAOC-CD18	gene	ADT	mAOC-CD18	2.77082416372267	2.77082416372267	NA	ok	
Standardpcaclusters	3	2689	mAOC417	mAOC-CD18	gene	ADT	mAOC-CD18	3.19599822013157	3.19599822013157	NA	ok	
Standardpcaclusters	4	506	mAOC417	mAOC-CD18	gene	ADT	mAOC-CD18	4.15085764539536	4.15085764539536	NA	ok	
Standardpcaclusters	5	690	mAOC417	mAOC-CD18	gene	ADT	mAOC-CD18	2.09029028406242	2.09029028406242	NA	ok	
Standardpcaclusters	6	663	mAOC417	mAOC-CD18	gene	ADT	mAOC-CD18	2.45367461141606	2.45367461141606	NA	ok	
Standardpcaclusters	7	1552	mAOC417	mAOC-CD18	gene	ADT	mAOC-CD18	2.8019875100599	2.8019875100599	NA	ok	
Standardpcaclusters	8	2101	mAOC417	mAOC-CD18	gene	ADT	mAOC-CD18	1.95380859539214	1.95380859539214	NA	ok	
Standardpcaclusters	9	440	mAOC417	mAOC-CD18	gene	ADT	mAOC-CD18	1.04540886932037	1.04540886932037	NA	ok	
Standardpcaclusters	10	1898	mAOC417	mAOC-CD18	gene	ADT	mAOC-CD18	0.88993447727311	0.88993447727311	NA	ok	
Standardpcaclusters	11	346	mAOC417	mAOC-CD18	gene	ADT	mAOC-CD18	1.59802671977822	1.59802671977822	NA	ok	
Standardpcaclusters	12	135	mAOC417	mAOC-CD18	gene	ADT	mAOC-CD18	1.46120711343392	1.46120711343392	NA	ok	
Standardpcaclusters	13	1222	mAOC417	mAOC-CD18	gene	ADT	mAOC-CD18	2.3944912310947	2.3944912310947	NA	ok	
Standardpcaclusters	14	84	mAOC417	mAOC-CD18	gene	ADT	mAOC-CD18	0.329123997331445	0.329123997331445	NA	ok	
Standardpcaclusters	15	195	mAOC417	mAOC-CD18	gene	ADT	mAOC-CD18	4.43003999911278	4.43003999911278	NA	ok	
Standardpcaclusters	1	116	mAOC419	mAOC-CD11a	gene	ADT	mAOC-CD11a	2.20901766990022	2.20901766990022	NA	ok	
Standardpcaclusters	2	652	mAOC419	mAOC-CD11a	gene	ADT	mAOC-CD11a	2.36996020200169	2.36996020200169	NA	ok	
Standardpcaclusters	3	2689	mAOC419	mAOC-CD11a	gene	ADT	mAOC-CD11a	2.78233296572874	2.78233296572874	NA	ok	
Standardpcaclusters	4	506	mAOC419	mAOC-CD11a	gene	ADT	mAOC-CD11a	3.78164675565779	3.78164675565779	NA	ok	
Standardpcaclusters	5	690	mAOC419	mAOC-CD11a	gene	ADT	mAOC-CD11a	1.70481344048833	1.70481344048833	NA	ok	
Standardpcaclusters	6	663	mAOC419	mAOC-CD11a	gene	ADT	mAOC-CD11a	2.07198950275614	2.07198950275614	NA	ok	
Standardpcaclusters	7	1552	mAOC419	mAOC-CD11a	gene	ADT	mAOC-CD11a	2.34958677606965	2.34958677606965	NA	ok	
Standardpcaclusters	8	2101	mAOC419	mAOC-CD11a	gene	ADT	mAOC-CD11a	1.49729411385535	1.49729411385535	NA	ok	
Standardpcaclusters	9	440	mAOC419	mAOC-CD11a	gene	ADT	mAOC-CD11a	0.573833280485788	0.573833280485788	NA	ok	
Standardpcaclusters	10	1898	mAOC419	mAOC-CD11a	gene	ADT	mAOC-CD11a	0.535438112538585	0.535438112538585	NA	ok	
Standardpcaclusters	11	346	mAOC419	mAOC-CD11a	gene	ADT	mAOC-CD11a	1.1514272302109	1.1514272302109	NA	ok	
Standardpcaclusters	12	135	mAOC419	mAOC-CD11a	gene	ADT	mAOC-CD11a	1.08449058230501	1.08449058230501	NA	ok	
Standardpcaclusters	13	1222	mAOC419	mAOC-CD11a	gene	ADT	mAOC-CD11a	1.99363765632147	1.99363765632147	NA	ok	
Standardpcaclusters	14	84	mAOC419	mAOC-CD11a	gene	ADT	mAOC-CD11a	0.230107094968225	0.230107094968225	NA	ok	
Standardpcaclusters	15	195	mAOC419	mAOC-CD11a	gene	ADT	mAOC-CD11a	4.24904288318155	4.24904288318155	NA	ok	
Standardpcaclusters	1	116	mAOC421	mAOC-CD37	gene	ADT	mAOC-CD37	0.373999478096371	0.373999478096371	NA	ok	
Standardpcaclusters	2	652	mAOC421	mAOC-CD37	gene	ADT	mAOC-CD37	1.61257384266261	1.61257384266261	NA	ok	
Standardpcaclusters	3	2689	mAOC421	mAOC-CD37	gene	ADT	mAOC-CD37	0.0124012584289212	0.0124012584289212	NA	ok	
Standardpcaclusters	4	506	mAOC421	mAOC-CD37	gene	ADT	mAOC-CD37	0.100933958956464	0.100933958956464	NA	ok	
Standardpcaclusters	5	690	mAOC421	mAOC-CD37	gene	ADT	mAOC-CD37	0.0151820338002503	0.0151820338002503	NA	ok	
Standardpcaclusters	6	663	mAOC421	mAOC-CD37	gene	ADT	mAOC-CD37	0.0353151265994862	0.0353151265994862	NA	ok	
Standardpcaclusters	7	1552	mAOC421	mAOC-CD37	gene	ADT	mAOC-CD37	0.00412354975942505	0.00412354975942505	NA	ok	
Standardpcaclusters	8	2101	mAOC421	mAOC-CD37	gene	ADT	mAOC-CD37	0.00892603483526879	0.00892603483526879	NA	ok	
Standardpcaclusters	9	440	mAOC421	mAOC-CD37	gene	ADT	mAOC-CD37	0.0111748512968324	0.0111748512968324	NA	ok	
Standardpcaclusters	10	1898	mAOC421	mAOC-CD37	gene	ADT	mAOC-CD37	0.0135785122815157	0.0135785122815157	NA	ok	
Standardpcaclusters	11	346	mAOC421	mAOC-CD37	gene	ADT	mAOC-CD37	0.00536753968629564	0.00536753968629564	NA	ok	
Standardpcaclusters	12	135	mAOC421	mAOC-CD37	gene	ADT	mAOC-CD37	0.0764798726909502	0.0764798726909502	NA	ok	
Standardpcaclusters	13	1222	mAOC421	mAOC-CD37	gene	ADT	mAOC-CD37	0.061857757852975	0.061857757852975	NA	ok	
Standardpcaclusters	14	84	mAOC421	mAOC-CD37	gene	ADT	mAOC-CD37	0.131586757578146	0.131586757578146	NA	ok	
Standardpcaclusters	15	195	mAOC421	mAOC-CD37	gene	ADT	mAOC-CD37	0.124993010993967	0.124993010993967	NA	ok	
Standardpcaclusters	1	116	mAOC422	mAOC-CD26	gene	ADT	mAOC-CD26	0.858927148117363	0.858927148117363	NA	ok	
Standardpcaclusters	2	652	mAOC422	mAOC-CD26	gene	ADT	mAOC-CD26	0.137258337058916	0.137258337058916	NA	ok	
Standardpcaclusters	3	2689	mAOC422	mAOC-CD26	gene	ADT	mAOC-CD26	0.0593832713244508	0.0593832713244508	NA	ok	
Standardpcaclusters	4	506	mAOC422	mAOC-CD26	gene	ADT	mAOC-CD26	0.378688973317804	0.378688973317804	NA	ok	
Standardpcaclusters	5	690	mAOC422	mAOC-CD26	gene	ADT	mAOC-CD26	0.0362589715569112	0.0362589715569112	NA	ok	
Standardpcaclusters	6	663	mAOC422	mAOC-CD26	gene	ADT	mAOC-CD26	0.0508381274868976	0.0508381274868976	NA	ok	
Standardpcaclusters	7	1552	mAOC422	mAOC-CD26	gene	ADT	mAOC-CD26	0.153520019401232	0.153520019401232	NA	ok	
Standardpcaclusters	8	2101	mAOC422	mAOC-CD26	gene	ADT	mAOC-CD26	0.121943861863696	0.121943861863696	NA	ok	
Standardpcaclusters	9	440	mAOC422	mAOC-CD26	gene	ADT	mAOC-CD26	0.00928069293782531	0.00928069293782531	NA	ok	
Standardpcaclusters	10	1898	mAOC422	mAOC-CD26	gene	ADT	mAOC-CD26	0.0109859459798129	0.0109859459798129	NA	ok	
Standardpcaclusters	11	346	mAOC422	mAOC-CD26	gene	ADT	mAOC-CD26	0.00197664980587541	0.00197664980587541	NA	ok	
Standardpcaclusters	12	135	mAOC422	mAOC-CD26	gene	ADT	mAOC-CD26	0.128844548442339	0.128844548442339	NA	ok	
Standardpcaclusters	13	1222	mAOC422	mAOC-CD26	gene	ADT	mAOC-CD26	0.171859045219655	0.171859045219655	NA	ok	
Standardpcaclusters	14	84	mAOC422	mAOC-CD26	gene	ADT	mAOC-CD26	0.319290901138188	0.319290901138188	NA	ok	
Standardpcaclusters	15	195	mAOC422	mAOC-CD26	gene	ADT	mAOC-CD26	0.507901655518717	0.507901655518717	NA	ok	
Standardpcaclusters	1	116	mAOC423	mAOC-CD39	gene	ADT	mAOC-CD39	0.126079283224629	0.126079283224629	NA	ok	
Standardpcaclusters	2	652	mAOC423	mAOC-CD39	gene	ADT	mAOC-CD39	0.0309797864681838	0.0309797864681838	NA	ok	
Standardpcaclusters	3	2689	mAOC423	mAOC-CD39	gene	ADT	mAOC-CD39	0.00851406188522946	0.00851406188522946	NA	ok	
Standardpcaclusters	4	506	mAOC423	mAOC-CD39	gene	ADT	mAOC-CD39	0.00673331027168802	0.00673331027168802	NA	ok	
Standardpcaclusters	5	690	mAOC423	mAOC-CD39	gene	ADT	mAOC-CD39	0.0184501878751577	0.0184501878751577	NA	ok	
Standardpcaclusters	6	663	mAOC423	mAOC-CD39	gene	ADT	mAOC-CD39	0.0167690774062602	0.0167690774062602	NA	ok	
Standardpcaclusters	7	1552	mAOC423	mAOC-CD39	gene	ADT	mAOC-CD39	0.00417462043080243	0.00417462043080243	NA	ok	
Standardpcaclusters	8	2101	mAOC423	mAOC-CD39	gene	ADT	mAOC-CD39	0.00962460318807785	0.00962460318807785	NA	ok	
Standardpcaclusters	9	440	mAOC423	mAOC-CD39	gene	ADT	mAOC-CD39	0.00838382531736398	0.00838382531736398	NA	ok	
Standardpcaclusters	10	1898	mAOC423	mAOC-CD39	gene	ADT	mAOC-CD39	0.0111867200487789	0.0111867200487789	NA	ok	
Standardpcaclusters	11	346	mAOC423	mAOC-CD39	gene	ADT	mAOC-CD39	0.00612610472658628	0.00612610472658628	NA	ok	
Standardpcaclusters	12	135	mAOC423	mAOC-CD39	gene	ADT	mAOC-CD39	0.0631881002130671	0.0631881002130671	NA	ok	
Standardpcaclusters	13	1222	mAOC423	mAOC-CD39	gene	ADT	mAOC-CD39	0.0449980417727976	0.0449980417727976	NA	ok	
Standardpcaclusters	14	84	mAOC423	mAOC-CD39	gene	ADT	mAOC-CD39	0.142031332270955	0.142031332270955	NA	ok	
Standardpcaclusters	15	195	mAOC423	mAOC-CD39	gene	ADT	mAOC-CD39	0.0881795777088931	0.0881795777088931	NA	ok	
Standardpcaclusters	1	116	mAOC426	mAOC-CD172a	gene	ADT	mAOC-CD172a	0.981547663078187	0.981547663078187	NA	ok	
Standardpcaclusters	2	652	mAOC426	mAOC-CD172a	gene	ADT	mAOC-CD172a	0.199547029747857	0.199547029747857	NA	ok	
Standardpcaclusters	3	2689	mAOC426	mAOC-CD172a	gene	ADT	mAOC-CD172a	0.455075848495088	0.455075848495088	NA	ok	
Standardpcaclusters	4	506	mAOC426	mAOC-CD172a	gene	ADT	mAOC-CD172a	0.785913547273804	0.785913547273804	NA	ok	
Standardpcaclusters	5	690	mAOC426	mAOC-CD172a	gene	ADT	mAOC-CD172a	0.417023468911588	0.417023468911588	NA	ok	
Standardpcaclusters	6	663	mAOC426	mAOC-CD172a	gene	ADT	mAOC-CD172a	0.563072024242206	0.563072024242206	NA	ok	
Standardpcaclusters	7	1552	mAOC426	mAOC-CD172a	gene	ADT	mAOC-CD172a	1.09855294812979	1.09855294812979	NA	ok	
Standardpcaclusters	8	2101	mAOC426	mAOC-CD172a	gene	ADT	mAOC-CD172a	0.910440803061415	0.910440803061415	NA	ok	
Standardpcaclusters	9	440	mAOC426	mAOC-CD172a	gene	ADT	mAOC-CD172a	0.0996259890722013	0.0996259890722013	NA	ok	
Standardpcaclusters	10	1898	mAOC426	mAOC-CD172a	gene	ADT	mAOC-CD172a	0.290424417331644	0.290424417331644	NA	ok	
Standardpcaclusters	11	346	mAOC426	mAOC-CD172a	gene	ADT	mAOC-CD172a	0.424784302967778	0.424784302967778	NA	ok	
Standardpcaclusters	12	135	mAOC426	mAOC-CD172a	gene	ADT	mAOC-CD172a	0.332247772104405	0.332247772104405	NA	ok	
Standardpcaclusters	13	1222	mAOC426	mAOC-CD172a	gene	ADT	mAOC-CD172a	0.53936327577545	0.53936327577545	NA	ok	
Standardpcaclusters	14	84	mAOC426	mAOC-CD172a	gene	ADT	mAOC-CD172a	0.199847285615889	0.199847285615889	NA	ok	
Standardpcaclusters	15	195	mAOC426	mAOC-CD172a	gene	ADT	mAOC-CD172a	3.95329219898163	3.95329219898163	NA	ok	
