group_by	group_level	n_cells	feature_id	feature_name	target_class	validation_assay	validation_feature	mean_ADT_CLR	status	message	mean_RNA_lognormalized
Adult_cHSPCs_Ultima_majority_voting	B	652	FADT0041	mAOC-CD80	gene	RNA	CD80	0.0461405394154555	ok		0.0290399456063094
Adult_cHSPCs_Ultima_majority_voting	CLP	506	FADT0041	mAOC-CD80	gene	RNA	CD80	0.0164174772594065	ok		0.0110690016838002
Adult_cHSPCs_Ultima_majority_voting	ERYP	440	FADT0041	mAOC-CD80	gene	RNA	CD80	0.00550584468228644	ok		0.0104930165556421
Adult_cHSPCs_Ultima_majority_voting	GMP-L	663	FADT0041	mAOC-CD80	gene	RNA	CD80	0.0210140407299048	ok		0.0014072506176295
Adult_cHSPCs_Ultima_majority_voting	HSC_MPP	8254	FADT0041	mAOC-CD80	gene	RNA	CD80	0.0265817763746231	ok		0.00272030177708298
Adult_cHSPCs_Ultima_majority_voting	MEBEMP-L	1898	FADT0041	mAOC-CD80	gene	RNA	CD80	0.015184866743222	ok		0.0123410404446057
Adult_cHSPCs_Ultima_majority_voting	MKP	565	FADT0041	mAOC-CD80	gene	RNA	CD80	0.0342280085797826	ok		0.0036597944125288
Adult_cHSPCs_Ultima_majority_voting	Monocyte	195	FADT0041	mAOC-CD80	gene	RNA	CD80	0.0745930984839727	ok		0.226264589842911
Adult_cHSPCs_Ultima_majority_voting	NK/T	116	FADT0041	mAOC-CD80	gene	RNA	CD80	0.167587218062953	ok		0
Adult_cHSPCs_Ultima_majority_voting	B	652	FADT0042	mAOC-CD21	gene	RNA	CR2	3.52003778013939	ok		0.164088006412352
Adult_cHSPCs_Ultima_majority_voting	CLP	506	FADT0042	mAOC-CD21	gene	RNA	CR2	0.654783634146385	ok		0.00187308863267561
Adult_cHSPCs_Ultima_majority_voting	ERYP	440	FADT0042	mAOC-CD21	gene	RNA	CR2	0.0194132647337176	ok		0.000613515772293451
Adult_cHSPCs_Ultima_majority_voting	GMP-L	663	FADT0042	mAOC-CD21	gene	RNA	CR2	0.219289466153151	ok		0.00213077214382544
Adult_cHSPCs_Ultima_majority_voting	HSC_MPP	8254	FADT0042	mAOC-CD21	gene	RNA	CR2	0.0761822246161354	ok		0.000539205497339997
Adult_cHSPCs_Ultima_majority_voting	MEBEMP-L	1898	FADT0042	mAOC-CD21	gene	RNA	CR2	0.0182559794062787	ok		0
Adult_cHSPCs_Ultima_majority_voting	MKP	565	FADT0042	mAOC-CD21	gene	RNA	CR2	0.034374942904986	ok		0.00296204909155453
Adult_cHSPCs_Ultima_majority_voting	Monocyte	195	FADT0042	mAOC-CD21	gene	RNA	CR2	0.217156119964452	ok		0.0192581208687651
Adult_cHSPCs_Ultima_majority_voting	NK/T	116	FADT0042	mAOC-CD21	gene	RNA	CR2	1.80368756331458	ok		0.0105201859076969
Adult_cHSPCs_Ultima_majority_voting	B	652	FADT0043	mAOC-CD19	gene	RNA	CD19	0.00159659603790393	ok		0.276915490635946
Adult_cHSPCs_Ultima_majority_voting	CLP	506	FADT0043	mAOC-CD19	gene	RNA	CD19	0	ok		0.00850476294660813
Adult_cHSPCs_Ultima_majority_voting	ERYP	440	FADT0043	mAOC-CD19	gene	RNA	CD19	0	ok		0
Adult_cHSPCs_Ultima_majority_voting	GMP-L	663	FADT0043	mAOC-CD19	gene	RNA	CD19	1.71341994563443e-05	ok		0.000758326994263941
Adult_cHSPCs_Ultima_majority_voting	HSC_MPP	8254	FADT0043	mAOC-CD19	gene	RNA	CD19	2.95518946990315e-05	ok		0.00278631649094057
Adult_cHSPCs_Ultima_majority_voting	MEBEMP-L	1898	FADT0043	mAOC-CD19	gene	RNA	CD19	5.69655885027469e-05	ok		0
Adult_cHSPCs_Ultima_majority_voting	MKP	565	FADT0043	mAOC-CD19	gene	RNA	CD19	0	ok		0.00197714039484922
Adult_cHSPCs_Ultima_majority_voting	Monocyte	195	FADT0043	mAOC-CD19	gene	RNA	CD19	0.00266927876735108	ok		0.00454768870865798
Adult_cHSPCs_Ultima_majority_voting	NK/T	116	FADT0043	mAOC-CD19	gene	RNA	CD19	0	ok		0.0779375800129352
Adult_cHSPCs_Ultima_majority_voting	B	652	FADT0046	mAOC-CD4	gene	RNA	CD4	0.272546455381825	ok		0
Adult_cHSPCs_Ultima_majority_voting	CLP	506	FADT0046	mAOC-CD4	gene	RNA	CD4	1.04875935662766	ok		0.0325124429518906
Adult_cHSPCs_Ultima_majority_voting	ERYP	440	FADT0046	mAOC-CD4	gene	RNA	CD4	1.37708978663311	ok		0.029081500656297
Adult_cHSPCs_Ultima_majority_voting	GMP-L	663	FADT0046	mAOC-CD4	gene	RNA	CD4	0.724000779472757	ok		0.0112845771316788
Adult_cHSPCs_Ultima_majority_voting	HSC_MPP	8254	FADT0046	mAOC-CD4	gene	RNA	CD4	1.16756539333463	ok		0.0127897888750484
Adult_cHSPCs_Ultima_majority_voting	MEBEMP-L	1898	FADT0046	mAOC-CD4	gene	RNA	CD4	0.518849518510379	ok		0.00762950397719229
Adult_cHSPCs_Ultima_majority_voting	MKP	565	FADT0046	mAOC-CD4	gene	RNA	CD4	0.68772668335284	ok		0.0179662688339299
Adult_cHSPCs_Ultima_majority_voting	Monocyte	195	FADT0046	mAOC-CD4	gene	RNA	CD4	2.23986589228484	ok		0.276087494304599
Adult_cHSPCs_Ultima_majority_voting	NK/T	116	FADT0046	mAOC-CD4	gene	RNA	CD4	1.41069471139761	ok		0.086580718248096
Adult_cHSPCs_Ultima_majority_voting	B	652	FADT0158	mAOC-CD27	gene	RNA	CD27	0.0516757039968351	ok		0.00181145129658598
Adult_cHSPCs_Ultima_majority_voting	CLP	506	FADT0158	mAOC-CD27	gene	RNA	CD27	0.00416785648882505	ok		0.003094897934593
Adult_cHSPCs_Ultima_majority_voting	ERYP	440	FADT0158	mAOC-CD27	gene	RNA	CD27	0.00447520963701837	ok		0
Adult_cHSPCs_Ultima_majority_voting	GMP-L	663	FADT0158	mAOC-CD27	gene	RNA	CD27	0.00592560134551563	ok		0
Adult_cHSPCs_Ultima_majority_voting	HSC_MPP	8254	FADT0158	mAOC-CD27	gene	RNA	CD27	0.0091896774231952	ok		0.0035844230118481
Adult_cHSPCs_Ultima_majority_voting	MEBEMP-L	1898	FADT0158	mAOC-CD27	gene	RNA	CD27	0.00678533090966944	ok		0.000579970430464376
Adult_cHSPCs_Ultima_majority_voting	MKP	565	FADT0158	mAOC-CD27	gene	RNA	CD27	0.0148528617769385	ok		0.00453962835275517
Adult_cHSPCs_Ultima_majority_voting	Monocyte	195	FADT0158	mAOC-CD27	gene	RNA	CD27	0.00814334298301012	ok		0.00597221930599189
Adult_cHSPCs_Ultima_majority_voting	NK/T	116	FADT0158	mAOC-CD27	gene	RNA	CD27	0.801182832683861	ok		0.260605124055249
Adult_cHSPCs_Ultima_majority_voting	B	652	FADT0159	mAOC-CD28	gene	RNA	CD28	0.12558717954346	ok		0.0037406205787294
Adult_cHSPCs_Ultima_majority_voting	CLP	506	FADT0159	mAOC-CD28	gene	RNA	CD28	0.0314655767604982	ok		0.00218123471972451
Adult_cHSPCs_Ultima_majority_voting	ERYP	440	FADT0159	mAOC-CD28	gene	RNA	CD28	0.00727356149288093	ok		0.00103865338176538
Adult_cHSPCs_Ultima_majority_voting	GMP-L	663	FADT0159	mAOC-CD28	gene	RNA	CD28	0.0226528868825314	ok		0
Adult_cHSPCs_Ultima_majority_voting	HSC_MPP	8254	FADT0159	mAOC-CD28	gene	RNA	CD28	0.0212249176876241	ok		0.000560298387303955
Adult_cHSPCs_Ultima_majority_voting	MEBEMP-L	1898	FADT0159	mAOC-CD28	gene	RNA	CD28	0.0151610895190229	ok		0
Adult_cHSPCs_Ultima_majority_voting	MKP	565	FADT0159	mAOC-CD28	gene	RNA	CD28	0.0502302566379067	ok		0.00463548748583054
Adult_cHSPCs_Ultima_majority_voting	Monocyte	195	FADT0159	mAOC-CD28	gene	RNA	CD28	0.113609300325569	ok		0
Adult_cHSPCs_Ultima_majority_voting	NK/T	116	FADT0159	mAOC-CD28	gene	RNA	CD28	0.464264681811318	ok		0.0866468302201781
Adult_cHSPCs_Ultima_majority_voting	B	652	FADT0160	mAOC-CD161	gene	RNA	KLRB1	0.133462993679972	ok		0
Adult_cHSPCs_Ultima_majority_voting	CLP	506	FADT0160	mAOC-CD161	gene	RNA	KLRB1	0.0599861803306031	ok		0.00886752807808782
Adult_cHSPCs_Ultima_majority_voting	ERYP	440	FADT0160	mAOC-CD161	gene	RNA	KLRB1	0.0156754144548264	ok		0
Adult_cHSPCs_Ultima_majority_voting	GMP-L	663	FADT0160	mAOC-CD161	gene	RNA	KLRB1	0.0443086898991079	ok		0.000728251346614615
Adult_cHSPCs_Ultima_majority_voting	HSC_MPP	8254	FADT0160	mAOC-CD161	gene	RNA	KLRB1	0.0265456349136306	ok		0.00150350715947496
Adult_cHSPCs_Ultima_majority_voting	MEBEMP-L	1898	FADT0160	mAOC-CD161	gene	RNA	KLRB1	0.0205100201477626	ok		0.000344285671976053
Adult_cHSPCs_Ultima_majority_voting	MKP	565	FADT0160	mAOC-CD161	gene	RNA	KLRB1	0.0555474832801496	ok		0.00335407883312899
Adult_cHSPCs_Ultima_majority_voting	Monocyte	195	FADT0160	mAOC-CD161	gene	RNA	KLRB1	0.130189734786463	ok		0
Adult_cHSPCs_Ultima_majority_voting	NK/T	116	FADT0160	mAOC-CD161	gene	RNA	KLRB1	0.573450650397814	ok		0.303584965860912
Adult_cHSPCs_Ultima_majority_voting	B	652	FADT0161	mAOC-CD38	gene	RNA	CD38	3.98129160003969	ok		0.193506680125956
Adult_cHSPCs_Ultima_majority_voting	CLP	506	FADT0161	mAOC-CD38	gene	RNA	CD38	3.29220517568028	ok		0.131669491183293
Adult_cHSPCs_Ultima_majority_voting	ERYP	440	FADT0161	mAOC-CD38	gene	RNA	CD38	4.46531720363702	ok		0.392460069741266
Adult_cHSPCs_Ultima_majority_voting	GMP-L	663	FADT0161	mAOC-CD38	gene	RNA	CD38	4.61683111506275	ok		0.340178409953825
Adult_cHSPCs_Ultima_majority_voting	HSC_MPP	8254	FADT0161	mAOC-CD38	gene	RNA	CD38	3.01181424991942	ok		0.0737613277300549
Adult_cHSPCs_Ultima_majority_voting	MEBEMP-L	1898	FADT0161	mAOC-CD38	gene	RNA	CD38	3.26670639931547	ok		0.122570604293703
Adult_cHSPCs_Ultima_majority_voting	MKP	565	FADT0161	mAOC-CD38	gene	RNA	CD38	3.41387904117918	ok		0.149112826298679
Adult_cHSPCs_Ultima_majority_voting	Monocyte	195	FADT0161	mAOC-CD38	gene	RNA	CD38	2.82106963579745	ok		0.0531320652086208
Adult_cHSPCs_Ultima_majority_voting	NK/T	116	FADT0161	mAOC-CD38	gene	RNA	CD38	4.27309115220156	ok		0.45550813944898
Adult_cHSPCs_Ultima_majority_voting	B	652	FADT0166	mAOC-CD1d	gene	RNA	CD1D	0.106946045290603	ok		0.00145799919388839
Adult_cHSPCs_Ultima_majority_voting	CLP	506	FADT0166	mAOC-CD1d	gene	RNA	CD1D	0.0632460840096357	ok		0.00279477668892911
Adult_cHSPCs_Ultima_majority_voting	ERYP	440	FADT0166	mAOC-CD1d	gene	RNA	CD1D	0.0230124702737063	ok		0
Adult_cHSPCs_Ultima_majority_voting	GMP-L	663	FADT0166	mAOC-CD1d	gene	RNA	CD1D	0.0422393019186813	ok		0.00183150382218386
Adult_cHSPCs_Ultima_majority_voting	HSC_MPP	8254	FADT0166	mAOC-CD1d	gene	RNA	CD1D	0.040541302072385	ok		0.000261632755041957
Adult_cHSPCs_Ultima_majority_voting	MEBEMP-L	1898	FADT0166	mAOC-CD1d	gene	RNA	CD1D	0.0237370129807142	ok		0
Adult_cHSPCs_Ultima_majority_voting	MKP	565	FADT0166	mAOC-CD1d	gene	RNA	CD1D	0.0498284200564141	ok		0.00170653271487835
Adult_cHSPCs_Ultima_majority_voting	Monocyte	195	FADT0166	mAOC-CD1d	gene	RNA	CD1D	0.128261686551632	ok		0.0156802055815629
Adult_cHSPCs_Ultima_majority_voting	NK/T	116	FADT0166	mAOC-CD1d	gene	RNA	CD1D	0.377846610329887	ok		0
Adult_cHSPCs_Ultima_majority_voting	B	652	FADT0167	mAOC-CD22	gene	RNA	CD22	3.03392432329295	ok		0.643726503704199
Adult_cHSPCs_Ultima_majority_voting	CLP	506	FADT0167	mAOC-CD22	gene	RNA	CD22	1.22903368148732	ok		0.0727799509679015
Adult_cHSPCs_Ultima_majority_voting	ERYP	440	FADT0167	mAOC-CD22	gene	RNA	CD22	0.0294527316884023	ok		0.0019248115666391
Adult_cHSPCs_Ultima_majority_voting	GMP-L	663	FADT0167	mAOC-CD22	gene	RNA	CD22	0.104939875812475	ok		0.00471305450972363
Adult_cHSPCs_Ultima_majority_voting	HSC_MPP	8254	FADT0167	mAOC-CD22	gene	RNA	CD22	0.113882296140018	ok		0.0252542845682787
Adult_cHSPCs_Ultima_majority_voting	MEBEMP-L	1898	FADT0167	mAOC-CD22	gene	RNA	CD22	0.0200390833064656	ok		0.00207646837532983
Adult_cHSPCs_Ultima_majority_voting	MKP	565	FADT0167	mAOC-CD22	gene	RNA	CD22	0.0537289012696247	ok		0.00757441355549436
Adult_cHSPCs_Ultima_majority_voting	Monocyte	195	FADT0167	mAOC-CD22	gene	RNA	CD22	0.240964962718188	ok		0.0686969858216695
Adult_cHSPCs_Ultima_majority_voting	NK/T	116	FADT0167	mAOC-CD22	gene	RNA	CD22	1.07729233799779	ok		0.203359685137447
Adult_cHSPCs_Ultima_majority_voting	B	652	FADT0170	Tag-ALFA	gene	RNA	Tag-ALFA	0.0747924121492042	missing_validation_feature	Feature not found in RNA: Tag-ALFA	NA
Adult_cHSPCs_Ultima_majority_voting	CLP	506	FADT0170	Tag-ALFA	gene	RNA	Tag-ALFA	0.029318374607635	missing_validation_feature	Feature not found in RNA: Tag-ALFA	NA
Adult_cHSPCs_Ultima_majority_voting	ERYP	440	FADT0170	Tag-ALFA	gene	RNA	Tag-ALFA	0.0174713011118076	missing_validation_feature	Feature not found in RNA: Tag-ALFA	NA
Adult_cHSPCs_Ultima_majority_voting	GMP-L	663	FADT0170	Tag-ALFA	gene	RNA	Tag-ALFA	0.0253621577406186	missing_validation_feature	Feature not found in RNA: Tag-ALFA	NA
Adult_cHSPCs_Ultima_majority_voting	HSC_MPP	8254	FADT0170	Tag-ALFA	gene	RNA	Tag-ALFA	0.0276826738369097	missing_validation_feature	Feature not found in RNA: Tag-ALFA	NA
Adult_cHSPCs_Ultima_majority_voting	MEBEMP-L	1898	FADT0170	Tag-ALFA	gene	RNA	Tag-ALFA	0.0219207556714184	missing_validation_feature	Feature not found in RNA: Tag-ALFA	NA
Adult_cHSPCs_Ultima_majority_voting	MKP	565	FADT0170	Tag-ALFA	gene	RNA	Tag-ALFA	0.0946378808076809	missing_validation_feature	Feature not found in RNA: Tag-ALFA	NA
Adult_cHSPCs_Ultima_majority_voting	Monocyte	195	FADT0170	Tag-ALFA	gene	RNA	Tag-ALFA	0.0737547674348454	missing_validation_feature	Feature not found in RNA: Tag-ALFA	NA
Adult_cHSPCs_Ultima_majority_voting	NK/T	116	FADT0170	Tag-ALFA	gene	RNA	Tag-ALFA	0.272398355336194	missing_validation_feature	Feature not found in RNA: Tag-ALFA	NA
Adult_cHSPCs_Ultima_majority_voting	B	652	FADT0175	mAOC-CD340	gene	RNA	ERBB2	0.0129300845733347	ok		0.00362584061391658
Adult_cHSPCs_Ultima_majority_voting	CLP	506	FADT0175	mAOC-CD340	gene	RNA	ERBB2	0.00590961189817672	ok		0.0121424344381397
Adult_cHSPCs_Ultima_majority_voting	ERYP	440	FADT0175	mAOC-CD340	gene	RNA	ERBB2	0.00182901781485014	ok		0.00487043036946873
Adult_cHSPCs_Ultima_majority_voting	GMP-L	663	FADT0175	mAOC-CD340	gene	RNA	ERBB2	0.00801648286781345	ok		0.0049598993769773
Adult_cHSPCs_Ultima_majority_voting	HSC_MPP	8254	FADT0175	mAOC-CD340	gene	RNA	ERBB2	0.00768036933054442	ok		0.00622396568005546
Adult_cHSPCs_Ultima_majority_voting	MEBEMP-L	1898	FADT0175	mAOC-CD340	gene	RNA	ERBB2	0.00686233446256308	ok		0.00301185645466703
Adult_cHSPCs_Ultima_majority_voting	MKP	565	FADT0175	mAOC-CD340	gene	RNA	ERBB2	0.0227667097709513	ok		0.00750183807343755
Adult_cHSPCs_Ultima_majority_voting	Monocyte	195	FADT0175	mAOC-CD340	gene	RNA	ERBB2	0.0388598173045672	ok		0
Adult_cHSPCs_Ultima_majority_voting	NK/T	116	FADT0175	mAOC-CD340	gene	RNA	ERBB2	0.0674054451469735	ok		0
Adult_cHSPCs_Ultima_majority_voting	B	652	FADT0180	mAOC-CD86	gene	RNA	CD86	0.207997504532432	ok		0.0850999261289485
Adult_cHSPCs_Ultima_majority_voting	CLP	506	FADT0180	mAOC-CD86	gene	RNA	CD86	0.554090263807187	ok		0.107812134019235
Adult_cHSPCs_Ultima_majority_voting	ERYP	440	FADT0180	mAOC-CD86	gene	RNA	CD86	0.0139549782609013	ok		0.00121221068707166
Adult_cHSPCs_Ultima_majority_voting	GMP-L	663	FADT0180	mAOC-CD86	gene	RNA	CD86	0.16087237070487	ok		0.00508171660812703
Adult_cHSPCs_Ultima_majority_voting	HSC_MPP	8254	FADT0180	mAOC-CD86	gene	RNA	CD86	0.0400422460564594	ok		0.00381666617183577
Adult_cHSPCs_Ultima_majority_voting	MEBEMP-L	1898	FADT0180	mAOC-CD86	gene	RNA	CD86	0.0199489909185034	ok		0.00046980821095124
Adult_cHSPCs_Ultima_majority_voting	MKP	565	FADT0180	mAOC-CD86	gene	RNA	CD86	0.0535576748075614	ok		0.0141139289657249
Adult_cHSPCs_Ultima_majority_voting	Monocyte	195	FADT0180	mAOC-CD86	gene	RNA	CD86	2.11194659398435	ok		0.186651717082552
Adult_cHSPCs_Ultima_majority_voting	NK/T	116	FADT0180	mAOC-CD86	gene	RNA	CD86	0.35846786812459	ok		0
Adult_cHSPCs_Ultima_majority_voting	B	652	FADT0186	mAOC-CD223	gene	RNA	LAG3	0.0280812224397322	ok		0
Adult_cHSPCs_Ultima_majority_voting	CLP	506	FADT0186	mAOC-CD223	gene	RNA	LAG3	0.0991207333796769	ok		0.00112347626456217
Adult_cHSPCs_Ultima_majority_voting	ERYP	440	FADT0186	mAOC-CD223	gene	RNA	LAG3	0.00499659861721308	ok		0
Adult_cHSPCs_Ultima_majority_voting	GMP-L	663	FADT0186	mAOC-CD223	gene	RNA	LAG3	0.0255693191037238	ok		0.00208542966579355
Adult_cHSPCs_Ultima_majority_voting	HSC_MPP	8254	FADT0186	mAOC-CD223	gene	RNA	LAG3	0.0731787748181636	ok		0.00473647085982036
Adult_cHSPCs_Ultima_majority_voting	MEBEMP-L	1898	FADT0186	mAOC-CD223	gene	RNA	LAG3	0.0142799523106347	ok		0.000838049946478984
Adult_cHSPCs_Ultima_majority_voting	MKP	565	FADT0186	mAOC-CD223	gene	RNA	LAG3	0.0424251410610729	ok		0.00208914337960001
Adult_cHSPCs_Ultima_majority_voting	Monocyte	195	FADT0186	mAOC-CD223	gene	RNA	LAG3	0.266651109324577	ok		0
Adult_cHSPCs_Ultima_majority_voting	NK/T	116	FADT0186	mAOC-CD223	gene	RNA	LAG3	0.105576919754754	ok		0
Adult_cHSPCs_Ultima_majority_voting	B	652	mAOC0297	mAOC-CD100	gene	RNA	SEMA4D	0.0178773904073247	ok		0.00950056758421008
Adult_cHSPCs_Ultima_majority_voting	CLP	506	mAOC0297	mAOC-CD100	gene	RNA	SEMA4D	0.452031786063341	ok		0.351970000400491
Adult_cHSPCs_Ultima_majority_voting	ERYP	440	mAOC0297	mAOC-CD100	gene	RNA	SEMA4D	1.40751010498484	ok		0.304174388673911
Adult_cHSPCs_Ultima_majority_voting	GMP-L	663	mAOC0297	mAOC-CD100	gene	RNA	SEMA4D	0.626759536522239	ok		0.489796453707128
Adult_cHSPCs_Ultima_majority_voting	HSC_MPP	8254	mAOC0297	mAOC-CD100	gene	RNA	SEMA4D	0.542726619650636	ok		0.324358988908502
Adult_cHSPCs_Ultima_majority_voting	MEBEMP-L	1898	mAOC0297	mAOC-CD100	gene	RNA	SEMA4D	1.10517603251418	ok		0.323476819037123
Adult_cHSPCs_Ultima_majority_voting	MKP	565	mAOC0297	mAOC-CD100	gene	RNA	SEMA4D	0.941911902078262	ok		0.306686371406894
Adult_cHSPCs_Ultima_majority_voting	Monocyte	195	mAOC0297	mAOC-CD100	gene	RNA	SEMA4D	0.0339789540694419	ok		0.650136244116815
Adult_cHSPCs_Ultima_majority_voting	NK/T	116	mAOC0297	mAOC-CD100	gene	RNA	SEMA4D	0.238549714110891	ok		0.103032848553228
Adult_cHSPCs_Ultima_majority_voting	B	652	mAOC0301	mAOC-CD16	gene	RNA	FCGR3A	0.00710538138293779	ok		0
Adult_cHSPCs_Ultima_majority_voting	CLP	506	mAOC0301	mAOC-CD16	gene	RNA	FCGR3A	0.00139788158991948	ok		0
Adult_cHSPCs_Ultima_majority_voting	ERYP	440	mAOC0301	mAOC-CD16	gene	RNA	FCGR3A	0.00254547921013304	ok		0
Adult_cHSPCs_Ultima_majority_voting	GMP-L	663	mAOC0301	mAOC-CD16	gene	RNA	FCGR3A	0.00263219160800674	ok		0
Adult_cHSPCs_Ultima_majority_voting	HSC_MPP	8254	mAOC0301	mAOC-CD16	gene	RNA	FCGR3A	0.00121591744720333	ok		0
Adult_cHSPCs_Ultima_majority_voting	MEBEMP-L	1898	mAOC0301	mAOC-CD16	gene	RNA	FCGR3A	0.00193430536482546	ok		0.000915321035917819
Adult_cHSPCs_Ultima_majority_voting	MKP	565	mAOC0301	mAOC-CD16	gene	RNA	FCGR3A	0.00825633958335721	ok		0
Adult_cHSPCs_Ultima_majority_voting	Monocyte	195	mAOC0301	mAOC-CD16	gene	RNA	FCGR3A	0.0147275877539539	ok		0.0864336524623052
Adult_cHSPCs_Ultima_majority_voting	NK/T	116	mAOC0301	mAOC-CD16	gene	RNA	FCGR3A	0.143989490517096	ok		0.156031964961208
Adult_cHSPCs_Ultima_majority_voting	B	652	mAOC0303	mAOC-CD56	gene	RNA	NCAM1	0.0051967517675551	ok		0
Adult_cHSPCs_Ultima_majority_voting	CLP	506	mAOC0303	mAOC-CD56	gene	RNA	NCAM1	0.0026130165150544	ok		0.00846908632917602
Adult_cHSPCs_Ultima_majority_voting	ERYP	440	mAOC0303	mAOC-CD56	gene	RNA	NCAM1	0.000445220351731573	ok		0
Adult_cHSPCs_Ultima_majority_voting	GMP-L	663	mAOC0303	mAOC-CD56	gene	RNA	NCAM1	0.00347857061151602	ok		0.000806156832932506
Adult_cHSPCs_Ultima_majority_voting	HSC_MPP	8254	mAOC0303	mAOC-CD56	gene	RNA	NCAM1	0.00229787475057115	ok		0.00239249221528613
Adult_cHSPCs_Ultima_majority_voting	MEBEMP-L	1898	mAOC0303	mAOC-CD56	gene	RNA	NCAM1	0.00386326077930304	ok		0
Adult_cHSPCs_Ultima_majority_voting	MKP	565	mAOC0303	mAOC-CD56	gene	RNA	NCAM1	0.0135752665050355	ok		0.00294627957535326
Adult_cHSPCs_Ultima_majority_voting	Monocyte	195	mAOC0303	mAOC-CD56	gene	RNA	NCAM1	0.00861925874463794	ok		0.0187652811347021
Adult_cHSPCs_Ultima_majority_voting	NK/T	116	mAOC0303	mAOC-CD56	gene	RNA	NCAM1	0.0355977689465348	ok		0.0115558561685601
Adult_cHSPCs_Ultima_majority_voting	B	652	mAOC0305	mAOC-CD8a	gene	RNA	CD8A	0.0562466758197277	ok		0
Adult_cHSPCs_Ultima_majority_voting	CLP	506	mAOC0305	mAOC-CD8a	gene	RNA	CD8A	0.0223344840815607	ok		0.00151505330735201
Adult_cHSPCs_Ultima_majority_voting	ERYP	440	mAOC0305	mAOC-CD8a	gene	RNA	CD8A	0.00610649498621437	ok		0.00348525653197998
Adult_cHSPCs_Ultima_majority_voting	GMP-L	663	mAOC0305	mAOC-CD8a	gene	RNA	CD8A	0.031218026227536	ok		0.00762796398188333
Adult_cHSPCs_Ultima_majority_voting	HSC_MPP	8254	mAOC0305	mAOC-CD8a	gene	RNA	CD8A	0.0159611491625528	ok		0.00783025820566948
Adult_cHSPCs_Ultima_majority_voting	MEBEMP-L	1898	mAOC0305	mAOC-CD8a	gene	RNA	CD8A	0.00556667772121041	ok		0.0039849463616367
Adult_cHSPCs_Ultima_majority_voting	MKP	565	mAOC0305	mAOC-CD8a	gene	RNA	CD8A	0.0190929008544432	ok		0.0053660032061754
Adult_cHSPCs_Ultima_majority_voting	Monocyte	195	mAOC0305	mAOC-CD8a	gene	RNA	CD8A	0.0233783088423467	ok		0
Adult_cHSPCs_Ultima_majority_voting	NK/T	116	mAOC0305	mAOC-CD8a	gene	RNA	CD8A	0.826864092450635	ok		0.143402919979738
Adult_cHSPCs_Ultima_majority_voting	B	652	mAOC0315	mAOC-CD3	gene	RNA	CD3E	0.200354265085517	ok		0.00417367892631336
Adult_cHSPCs_Ultima_majority_voting	CLP	506	mAOC0315	mAOC-CD3	gene	RNA	CD3E	0.02850471884601	ok		0.0723982482307995
Adult_cHSPCs_Ultima_majority_voting	ERYP	440	mAOC0315	mAOC-CD3	gene	RNA	CD3E	0.0379219110817812	ok		0.00154986074042908
Adult_cHSPCs_Ultima_majority_voting	GMP-L	663	mAOC0315	mAOC-CD3	gene	RNA	CD3E	0.057557130506192	ok		0.00286116931476533
Adult_cHSPCs_Ultima_majority_voting	HSC_MPP	8254	mAOC0315	mAOC-CD3	gene	RNA	CD3E	0.0560666130664088	ok		0.0165168913794364
Adult_cHSPCs_Ultima_majority_voting	MEBEMP-L	1898	mAOC0315	mAOC-CD3	gene	RNA	CD3E	0.0310412601557281	ok		0.000235111753024467
Adult_cHSPCs_Ultima_majority_voting	MKP	565	mAOC0315	mAOC-CD3	gene	RNA	CD3E	0.0717598709525484	ok		0.00565985914227876
Adult_cHSPCs_Ultima_majority_voting	Monocyte	195	mAOC0315	mAOC-CD3	gene	RNA	CD3E	0.0598056510159697	ok		0.00341466615368624
Adult_cHSPCs_Ultima_majority_voting	NK/T	116	mAOC0315	mAOC-CD3	gene	RNA	CD3E	1.15085208855427	ok		0.521605418192987
Adult_cHSPCs_Ultima_majority_voting	B	652	mAOC0319	mAOC-CD79b	gene	RNA	CD79B	0.153962196716304	ok		0.676737702893963
Adult_cHSPCs_Ultima_majority_voting	CLP	506	mAOC0319	mAOC-CD79b	gene	RNA	CD79B	0.00613603003829838	ok		0.0440288589835161
Adult_cHSPCs_Ultima_majority_voting	ERYP	440	mAOC0319	mAOC-CD79b	gene	RNA	CD79B	0.00370872059088701	ok		0.0114253162445307
Adult_cHSPCs_Ultima_majority_voting	GMP-L	663	mAOC0319	mAOC-CD79b	gene	RNA	CD79B	0.00910574350517136	ok		0.0230838495226803
Adult_cHSPCs_Ultima_majority_voting	HSC_MPP	8254	mAOC0319	mAOC-CD79b	gene	RNA	CD79B	0.00538281431323727	ok		0.0242990814133045
Adult_cHSPCs_Ultima_majority_voting	MEBEMP-L	1898	mAOC0319	mAOC-CD79b	gene	RNA	CD79B	0.00586028076038351	ok		0.00344443198469694
Adult_cHSPCs_Ultima_majority_voting	MKP	565	mAOC0319	mAOC-CD79b	gene	RNA	CD79B	0.0167882795565133	ok		0.0367659439251347
Adult_cHSPCs_Ultima_majority_voting	Monocyte	195	mAOC0319	mAOC-CD79b	gene	RNA	CD79B	0.0305385916193588	ok		0.0130695974926586
Adult_cHSPCs_Ultima_majority_voting	NK/T	116	mAOC0319	mAOC-CD79b	gene	RNA	CD79B	0.0772287664967989	ok		1.09862232996543
Adult_cHSPCs_Ultima_majority_voting	B	652	mAOC0321	mAOC-CD57	gene	RNA	B3GAT1	0.00355354732331572	ok		0
Adult_cHSPCs_Ultima_majority_voting	CLP	506	mAOC0321	mAOC-CD57	gene	RNA	B3GAT1	0	ok		0
Adult_cHSPCs_Ultima_majority_voting	ERYP	440	mAOC0321	mAOC-CD57	gene	RNA	B3GAT1	0.00127962291144179	ok		0
Adult_cHSPCs_Ultima_majority_voting	GMP-L	663	mAOC0321	mAOC-CD57	gene	RNA	B3GAT1	0.00475927140962783	ok		0
Adult_cHSPCs_Ultima_majority_voting	HSC_MPP	8254	mAOC0321	mAOC-CD57	gene	RNA	B3GAT1	0.00301000283949298	ok		5.66487682912608e-05
Adult_cHSPCs_Ultima_majority_voting	MEBEMP-L	1898	mAOC0321	mAOC-CD57	gene	RNA	B3GAT1	5.69655885027469e-05	ok		0.000707247975810575
Adult_cHSPCs_Ultima_majority_voting	MKP	565	mAOC0321	mAOC-CD57	gene	RNA	B3GAT1	0.00472344548249885	ok		0
Adult_cHSPCs_Ultima_majority_voting	Monocyte	195	mAOC0321	mAOC-CD57	gene	RNA	B3GAT1	0.00681121288515419	ok		0
Adult_cHSPCs_Ultima_majority_voting	NK/T	116	mAOC0321	mAOC-CD57	gene	RNA	B3GAT1	0	ok		0
Adult_cHSPCs_Ultima_majority_voting	B	652	mAOC0324	mAOC-CD49d	gene	RNA	ITGA4	0.0123476772007166	ok		0.293386964615
Adult_cHSPCs_Ultima_majority_voting	CLP	506	mAOC0324	mAOC-CD49d	gene	RNA	ITGA4	0.00513125014291592	ok		0.604371931803195
Adult_cHSPCs_Ultima_majority_voting	ERYP	440	mAOC0324	mAOC-CD49d	gene	RNA	ITGA4	0.00670307483627266	ok		0.798096756984323
Adult_cHSPCs_Ultima_majority_voting	GMP-L	663	mAOC0324	mAOC-CD49d	gene	RNA	ITGA4	0.00950138004346555	ok		0.82102050626178
Adult_cHSPCs_Ultima_majority_voting	HSC_MPP	8254	mAOC0324	mAOC-CD49d	gene	RNA	ITGA4	0.00469027638159983	ok		0.594598162629824
Adult_cHSPCs_Ultima_majority_voting	MEBEMP-L	1898	mAOC0324	mAOC-CD49d	gene	RNA	ITGA4	0.00709788023133596	ok		0.44613732137505
Adult_cHSPCs_Ultima_majority_voting	MKP	565	mAOC0324	mAOC-CD49d	gene	RNA	ITGA4	0.0166166311555443	ok		0.534385917462447
Adult_cHSPCs_Ultima_majority_voting	Monocyte	195	mAOC0324	mAOC-CD49d	gene	RNA	ITGA4	0.0189994115754559	ok		0.0409114061813406
Adult_cHSPCs_Ultima_majority_voting	NK/T	116	mAOC0324	mAOC-CD49d	gene	RNA	ITGA4	0.0571854443712492	ok		0.728275971563461
Adult_cHSPCs_Ultima_majority_voting	B	652	mAOC0326	mAOC-CD5	gene	RNA	CD5	2.02863652333099	ok		0.0582634289978554
Adult_cHSPCs_Ultima_majority_voting	CLP	506	mAOC0326	mAOC-CD5	gene	RNA	CD5	0.223270573557714	ok		0.00777452382199562
Adult_cHSPCs_Ultima_majority_voting	ERYP	440	mAOC0326	mAOC-CD5	gene	RNA	CD5	0.0296923461379368	ok		0
Adult_cHSPCs_Ultima_majority_voting	GMP-L	663	mAOC0326	mAOC-CD5	gene	RNA	CD5	0.0797312840056885	ok		0
Adult_cHSPCs_Ultima_majority_voting	HSC_MPP	8254	mAOC0326	mAOC-CD5	gene	RNA	CD5	0.047877761838941	ok		0.000762442419702427
Adult_cHSPCs_Ultima_majority_voting	MEBEMP-L	1898	mAOC0326	mAOC-CD5	gene	RNA	CD5	0.0117631704596615	ok		0.00030496685866206
Adult_cHSPCs_Ultima_majority_voting	MKP	565	mAOC0326	mAOC-CD5	gene	RNA	CD5	0.0393340472387344	ok		0
Adult_cHSPCs_Ultima_majority_voting	Monocyte	195	mAOC0326	mAOC-CD5	gene	RNA	CD5	0.126415058119903	ok		0.00905631632048273
Adult_cHSPCs_Ultima_majority_voting	NK/T	116	mAOC0326	mAOC-CD5	gene	RNA	CD5	1.69391591780313	ok		0.168129284025949
Adult_cHSPCs_Ultima_majority_voting	B	652	mAOC0330	mAOC-CD49b	gene	RNA	ITGA2	0.00432823941989051	ok		0
Adult_cHSPCs_Ultima_majority_voting	CLP	506	mAOC0330	mAOC-CD49b	gene	RNA	ITGA2	0.000944105209866658	ok		0.0900985975486408
Adult_cHSPCs_Ultima_majority_voting	ERYP	440	mAOC0330	mAOC-CD49b	gene	RNA	ITGA2	0.00131045022991917	ok		0.151660321527244
Adult_cHSPCs_Ultima_majority_voting	GMP-L	663	mAOC0330	mAOC-CD49b	gene	RNA	ITGA2	0.00274042430614636	ok		0.191290825728427
Adult_cHSPCs_Ultima_majority_voting	HSC_MPP	8254	mAOC0330	mAOC-CD49b	gene	RNA	ITGA2	0.00167980040387841	ok		0.576948143043737
Adult_cHSPCs_Ultima_majority_voting	MEBEMP-L	1898	mAOC0330	mAOC-CD49b	gene	RNA	ITGA2	0.000716256679931399	ok		1.13069261718634
Adult_cHSPCs_Ultima_majority_voting	MKP	565	mAOC0330	mAOC-CD49b	gene	RNA	ITGA2	0.00726780475657463	ok		0.534992771698033
Adult_cHSPCs_Ultima_majority_voting	Monocyte	195	mAOC0330	mAOC-CD49b	gene	RNA	ITGA2	0.00297236381107572	ok		0.0127036672186771
Adult_cHSPCs_Ultima_majority_voting	NK/T	116	mAOC0330	mAOC-CD49b	gene	RNA	ITGA2	0.00756893577189409	ok		0
Adult_cHSPCs_Ultima_majority_voting	B	652	mAOC0331	mAOC-CD226	gene	RNA	CD226	0.0451541307151122	ok		0
Adult_cHSPCs_Ultima_majority_voting	CLP	506	mAOC0331	mAOC-CD226	gene	RNA	CD226	0.0254649651945018	ok		0.036711419364771
Adult_cHSPCs_Ultima_majority_voting	ERYP	440	mAOC0331	mAOC-CD226	gene	RNA	CD226	0.0102548671667763	ok		0.00721158843967263
Adult_cHSPCs_Ultima_majority_voting	GMP-L	663	mAOC0331	mAOC-CD226	gene	RNA	CD226	0.0316896666073881	ok		0.0116832066428106
Adult_cHSPCs_Ultima_majority_voting	HSC_MPP	8254	mAOC0331	mAOC-CD226	gene	RNA	CD226	0.024008073624294	ok		0.00511329742816228
Adult_cHSPCs_Ultima_majority_voting	MEBEMP-L	1898	mAOC0331	mAOC-CD226	gene	RNA	CD226	0.0275244578551081	ok		0.030453030409774
Adult_cHSPCs_Ultima_majority_voting	MKP	565	mAOC0331	mAOC-CD226	gene	RNA	CD226	0.272223858828426	ok		0.233307993496084
Adult_cHSPCs_Ultima_majority_voting	Monocyte	195	mAOC0331	mAOC-CD226	gene	RNA	CD226	0.824611992191456	ok		0.41255859167549
Adult_cHSPCs_Ultima_majority_voting	NK/T	116	mAOC0331	mAOC-CD226	gene	RNA	CD226	0.187735219901635	ok		0.0529045794033422
Adult_cHSPCs_Ultima_majority_voting	B	652	mAOC0334	mAOC-CD96	gene	RNA	CD96	0.0123634172878167	ok		0.0458923191332738
Adult_cHSPCs_Ultima_majority_voting	CLP	506	mAOC0334	mAOC-CD96	gene	RNA	CD96	0.004126778474374	ok		0.0399630797251941
Adult_cHSPCs_Ultima_majority_voting	ERYP	440	mAOC0334	mAOC-CD96	gene	RNA	CD96	0.00750181878050657	ok		0.00244511919525678
Adult_cHSPCs_Ultima_majority_voting	GMP-L	663	mAOC0334	mAOC-CD96	gene	RNA	CD96	0.00441099983162411	ok		0.0187814066534761
Adult_cHSPCs_Ultima_majority_voting	HSC_MPP	8254	mAOC0334	mAOC-CD96	gene	RNA	CD96	0.00638102972822953	ok		0.0130514905533518
Adult_cHSPCs_Ultima_majority_voting	MEBEMP-L	1898	mAOC0334	mAOC-CD96	gene	RNA	CD96	0.00681365905462285	ok		0.00244222128938558
Adult_cHSPCs_Ultima_majority_voting	MKP	565	mAOC0334	mAOC-CD96	gene	RNA	CD96	0.00435444953438328	ok		0.0188062184623852
Adult_cHSPCs_Ultima_majority_voting	Monocyte	195	mAOC0334	mAOC-CD96	gene	RNA	CD96	0.00506976019359963	ok		0
Adult_cHSPCs_Ultima_majority_voting	NK/T	116	mAOC0334	mAOC-CD96	gene	RNA	CD96	0.00334778725013812	ok		0.906116770296689
Adult_cHSPCs_Ultima_majority_voting	B	652	mAOC0336	mAOC-CD34	gene	RNA	CD34	0.0240277033592879	ok		0.00347057147412785
Adult_cHSPCs_Ultima_majority_voting	CLP	506	mAOC0336	mAOC-CD34	gene	RNA	CD34	1.00295914691958	ok		0.371559822677758
Adult_cHSPCs_Ultima_majority_voting	ERYP	440	mAOC0336	mAOC-CD34	gene	RNA	CD34	0.648975136080405	ok		0.248270875979872
Adult_cHSPCs_Ultima_majority_voting	GMP-L	663	mAOC0336	mAOC-CD34	gene	RNA	CD34	0.699966642937723	ok		0.266385888798138
Adult_cHSPCs_Ultima_majority_voting	HSC_MPP	8254	mAOC0336	mAOC-CD34	gene	RNA	CD34	1.12511898593797	ok		0.461412219072771
Adult_cHSPCs_Ultima_majority_voting	MEBEMP-L	1898	mAOC0336	mAOC-CD34	gene	RNA	CD34	0.613629220796424	ok		0.188734718950916
Adult_cHSPCs_Ultima_majority_voting	MKP	565	mAOC0336	mAOC-CD34	gene	RNA	CD34	0.808455105707639	ok		0.298115056901373
Adult_cHSPCs_Ultima_majority_voting	Monocyte	195	mAOC0336	mAOC-CD34	gene	RNA	CD34	0.191952995344959	ok		0
Adult_cHSPCs_Ultima_majority_voting	NK/T	116	mAOC0336	mAOC-CD34	gene	RNA	CD34	0.274633312184628	ok		0.0889464664245403
Adult_cHSPCs_Ultima_majority_voting	B	652	mAOC0339	mAOC-CD133	gene	RNA	PROM1	0.00168522814675623	ok		0.00175491994863043
Adult_cHSPCs_Ultima_majority_voting	CLP	506	mAOC0339	mAOC-CD133	gene	RNA	PROM1	0	ok		0.17893456757219
Adult_cHSPCs_Ultima_majority_voting	ERYP	440	mAOC0339	mAOC-CD133	gene	RNA	PROM1	0.00112606136213886	ok		0.0271949517423649
Adult_cHSPCs_Ultima_majority_voting	GMP-L	663	mAOC0339	mAOC-CD133	gene	RNA	PROM1	0.00175696882185337	ok		0.175197617118955
Adult_cHSPCs_Ultima_majority_voting	HSC_MPP	8254	mAOC0339	mAOC-CD133	gene	RNA	PROM1	0.00023979020566186	ok		0.239592961030787
Adult_cHSPCs_Ultima_majority_voting	MEBEMP-L	1898	mAOC0339	mAOC-CD133	gene	RNA	PROM1	0	ok		0.01773975869131
Adult_cHSPCs_Ultima_majority_voting	MKP	565	mAOC0339	mAOC-CD133	gene	RNA	PROM1	0.00105282710587031	ok		0.0750604024520315
Adult_cHSPCs_Ultima_majority_voting	Monocyte	195	mAOC0339	mAOC-CD133	gene	RNA	PROM1	0	ok		0.00530668387046931
Adult_cHSPCs_Ultima_majority_voting	NK/T	116	mAOC0339	mAOC-CD133	gene	RNA	PROM1	0	ok		0.0290979306318836
Adult_cHSPCs_Ultima_majority_voting	B	652	mAOC0341	mAOC-HLA-DRA	gene	RNA	HLA-DRA	0.00437942301504277	ok		3.76409456085444
Adult_cHSPCs_Ultima_majority_voting	CLP	506	mAOC0341	mAOC-HLA-DRA	gene	RNA	HLA-DRA	0	ok		2.6062614592889
Adult_cHSPCs_Ultima_majority_voting	ERYP	440	mAOC0341	mAOC-HLA-DRA	gene	RNA	HLA-DRA	0	ok		1.53302875544613
Adult_cHSPCs_Ultima_majority_voting	GMP-L	663	mAOC0341	mAOC-HLA-DRA	gene	RNA	HLA-DRA	0.000670984529210929	ok		1.40752211350775
Adult_cHSPCs_Ultima_majority_voting	HSC_MPP	8254	mAOC0341	mAOC-HLA-DRA	gene	RNA	HLA-DRA	0	ok		2.15362122824321
Adult_cHSPCs_Ultima_majority_voting	MEBEMP-L	1898	mAOC0341	mAOC-HLA-DRA	gene	RNA	HLA-DRA	0	ok		1.97215910494753
Adult_cHSPCs_Ultima_majority_voting	MKP	565	mAOC0341	mAOC-HLA-DRA	gene	RNA	HLA-DRA	0	ok		1.38571318546275
Adult_cHSPCs_Ultima_majority_voting	Monocyte	195	mAOC0341	mAOC-HLA-DRA	gene	RNA	HLA-DRA	0	ok		2.64462724130072
Adult_cHSPCs_Ultima_majority_voting	NK/T	116	mAOC0341	mAOC-HLA-DRA	gene	RNA	HLA-DRA	0	ok		1.67467335250043
Adult_cHSPCs_Ultima_majority_voting	B	652	mAOC0440	mAOC-CD70	gene	RNA	CD70	0.179753961039681	ok		0.168279142461019
Adult_cHSPCs_Ultima_majority_voting	CLP	506	mAOC0440	mAOC-CD70	gene	RNA	CD70	0.100204870280697	ok		0.0371219072127357
Adult_cHSPCs_Ultima_majority_voting	ERYP	440	mAOC0440	mAOC-CD70	gene	RNA	CD70	1.39261401334177	ok		0.550680025831467
Adult_cHSPCs_Ultima_majority_voting	GMP-L	663	mAOC0440	mAOC-CD70	gene	RNA	CD70	0.210616239675184	ok		0.156840851727017
Adult_cHSPCs_Ultima_majority_voting	HSC_MPP	8254	mAOC0440	mAOC-CD70	gene	RNA	CD70	0.1943170689106	ok		0.222482552470764
Adult_cHSPCs_Ultima_majority_voting	MEBEMP-L	1898	mAOC0440	mAOC-CD70	gene	RNA	CD70	0.913600513783812	ok		0.269104315727017
Adult_cHSPCs_Ultima_majority_voting	MKP	565	mAOC0440	mAOC-CD70	gene	RNA	CD70	0.926035031958529	ok		0.197114268045459
Adult_cHSPCs_Ultima_majority_voting	Monocyte	195	mAOC0440	mAOC-CD70	gene	RNA	CD70	0.220289235439805	ok		0.0314102512953476
Adult_cHSPCs_Ultima_majority_voting	NK/T	116	mAOC0440	mAOC-CD70	gene	RNA	CD70	0.387417156005868	ok		0.013957824215966
Adult_cHSPCs_Ultima_majority_voting	B	652	mAOC0442	mAOC-CD105	gene	RNA	ENG	0.0232315465829115	ok		0
Adult_cHSPCs_Ultima_majority_voting	CLP	506	mAOC0442	mAOC-CD105	gene	RNA	ENG	0.00774360493674329	ok		0.142204976361828
Adult_cHSPCs_Ultima_majority_voting	ERYP	440	mAOC0442	mAOC-CD105	gene	RNA	ENG	0.00884223891673154	ok		0.0270596419951868
Adult_cHSPCs_Ultima_majority_voting	GMP-L	663	mAOC0442	mAOC-CD105	gene	RNA	ENG	0.0163373052514971	ok		0.0794479473200217
Adult_cHSPCs_Ultima_majority_voting	HSC_MPP	8254	mAOC0442	mAOC-CD105	gene	RNA	ENG	0.0137889640013162	ok		0.125571765816987
Adult_cHSPCs_Ultima_majority_voting	MEBEMP-L	1898	mAOC0442	mAOC-CD105	gene	RNA	ENG	0.0134112373850111	ok		0.0448325467502044
Adult_cHSPCs_Ultima_majority_voting	MKP	565	mAOC0442	mAOC-CD105	gene	RNA	ENG	0.0408325186658547	ok		0.0547892448937601
Adult_cHSPCs_Ultima_majority_voting	Monocyte	195	mAOC0442	mAOC-CD105	gene	RNA	ENG	0.0472205329965684	ok		0.566321447171105
Adult_cHSPCs_Ultima_majority_voting	NK/T	116	mAOC0442	mAOC-CD105	gene	RNA	ENG	0.0965807422677088	ok		0.0199071357535932
Adult_cHSPCs_Ultima_majority_voting	B	652	mAOC0444	mAOC-CD124	gene	RNA	IL4R	0.533261817280095	ok		0.480208912245414
Adult_cHSPCs_Ultima_majority_voting	CLP	506	mAOC0444	mAOC-CD124	gene	RNA	IL4R	0.129134759492593	ok		0.357363942393553
Adult_cHSPCs_Ultima_majority_voting	ERYP	440	mAOC0444	mAOC-CD124	gene	RNA	IL4R	0.0200773907785536	ok		0.228067794084456
Adult_cHSPCs_Ultima_majority_voting	GMP-L	663	mAOC0444	mAOC-CD124	gene	RNA	IL4R	0.0805993210375124	ok		0.218105409976964
Adult_cHSPCs_Ultima_majority_voting	HSC_MPP	8254	mAOC0444	mAOC-CD124	gene	RNA	IL4R	0.0582604111299418	ok		0.312525275390634
Adult_cHSPCs_Ultima_majority_voting	MEBEMP-L	1898	mAOC0444	mAOC-CD124	gene	RNA	IL4R	0.0343636430787748	ok		0.234741264593788
Adult_cHSPCs_Ultima_majority_voting	MKP	565	mAOC0444	mAOC-CD124	gene	RNA	IL4R	0.0599983394361762	ok		0.221539023131477
Adult_cHSPCs_Ultima_majority_voting	Monocyte	195	mAOC0444	mAOC-CD124	gene	RNA	IL4R	0.80927655468667	ok		0.839963724940074
Adult_cHSPCs_Ultima_majority_voting	NK/T	116	mAOC0444	mAOC-CD124	gene	RNA	IL4R	0.393119410735916	ok		0.291129979582757
Adult_cHSPCs_Ultima_majority_voting	B	652	mAOC0448	mAOC-CD155	gene	RNA	PVR	0.0233471049590159	ok		0
Adult_cHSPCs_Ultima_majority_voting	CLP	506	mAOC0448	mAOC-CD155	gene	RNA	PVR	0.011370033766545	ok		0.0231891213728266
Adult_cHSPCs_Ultima_majority_voting	ERYP	440	mAOC0448	mAOC-CD155	gene	RNA	PVR	0.00635761359623989	ok		0.0283005335819323
Adult_cHSPCs_Ultima_majority_voting	GMP-L	663	mAOC0448	mAOC-CD155	gene	RNA	PVR	0.0163894758090749	ok		0.0495665152799302
Adult_cHSPCs_Ultima_majority_voting	HSC_MPP	8254	mAOC0448	mAOC-CD155	gene	RNA	PVR	0.0166946696773538	ok		0.0507973181635776
Adult_cHSPCs_Ultima_majority_voting	MEBEMP-L	1898	mAOC0448	mAOC-CD155	gene	RNA	PVR	0.0132563826117055	ok		0.0143737646415758
Adult_cHSPCs_Ultima_majority_voting	MKP	565	mAOC0448	mAOC-CD155	gene	RNA	PVR	0.0454461895470758	ok		0.0319067412464639
Adult_cHSPCs_Ultima_majority_voting	Monocyte	195	mAOC0448	mAOC-CD155	gene	RNA	PVR	0.069098007937258	ok		0.0700819579583146
Adult_cHSPCs_Ultima_majority_voting	NK/T	116	mAOC0448	mAOC-CD155	gene	RNA	PVR	0.108242019755518	ok		0
Adult_cHSPCs_Ultima_majority_voting	B	652	mAOC0450	mAOC-CD40	gene	RNA	CD40	2.17064231726569	ok		0.764981849683083
Adult_cHSPCs_Ultima_majority_voting	CLP	506	mAOC0450	mAOC-CD40	gene	RNA	CD40	0.154870632518443	ok		0.0521339360435611
Adult_cHSPCs_Ultima_majority_voting	ERYP	440	mAOC0450	mAOC-CD40	gene	RNA	CD40	0.196911097590301	ok		0.0325486492617683
Adult_cHSPCs_Ultima_majority_voting	GMP-L	663	mAOC0450	mAOC-CD40	gene	RNA	CD40	0.0728173353743825	ok		0.013241877535566
Adult_cHSPCs_Ultima_majority_voting	HSC_MPP	8254	mAOC0450	mAOC-CD40	gene	RNA	CD40	0.0357118685826951	ok		0.0588566708648
Adult_cHSPCs_Ultima_majority_voting	MEBEMP-L	1898	mAOC0450	mAOC-CD40	gene	RNA	CD40	0.268581452101156	ok		0.0444631282223474
Adult_cHSPCs_Ultima_majority_voting	MKP	565	mAOC0450	mAOC-CD40	gene	RNA	CD40	0.57299356874008	ok		0.0789385884822193
Adult_cHSPCs_Ultima_majority_voting	Monocyte	195	mAOC0450	mAOC-CD40	gene	RNA	CD40	0.992330247668418	ok		0.0892410882724423
Adult_cHSPCs_Ultima_majority_voting	NK/T	116	mAOC0450	mAOC-CD40	gene	RNA	CD40	0.401791110161264	ok		0.134328080416142
Adult_cHSPCs_Ultima_majority_voting	B	652	mAOC0451	mAOC-CD40	gene	RNA	CD40	2.17064231726569	ok		0.764981849683083
Adult_cHSPCs_Ultima_majority_voting	CLP	506	mAOC0451	mAOC-CD40	gene	RNA	CD40	0.154870632518443	ok		0.0521339360435611
Adult_cHSPCs_Ultima_majority_voting	ERYP	440	mAOC0451	mAOC-CD40	gene	RNA	CD40	0.196911097590301	ok		0.0325486492617683
Adult_cHSPCs_Ultima_majority_voting	GMP-L	663	mAOC0451	mAOC-CD40	gene	RNA	CD40	0.0728173353743825	ok		0.013241877535566
Adult_cHSPCs_Ultima_majority_voting	HSC_MPP	8254	mAOC0451	mAOC-CD40	gene	RNA	CD40	0.0357118685826951	ok		0.0588566708648
Adult_cHSPCs_Ultima_majority_voting	MEBEMP-L	1898	mAOC0451	mAOC-CD40	gene	RNA	CD40	0.268581452101156	ok		0.0444631282223474
Adult_cHSPCs_Ultima_majority_voting	MKP	565	mAOC0451	mAOC-CD40	gene	RNA	CD40	0.57299356874008	ok		0.0789385884822193
Adult_cHSPCs_Ultima_majority_voting	Monocyte	195	mAOC0451	mAOC-CD40	gene	RNA	CD40	0.992330247668418	ok		0.0892410882724423
Adult_cHSPCs_Ultima_majority_voting	NK/T	116	mAOC0451	mAOC-CD40	gene	RNA	CD40	0.401791110161264	ok		0.134328080416142
Adult_cHSPCs_Ultima_majority_voting	B	652	mAOC0452	mAOC-CD154	gene	RNA	CD40LG	0.0291821739179724	ok		0
Adult_cHSPCs_Ultima_majority_voting	CLP	506	mAOC0452	mAOC-CD154	gene	RNA	CD40LG	0.0100049615891093	ok		0
Adult_cHSPCs_Ultima_majority_voting	ERYP	440	mAOC0452	mAOC-CD154	gene	RNA	CD40LG	0.0165921657926133	ok		0.113900467333931
Adult_cHSPCs_Ultima_majority_voting	GMP-L	663	mAOC0452	mAOC-CD154	gene	RNA	CD40LG	0.0244087962103916	ok		0.00231725347219846
Adult_cHSPCs_Ultima_majority_voting	HSC_MPP	8254	mAOC0452	mAOC-CD154	gene	RNA	CD40LG	0.014319424716247	ok		0.00320427352940971
Adult_cHSPCs_Ultima_majority_voting	MEBEMP-L	1898	mAOC0452	mAOC-CD154	gene	RNA	CD40LG	0.0292291924393377	ok		0.144791871803485
Adult_cHSPCs_Ultima_majority_voting	MKP	565	mAOC0452	mAOC-CD154	gene	RNA	CD40LG	0.0431105368797673	ok		0.0636095388218875
Adult_cHSPCs_Ultima_majority_voting	Monocyte	195	mAOC0452	mAOC-CD154	gene	RNA	CD40LG	0.186329382652094	ok		0
Adult_cHSPCs_Ultima_majority_voting	NK/T	116	mAOC0452	mAOC-CD154	gene	RNA	CD40LG	0.125099533372082	ok		0
Adult_cHSPCs_Ultima_majority_voting	B	652	mAOC0453	mAOC-HLA-ABC	gene	RNA	HLA-A	0.0315504462707779	ok		2.60470967508224
Adult_cHSPCs_Ultima_majority_voting	CLP	506	mAOC0453	mAOC-HLA-ABC	gene	RNA	HLA-A	0.0224250406583921	ok		1.93887426848254
Adult_cHSPCs_Ultima_majority_voting	ERYP	440	mAOC0453	mAOC-HLA-ABC	gene	RNA	HLA-A	0.0206473034091252	ok		1.28117582485015
Adult_cHSPCs_Ultima_majority_voting	GMP-L	663	mAOC0453	mAOC-HLA-ABC	gene	RNA	HLA-A	0.0247092908409481	ok		1.42960761826061
Adult_cHSPCs_Ultima_majority_voting	HSC_MPP	8254	mAOC0453	mAOC-HLA-ABC	gene	RNA	HLA-A	0.0220808726548789	ok		1.82736842471913
Adult_cHSPCs_Ultima_majority_voting	MEBEMP-L	1898	mAOC0453	mAOC-HLA-ABC	gene	RNA	HLA-A	0.0194256759438375	ok		1.51576835533699
Adult_cHSPCs_Ultima_majority_voting	MKP	565	mAOC0453	mAOC-HLA-ABC	gene	RNA	HLA-A	0.0717701755957447	ok		1.64257159553606
Adult_cHSPCs_Ultima_majority_voting	Monocyte	195	mAOC0453	mAOC-HLA-ABC	gene	RNA	HLA-A	0.0528696401054821	ok		1.94300819964376
Adult_cHSPCs_Ultima_majority_voting	NK/T	116	mAOC0453	mAOC-HLA-ABC	gene	RNA	HLA-A	0.194845703812076	ok		2.35298061635911
Adult_cHSPCs_Ultima_majority_voting	B	652	mAOC0454	mAOC-CD123	gene	RNA	IL3RA	0.249611870923075	ok		0.00694235178629101
Adult_cHSPCs_Ultima_majority_voting	CLP	506	mAOC0454	mAOC-CD123	gene	RNA	IL3RA	2.21491993210106	ok		0.759829937651582
Adult_cHSPCs_Ultima_majority_voting	ERYP	440	mAOC0454	mAOC-CD123	gene	RNA	IL3RA	0.217391968652069	ok		0.123376214096145
Adult_cHSPCs_Ultima_majority_voting	GMP-L	663	mAOC0454	mAOC-CD123	gene	RNA	IL3RA	1.56383974142326	ok		0.633872978404331
Adult_cHSPCs_Ultima_majority_voting	HSC_MPP	8254	mAOC0454	mAOC-CD123	gene	RNA	IL3RA	1.26612306927523	ok		0.837567329130628
Adult_cHSPCs_Ultima_majority_voting	MEBEMP-L	1898	mAOC0454	mAOC-CD123	gene	RNA	IL3RA	0.712315545209411	ok		0.589846981637869
Adult_cHSPCs_Ultima_majority_voting	MKP	565	mAOC0454	mAOC-CD123	gene	RNA	IL3RA	0.480622074976156	ok		0.302139490442853
Adult_cHSPCs_Ultima_majority_voting	Monocyte	195	mAOC0454	mAOC-CD123	gene	RNA	IL3RA	0.859794322412267	ok		0.452947950539796
Adult_cHSPCs_Ultima_majority_voting	NK/T	116	mAOC0454	mAOC-CD123	gene	RNA	IL3RA	0.459713377208016	ok		0.0142948951621504
Adult_cHSPCs_Ultima_majority_voting	B	652	mAOC0455	mAOC-CD49f	gene	RNA	ITGA6	0.154692304066635	ok		0
Adult_cHSPCs_Ultima_majority_voting	CLP	506	mAOC0455	mAOC-CD49f	gene	RNA	ITGA6	0.365115323735291	ok		0.0336320367250865
Adult_cHSPCs_Ultima_majority_voting	ERYP	440	mAOC0455	mAOC-CD49f	gene	RNA	ITGA6	0.466884181915715	ok		0.0345926339673439
Adult_cHSPCs_Ultima_majority_voting	GMP-L	663	mAOC0455	mAOC-CD49f	gene	RNA	ITGA6	0.469767594538726	ok		0.0487137149331563
Adult_cHSPCs_Ultima_majority_voting	HSC_MPP	8254	mAOC0455	mAOC-CD49f	gene	RNA	ITGA6	0.475546059683256	ok		0.131431693005152
Adult_cHSPCs_Ultima_majority_voting	MEBEMP-L	1898	mAOC0455	mAOC-CD49f	gene	RNA	ITGA6	0.534996406872213	ok		0.0821300560096051
Adult_cHSPCs_Ultima_majority_voting	MKP	565	mAOC0455	mAOC-CD49f	gene	RNA	ITGA6	1.19175739409082	ok		0.192868114129952
Adult_cHSPCs_Ultima_majority_voting	Monocyte	195	mAOC0455	mAOC-CD49f	gene	RNA	ITGA6	1.71394781935027	ok		0
Adult_cHSPCs_Ultima_majority_voting	NK/T	116	mAOC0455	mAOC-CD49f	gene	RNA	ITGA6	0.433514848567914	ok		0.0376038825513379
Adult_cHSPCs_Ultima_majority_voting	B	652	mAOC0459	mAOC-CD183	gene	RNA	CXCR3	0.292297681899062	ok		0.00387473443910705
Adult_cHSPCs_Ultima_majority_voting	CLP	506	mAOC0459	mAOC-CD183	gene	RNA	CXCR3	0.241919893791732	ok		0.0601645139526912
Adult_cHSPCs_Ultima_majority_voting	ERYP	440	mAOC0459	mAOC-CD183	gene	RNA	CXCR3	0.122756411256015	ok		0.0128590443054695
Adult_cHSPCs_Ultima_majority_voting	GMP-L	663	mAOC0459	mAOC-CD183	gene	RNA	CXCR3	0.15772846671242	ok		0.0114095954509201
Adult_cHSPCs_Ultima_majority_voting	HSC_MPP	8254	mAOC0459	mAOC-CD183	gene	RNA	CXCR3	0.137664226792543	ok		0.0053278364234005
Adult_cHSPCs_Ultima_majority_voting	MEBEMP-L	1898	mAOC0459	mAOC-CD183	gene	RNA	CXCR3	0.0939772711652995	ok		0.0217278529427434
Adult_cHSPCs_Ultima_majority_voting	MKP	565	mAOC0459	mAOC-CD183	gene	RNA	CXCR3	0.202137979024152	ok		0.0156791260823648
Adult_cHSPCs_Ultima_majority_voting	Monocyte	195	mAOC0459	mAOC-CD183	gene	RNA	CXCR3	0.48417929490418	ok		0
Adult_cHSPCs_Ultima_majority_voting	NK/T	116	mAOC0459	mAOC-CD183	gene	RNA	CXCR3	0.577346684332458	ok		0.047628589680884
Adult_cHSPCs_Ultima_majority_voting	B	652	mAOC0460	mAOC-CD195	gene	RNA	CCR5	0.0420728156367311	ok		0
Adult_cHSPCs_Ultima_majority_voting	CLP	506	mAOC0460	mAOC-CD195	gene	RNA	CCR5	0.0303335479580433	ok		0.011004998668932
Adult_cHSPCs_Ultima_majority_voting	ERYP	440	mAOC0460	mAOC-CD195	gene	RNA	CCR5	0.0219144407495671	ok		0
Adult_cHSPCs_Ultima_majority_voting	GMP-L	663	mAOC0460	mAOC-CD195	gene	RNA	CCR5	0.0368246096658406	ok		0
Adult_cHSPCs_Ultima_majority_voting	HSC_MPP	8254	mAOC0460	mAOC-CD195	gene	RNA	CCR5	0.0307145335509315	ok		0.000249718864889257
Adult_cHSPCs_Ultima_majority_voting	MEBEMP-L	1898	mAOC0460	mAOC-CD195	gene	RNA	CCR5	0.0244123971937638	ok		0.000196261725466477
Adult_cHSPCs_Ultima_majority_voting	MKP	565	mAOC0460	mAOC-CD195	gene	RNA	CCR5	0.0537106740486409	ok		0.000484386794569219
Adult_cHSPCs_Ultima_majority_voting	Monocyte	195	mAOC0460	mAOC-CD195	gene	RNA	CCR5	0.102977471902894	ok		0.0427692165496682
Adult_cHSPCs_Ultima_majority_voting	NK/T	116	mAOC0460	mAOC-CD195	gene	RNA	CCR5	0.224603759829265	ok		0
Adult_cHSPCs_Ultima_majority_voting	B	652	mAOC0461	mAOC-CD185	gene	RNA	CXCR5	0.0743238563465604	ok		0.363317485336325
Adult_cHSPCs_Ultima_majority_voting	CLP	506	mAOC0461	mAOC-CD185	gene	RNA	CXCR5	0.0134305107212736	ok		0.0073107251671879
Adult_cHSPCs_Ultima_majority_voting	ERYP	440	mAOC0461	mAOC-CD185	gene	RNA	CXCR5	0.0106003267404703	ok		0
Adult_cHSPCs_Ultima_majority_voting	GMP-L	663	mAOC0461	mAOC-CD185	gene	RNA	CXCR5	0.0151442996291119	ok		0
Adult_cHSPCs_Ultima_majority_voting	HSC_MPP	8254	mAOC0461	mAOC-CD185	gene	RNA	CXCR5	0.0129637081570364	ok		0
Adult_cHSPCs_Ultima_majority_voting	MEBEMP-L	1898	mAOC0461	mAOC-CD185	gene	RNA	CXCR5	0.0138101392164163	ok		0
Adult_cHSPCs_Ultima_majority_voting	MKP	565	mAOC0461	mAOC-CD185	gene	RNA	CXCR5	0.0295820965738424	ok		0.000581717870000861
Adult_cHSPCs_Ultima_majority_voting	Monocyte	195	mAOC0461	mAOC-CD185	gene	RNA	CXCR5	0.0243561004528757	ok		0
Adult_cHSPCs_Ultima_majority_voting	NK/T	116	mAOC0461	mAOC-CD185	gene	RNA	CXCR5	0.17710884422236	ok		0
Adult_cHSPCs_Ultima_majority_voting	B	652	mAOC0464	mAOC-CD141	gene	RNA	THBD	0.0632576702874189	ok		0
Adult_cHSPCs_Ultima_majority_voting	CLP	506	mAOC0464	mAOC-CD141	gene	RNA	THBD	0.0513619858763522	ok		0.0218092364457889
Adult_cHSPCs_Ultima_majority_voting	ERYP	440	mAOC0464	mAOC-CD141	gene	RNA	THBD	0.0545842850993746	ok		0.00327696869893249
Adult_cHSPCs_Ultima_majority_voting	GMP-L	663	mAOC0464	mAOC-CD141	gene	RNA	THBD	0.0630888362561317	ok		0.0217415718437644
Adult_cHSPCs_Ultima_majority_voting	HSC_MPP	8254	mAOC0464	mAOC-CD141	gene	RNA	THBD	0.0569276739041324	ok		0.00191531663235978
Adult_cHSPCs_Ultima_majority_voting	MEBEMP-L	1898	mAOC0464	mAOC-CD141	gene	RNA	THBD	0.0484879399300893	ok		0.00331162352261358
Adult_cHSPCs_Ultima_majority_voting	MKP	565	mAOC0464	mAOC-CD141	gene	RNA	THBD	0.126631711446441	ok		0.00598079144300605
Adult_cHSPCs_Ultima_majority_voting	Monocyte	195	mAOC0464	mAOC-CD141	gene	RNA	THBD	0.0971638692932918	ok		0.0685656865129823
Adult_cHSPCs_Ultima_majority_voting	NK/T	116	mAOC0464	mAOC-CD141	gene	RNA	THBD	0.232409867024925	ok		0
Adult_cHSPCs_Ultima_majority_voting	B	652	mAOC0465	mAOC-CD58	gene	RNA	CD58	0.00355211218339286	ok		1.11420152904478
Adult_cHSPCs_Ultima_majority_voting	CLP	506	mAOC0465	mAOC-CD58	gene	RNA	CD58	0.00269229368224454	ok		0.856093922385785
Adult_cHSPCs_Ultima_majority_voting	ERYP	440	mAOC0465	mAOC-CD58	gene	RNA	CD58	0.00153601458170732	ok		0.262782750572191
Adult_cHSPCs_Ultima_majority_voting	GMP-L	663	mAOC0465	mAOC-CD58	gene	RNA	CD58	0.00426165941212323	ok		0.398814526634657
Adult_cHSPCs_Ultima_majority_voting	HSC_MPP	8254	mAOC0465	mAOC-CD58	gene	RNA	CD58	0.00166093143993637	ok		0.463169546062272
Adult_cHSPCs_Ultima_majority_voting	MEBEMP-L	1898	mAOC0465	mAOC-CD58	gene	RNA	CD58	0.00190059169666143	ok		0.244033076680644
Adult_cHSPCs_Ultima_majority_voting	MKP	565	mAOC0465	mAOC-CD58	gene	RNA	CD58	0.0076646508813536	ok		0.266057674235063
Adult_cHSPCs_Ultima_majority_voting	Monocyte	195	mAOC0465	mAOC-CD58	gene	RNA	CD58	0.00376063763759493	ok		1.06575461542031
Adult_cHSPCs_Ultima_majority_voting	NK/T	116	mAOC0465	mAOC-CD58	gene	RNA	CD58	0.012914792162724	ok		0.227599585779314
Adult_cHSPCs_Ultima_majority_voting	B	652	mAOC0467	mAOC-CD24	gene	RNA	CD24	0.0147865486896255	ok		0.208090986768434
Adult_cHSPCs_Ultima_majority_voting	CLP	506	mAOC0467	mAOC-CD24	gene	RNA	CD24	0.00928212702192245	ok		0.00399239596693362
Adult_cHSPCs_Ultima_majority_voting	ERYP	440	mAOC0467	mAOC-CD24	gene	RNA	CD24	0.00861881531079382	ok		0.00787231678181004
Adult_cHSPCs_Ultima_majority_voting	GMP-L	663	mAOC0467	mAOC-CD24	gene	RNA	CD24	0.0113699412412273	ok		0.0065077079370118
Adult_cHSPCs_Ultima_majority_voting	HSC_MPP	8254	mAOC0467	mAOC-CD24	gene	RNA	CD24	0.00890611462795902	ok		0.00837238253532572
Adult_cHSPCs_Ultima_majority_voting	MEBEMP-L	1898	mAOC0467	mAOC-CD24	gene	RNA	CD24	0.00925712492750103	ok		0.0110362573486489
Adult_cHSPCs_Ultima_majority_voting	MKP	565	mAOC0467	mAOC-CD24	gene	RNA	CD24	0.020054809691511	ok		0.016590026349655
Adult_cHSPCs_Ultima_majority_voting	Monocyte	195	mAOC0467	mAOC-CD24	gene	RNA	CD24	0.0133503882694977	ok		0.00367182517812368
Adult_cHSPCs_Ultima_majority_voting	NK/T	116	mAOC0467	mAOC-CD24	gene	RNA	CD24	0.0677541341135563	ok		0.418235897760546
Adult_cHSPCs_Ultima_majority_voting	B	652	mAOC0470	mAOC-CD192	gene	RNA	CCR2	0.0073833537194232	ok		0
Adult_cHSPCs_Ultima_majority_voting	CLP	506	mAOC0470	mAOC-CD192	gene	RNA	CCR2	0.00302219804113982	ok		0.00673216190158843
Adult_cHSPCs_Ultima_majority_voting	ERYP	440	mAOC0470	mAOC-CD192	gene	RNA	CCR2	0.00515411575720813	ok		0.000939630936806734
Adult_cHSPCs_Ultima_majority_voting	GMP-L	663	mAOC0470	mAOC-CD192	gene	RNA	CCR2	0.00781032968847583	ok		0.0089938460160075
Adult_cHSPCs_Ultima_majority_voting	HSC_MPP	8254	mAOC0470	mAOC-CD192	gene	RNA	CCR2	0.00438901480334423	ok		0.000355334972090235
Adult_cHSPCs_Ultima_majority_voting	MEBEMP-L	1898	mAOC0470	mAOC-CD192	gene	RNA	CCR2	0.00493807858664866	ok		0.000644529323079289
Adult_cHSPCs_Ultima_majority_voting	MKP	565	mAOC0470	mAOC-CD192	gene	RNA	CCR2	0.00555863413205108	ok		0.00125917873957181
Adult_cHSPCs_Ultima_majority_voting	Monocyte	195	mAOC0470	mAOC-CD192	gene	RNA	CCR2	0.00600504039777138	ok		0.00571376773832304
Adult_cHSPCs_Ultima_majority_voting	NK/T	116	mAOC0470	mAOC-CD192	gene	RNA	CCR2	0.0340294837597482	ok		0
Adult_cHSPCs_Ultima_majority_voting	B	652	mAOC0472	mAOC-CD163	gene	RNA	CD163	0.00117936100180016	ok		0
Adult_cHSPCs_Ultima_majority_voting	CLP	506	mAOC0472	mAOC-CD163	gene	RNA	CD163	0.000363629977621687	ok		0.00137571204446155
Adult_cHSPCs_Ultima_majority_voting	ERYP	440	mAOC0472	mAOC-CD163	gene	RNA	CD163	0	ok		0
Adult_cHSPCs_Ultima_majority_voting	GMP-L	663	mAOC0472	mAOC-CD163	gene	RNA	CD163	0.000976363171909382	ok		0
Adult_cHSPCs_Ultima_majority_voting	HSC_MPP	8254	mAOC0472	mAOC-CD163	gene	RNA	CD163	0.000255828693352186	ok		0.000434078188070758
Adult_cHSPCs_Ultima_majority_voting	MEBEMP-L	1898	mAOC0472	mAOC-CD163	gene	RNA	CD163	0.000377144329665054	ok		0
Adult_cHSPCs_Ultima_majority_voting	MKP	565	mAOC0472	mAOC-CD163	gene	RNA	CD163	0.000474527735760847	ok		0
Adult_cHSPCs_Ultima_majority_voting	Monocyte	195	mAOC0472	mAOC-CD163	gene	RNA	CD163	0.000888794053644834	ok		0.0306950640757135
Adult_cHSPCs_Ultima_majority_voting	NK/T	116	mAOC0472	mAOC-CD163	gene	RNA	CD163	0	ok		0
Adult_cHSPCs_Ultima_majority_voting	B	652	mAOC0473	mAOC-CD163	gene	RNA	CD163	0.00117936100180016	ok		0
Adult_cHSPCs_Ultima_majority_voting	CLP	506	mAOC0473	mAOC-CD163	gene	RNA	CD163	0.000363629977621687	ok		0.00137571204446155
Adult_cHSPCs_Ultima_majority_voting	ERYP	440	mAOC0473	mAOC-CD163	gene	RNA	CD163	0	ok		0
Adult_cHSPCs_Ultima_majority_voting	GMP-L	663	mAOC0473	mAOC-CD163	gene	RNA	CD163	0.000976363171909382	ok		0
Adult_cHSPCs_Ultima_majority_voting	HSC_MPP	8254	mAOC0473	mAOC-CD163	gene	RNA	CD163	0.000255828693352186	ok		0.000434078188070758
Adult_cHSPCs_Ultima_majority_voting	MEBEMP-L	1898	mAOC0473	mAOC-CD163	gene	RNA	CD163	0.000377144329665054	ok		0
Adult_cHSPCs_Ultima_majority_voting	MKP	565	mAOC0473	mAOC-CD163	gene	RNA	CD163	0.000474527735760847	ok		0
Adult_cHSPCs_Ultima_majority_voting	Monocyte	195	mAOC0473	mAOC-CD163	gene	RNA	CD163	0.000888794053644834	ok		0.0306950640757135
Adult_cHSPCs_Ultima_majority_voting	NK/T	116	mAOC0473	mAOC-CD163	gene	RNA	CD163	0	ok		0
Adult_cHSPCs_Ultima_majority_voting	B	652	mAOC0474	mAOC-CD303	gene	RNA	CLEC4C	0.000673656291438067	ok		0.00931478428388635
Adult_cHSPCs_Ultima_majority_voting	CLP	506	mAOC0474	mAOC-CD303	gene	RNA	CLEC4C	0.000600890938540713	ok		0.0547399345266122
Adult_cHSPCs_Ultima_majority_voting	ERYP	440	mAOC0474	mAOC-CD303	gene	RNA	CLEC4C	0.00185366967650139	ok		0.00154986074042908
Adult_cHSPCs_Ultima_majority_voting	GMP-L	663	mAOC0474	mAOC-CD303	gene	RNA	CLEC4C	0.00155765057322174	ok		0.000628223386857523
Adult_cHSPCs_Ultima_majority_voting	HSC_MPP	8254	mAOC0474	mAOC-CD303	gene	RNA	CLEC4C	0.00043459068359657	ok		0.000817866843909433
Adult_cHSPCs_Ultima_majority_voting	MEBEMP-L	1898	mAOC0474	mAOC-CD303	gene	RNA	CLEC4C	0.000919713719881165	ok		0.000300303939861556
Adult_cHSPCs_Ultima_majority_voting	MKP	565	mAOC0474	mAOC-CD303	gene	RNA	CLEC4C	0.00124871573737496	ok		0.000924591179553379
Adult_cHSPCs_Ultima_majority_voting	Monocyte	195	mAOC0474	mAOC-CD303	gene	RNA	CLEC4C	0.000542499351754814	ok		0
Adult_cHSPCs_Ultima_majority_voting	NK/T	116	mAOC0474	mAOC-CD303	gene	RNA	CLEC4C	0	ok		0
Adult_cHSPCs_Ultima_majority_voting	B	652	mAOC0476	mAOC-CD127	gene	RNA	IL7R	0.0121802645463201	ok		0.110580620753728
Adult_cHSPCs_Ultima_majority_voting	CLP	506	mAOC0476	mAOC-CD127	gene	RNA	IL7R	0.00407725383864061	ok		0.320092939170245
Adult_cHSPCs_Ultima_majority_voting	ERYP	440	mAOC0476	mAOC-CD127	gene	RNA	IL7R	0.00587019380324571	ok		0.035374978962405
Adult_cHSPCs_Ultima_majority_voting	GMP-L	663	mAOC0476	mAOC-CD127	gene	RNA	IL7R	0.00812046118585118	ok		0.0875197765844458
Adult_cHSPCs_Ultima_majority_voting	HSC_MPP	8254	mAOC0476	mAOC-CD127	gene	RNA	IL7R	0.00680712657850237	ok		0.0611908998469491
Adult_cHSPCs_Ultima_majority_voting	MEBEMP-L	1898	mAOC0476	mAOC-CD127	gene	RNA	IL7R	0.00787698076540449	ok		0.0878726949187978
Adult_cHSPCs_Ultima_majority_voting	MKP	565	mAOC0476	mAOC-CD127	gene	RNA	IL7R	0.0175498225945984	ok		0.08807595574238
Adult_cHSPCs_Ultima_majority_voting	Monocyte	195	mAOC0476	mAOC-CD127	gene	RNA	IL7R	0.0217469790903964	ok		0.350497948861209
Adult_cHSPCs_Ultima_majority_voting	NK/T	116	mAOC0476	mAOC-CD127	gene	RNA	IL7R	0.0574047532489048	ok		0.9422080714315
Adult_cHSPCs_Ultima_majority_voting	B	652	mAOC0478	mAOC-CD93	gene	RNA	CD93	0.0118858737997226	ok		0
Adult_cHSPCs_Ultima_majority_voting	CLP	506	mAOC0478	mAOC-CD93	gene	RNA	CD93	0.00374996939400568	ok		0.104634724567764
Adult_cHSPCs_Ultima_majority_voting	ERYP	440	mAOC0478	mAOC-CD93	gene	RNA	CD93	0.00539115751384533	ok		0.0096299057517101
Adult_cHSPCs_Ultima_majority_voting	GMP-L	663	mAOC0478	mAOC-CD93	gene	RNA	CD93	0.0102856161989109	ok		0.0990803793776457
Adult_cHSPCs_Ultima_majority_voting	HSC_MPP	8254	mAOC0478	mAOC-CD93	gene	RNA	CD93	0.00575975497869456	ok		0.0431891257473523
Adult_cHSPCs_Ultima_majority_voting	MEBEMP-L	1898	mAOC0478	mAOC-CD93	gene	RNA	CD93	0.00746456725398831	ok		0.0543953691276353
Adult_cHSPCs_Ultima_majority_voting	MKP	565	mAOC0478	mAOC-CD93	gene	RNA	CD93	0.0179864630896166	ok		0.0351180270279988
Adult_cHSPCs_Ultima_majority_voting	Monocyte	195	mAOC0478	mAOC-CD93	gene	RNA	CD93	0.0229854679396409	ok		0.636465261238084
Adult_cHSPCs_Ultima_majority_voting	NK/T	116	mAOC0478	mAOC-CD93	gene	RNA	CD93	0.0320201060462058	ok		0.00598187952840955
Adult_cHSPCs_Ultima_majority_voting	B	652	mAOC0479	mAOC-CD23	gene	RNA	FCER2	0.00127926881322207	ok		0.47082190746436
Adult_cHSPCs_Ultima_majority_voting	CLP	506	mAOC0479	mAOC-CD23	gene	RNA	FCER2	0.00062998012747142	ok		0.0076450826634101
Adult_cHSPCs_Ultima_majority_voting	ERYP	440	mAOC0479	mAOC-CD23	gene	RNA	FCER2	0.012072744385378	ok		0.00317700364918488
Adult_cHSPCs_Ultima_majority_voting	GMP-L	663	mAOC0479	mAOC-CD23	gene	RNA	FCER2	0.00227467981735616	ok		0.00815571051479513
Adult_cHSPCs_Ultima_majority_voting	HSC_MPP	8254	mAOC0479	mAOC-CD23	gene	RNA	FCER2	0.000812629297773761	ok		0.000829190232863841
Adult_cHSPCs_Ultima_majority_voting	MEBEMP-L	1898	mAOC0479	mAOC-CD23	gene	RNA	FCER2	0.00239965579686056	ok		0.000883864085228311
Adult_cHSPCs_Ultima_majority_voting	MKP	565	mAOC0479	mAOC-CD23	gene	RNA	FCER2	0.0100662038517711	ok		0.00185587642949799
Adult_cHSPCs_Ultima_majority_voting	Monocyte	195	mAOC0479	mAOC-CD23	gene	RNA	FCER2	0.00171402431346593	ok		0.0125802329998707
Adult_cHSPCs_Ultima_majority_voting	NK/T	116	mAOC0479	mAOC-CD23	gene	RNA	FCER2	0.00863215930278205	ok		0
Adult_cHSPCs_Ultima_majority_voting	B	652	mAOC0481	mAOC-CD71	gene	RNA	TFRC	0.0124876181637739	ok		0.443031878651681
Adult_cHSPCs_Ultima_majority_voting	CLP	506	mAOC0481	mAOC-CD71	gene	RNA	TFRC	0.00441472245925964	ok		0.451647770369044
Adult_cHSPCs_Ultima_majority_voting	ERYP	440	mAOC0481	mAOC-CD71	gene	RNA	TFRC	0.0130953059653353	ok		0.828085041534992
Adult_cHSPCs_Ultima_majority_voting	GMP-L	663	mAOC0481	mAOC-CD71	gene	RNA	TFRC	0.0112323517877284	ok		0.679671198656996
Adult_cHSPCs_Ultima_majority_voting	HSC_MPP	8254	mAOC0481	mAOC-CD71	gene	RNA	TFRC	0.00698232579280372	ok		0.511635542957836
Adult_cHSPCs_Ultima_majority_voting	MEBEMP-L	1898	mAOC0481	mAOC-CD71	gene	RNA	TFRC	0.0100103859199099	ok		0.629740077424479
Adult_cHSPCs_Ultima_majority_voting	MKP	565	mAOC0481	mAOC-CD71	gene	RNA	TFRC	0.0266660930541486	ok		0.595913233317505
Adult_cHSPCs_Ultima_majority_voting	Monocyte	195	mAOC0481	mAOC-CD71	gene	RNA	TFRC	0.0119166150329826	ok		0.0961764217182691
Adult_cHSPCs_Ultima_majority_voting	NK/T	116	mAOC0481	mAOC-CD71	gene	RNA	TFRC	0.053303391290454	ok		0.200347909173336
Adult_cHSPCs_Ultima_majority_voting	B	652	mAOC0482	mAOC-CD7	gene	RNA	CD7	0.00405942892307325	ok		0.00924688241748849
Adult_cHSPCs_Ultima_majority_voting	CLP	506	mAOC0482	mAOC-CD7	gene	RNA	CD7	0.00147974399092796	ok		0.219223424447962
Adult_cHSPCs_Ultima_majority_voting	ERYP	440	mAOC0482	mAOC-CD7	gene	RNA	CD7	0.00193931440131545	ok		0.214030416947698
Adult_cHSPCs_Ultima_majority_voting	GMP-L	663	mAOC0482	mAOC-CD7	gene	RNA	CD7	0.00241457987256336	ok		0.153564909566054
Adult_cHSPCs_Ultima_majority_voting	HSC_MPP	8254	mAOC0482	mAOC-CD7	gene	RNA	CD7	0.00163423112470869	ok		0.049302928799775
Adult_cHSPCs_Ultima_majority_voting	MEBEMP-L	1898	mAOC0482	mAOC-CD7	gene	RNA	CD7	0.00169611876898007	ok		0.117249363395312
Adult_cHSPCs_Ultima_majority_voting	MKP	565	mAOC0482	mAOC-CD7	gene	RNA	CD7	0.00523406319317962	ok		0.102156010829851
Adult_cHSPCs_Ultima_majority_voting	Monocyte	195	mAOC0482	mAOC-CD7	gene	RNA	CD7	0.00365718427433023	ok		0.00341466615368624
Adult_cHSPCs_Ultima_majority_voting	NK/T	116	mAOC0482	mAOC-CD7	gene	RNA	CD7	0.0189285230782948	ok		0.633096476537754
Adult_cHSPCs_Ultima_majority_voting	B	652	mAOC0485	mAOC-CD25	gene	RNA	IL2RA	0	ok		0.0266590565654821
Adult_cHSPCs_Ultima_majority_voting	CLP	506	mAOC0485	mAOC-CD25	gene	RNA	IL2RA	0	ok		0.115419172897671
Adult_cHSPCs_Ultima_majority_voting	ERYP	440	mAOC0485	mAOC-CD25	gene	RNA	IL2RA	0	ok		0.0599745516089971
Adult_cHSPCs_Ultima_majority_voting	GMP-L	663	mAOC0485	mAOC-CD25	gene	RNA	IL2RA	9.58335310907557e-05	ok		0.148766949712414
Adult_cHSPCs_Ultima_majority_voting	HSC_MPP	8254	mAOC0485	mAOC-CD25	gene	RNA	IL2RA	2.30688892676244e-05	ok		0.167311407430402
Adult_cHSPCs_Ultima_majority_voting	MEBEMP-L	1898	mAOC0485	mAOC-CD25	gene	RNA	IL2RA	0.000159987464778707	ok		0.324482181359635
Adult_cHSPCs_Ultima_majority_voting	MKP	565	mAOC0485	mAOC-CD25	gene	RNA	IL2RA	0.000104912293892339	ok		0.144485787795996
Adult_cHSPCs_Ultima_majority_voting	Monocyte	195	mAOC0485	mAOC-CD25	gene	RNA	IL2RA	9.80543499511404e-05	ok		0.0341310759052382
Adult_cHSPCs_Ultima_majority_voting	NK/T	116	mAOC0485	mAOC-CD25	gene	RNA	IL2RA	0	ok		0.00984504122071917
Adult_cHSPCs_Ultima_majority_voting	B	652	mAOC0486	mAOC-CD2	gene	RNA	CD2	0.0336015964996981	ok		0
Adult_cHSPCs_Ultima_majority_voting	CLP	506	mAOC0486	mAOC-CD2	gene	RNA	CD2	0.0170298265411082	ok		0.00994587458507041
Adult_cHSPCs_Ultima_majority_voting	ERYP	440	mAOC0486	mAOC-CD2	gene	RNA	CD2	0.0293985720908206	ok		0.00113007266477146
Adult_cHSPCs_Ultima_majority_voting	GMP-L	663	mAOC0486	mAOC-CD2	gene	RNA	CD2	0.0293456286074035	ok		0.000541196892141958
Adult_cHSPCs_Ultima_majority_voting	HSC_MPP	8254	mAOC0486	mAOC-CD2	gene	RNA	CD2	0.0260507843920241	ok		0.000883969128908049
Adult_cHSPCs_Ultima_majority_voting	MEBEMP-L	1898	mAOC0486	mAOC-CD2	gene	RNA	CD2	0.0246605509985942	ok		0
Adult_cHSPCs_Ultima_majority_voting	MKP	565	mAOC0486	mAOC-CD2	gene	RNA	CD2	0.0600767746698817	ok		0.000662320573147311
Adult_cHSPCs_Ultima_majority_voting	Monocyte	195	mAOC0486	mAOC-CD2	gene	RNA	CD2	0.0329290325761221	ok		0
Adult_cHSPCs_Ultima_majority_voting	NK/T	116	mAOC0486	mAOC-CD2	gene	RNA	CD2	0.127280958557068	ok		0.334391040887565
Adult_cHSPCs_Ultima_majority_voting	B	652	mAOC0488	mAOC-CD62L	gene	RNA	SELL	0.017079185258913	ok		0.22200362236288
Adult_cHSPCs_Ultima_majority_voting	CLP	506	mAOC0488	mAOC-CD62L	gene	RNA	SELL	0.0103178261288479	ok		0.471699153862571
Adult_cHSPCs_Ultima_majority_voting	ERYP	440	mAOC0488	mAOC-CD62L	gene	RNA	SELL	0.011765825981125	ok		0.087404378328252
Adult_cHSPCs_Ultima_majority_voting	GMP-L	663	mAOC0488	mAOC-CD62L	gene	RNA	SELL	0.0144546863498599	ok		0.324522039187327
Adult_cHSPCs_Ultima_majority_voting	HSC_MPP	8254	mAOC0488	mAOC-CD62L	gene	RNA	SELL	0.0145838294823853	ok		0.599006509052106
Adult_cHSPCs_Ultima_majority_voting	MEBEMP-L	1898	mAOC0488	mAOC-CD62L	gene	RNA	SELL	0.0159592482871241	ok		0.0795183185497579
Adult_cHSPCs_Ultima_majority_voting	MKP	565	mAOC0488	mAOC-CD62L	gene	RNA	SELL	0.0227400950640417	ok		0.244510569346472
Adult_cHSPCs_Ultima_majority_voting	Monocyte	195	mAOC0488	mAOC-CD62L	gene	RNA	SELL	0.0257916780295948	ok		0.132785995139556
Adult_cHSPCs_Ultima_majority_voting	NK/T	116	mAOC0488	mAOC-CD62L	gene	RNA	SELL	0.11205758010511	ok		0.398454960136743
Adult_cHSPCs_Ultima_majority_voting	B	652	mAOC0490	mAOC-CD158a	gene	RNA	KIR2DL1	0.00420867512376412	ok		0
Adult_cHSPCs_Ultima_majority_voting	CLP	506	mAOC0490	mAOC-CD158a	gene	RNA	KIR2DL1	0.00339463952332319	ok		0
Adult_cHSPCs_Ultima_majority_voting	ERYP	440	mAOC0490	mAOC-CD158a	gene	RNA	KIR2DL1	0.00109079422997575	ok		0
Adult_cHSPCs_Ultima_majority_voting	GMP-L	663	mAOC0490	mAOC-CD158a	gene	RNA	KIR2DL1	0.00752728795680496	ok		0.000657615937430493
Adult_cHSPCs_Ultima_majority_voting	HSC_MPP	8254	mAOC0490	mAOC-CD158a	gene	RNA	KIR2DL1	0.00280313992821818	ok		0
Adult_cHSPCs_Ultima_majority_voting	MEBEMP-L	1898	mAOC0490	mAOC-CD158a	gene	RNA	KIR2DL1	0.00375443606668079	ok		0
Adult_cHSPCs_Ultima_majority_voting	MKP	565	mAOC0490	mAOC-CD158a	gene	RNA	KIR2DL1	0.00568933870061109	ok		0
Adult_cHSPCs_Ultima_majority_voting	Monocyte	195	mAOC0490	mAOC-CD158a	gene	RNA	KIR2DL1	0.00958642382504672	ok		0
Adult_cHSPCs_Ultima_majority_voting	NK/T	116	mAOC0490	mAOC-CD158a	gene	RNA	KIR2DL1	0.0363664212221288	ok		0
Adult_cHSPCs_Ultima_majority_voting	B	652	mAOC0492	mAOC-CD115	gene	RNA	CSF1R	0.0122554069706415	ok		0
Adult_cHSPCs_Ultima_majority_voting	CLP	506	mAOC0492	mAOC-CD115	gene	RNA	CSF1R	0.00340323871883026	ok		0.0735979157955909
Adult_cHSPCs_Ultima_majority_voting	ERYP	440	mAOC0492	mAOC-CD115	gene	RNA	CSF1R	0.00283977712982717	ok		0
Adult_cHSPCs_Ultima_majority_voting	GMP-L	663	mAOC0492	mAOC-CD115	gene	RNA	CSF1R	0.0104351547678676	ok		0.0505950285603838
Adult_cHSPCs_Ultima_majority_voting	HSC_MPP	8254	mAOC0492	mAOC-CD115	gene	RNA	CSF1R	0.00611664911571091	ok		0.0092095164218161
Adult_cHSPCs_Ultima_majority_voting	MEBEMP-L	1898	mAOC0492	mAOC-CD115	gene	RNA	CSF1R	0.0080226268551608	ok		0.00292709618378885
Adult_cHSPCs_Ultima_majority_voting	MKP	565	mAOC0492	mAOC-CD115	gene	RNA	CSF1R	0.0225938706247237	ok		0.00445036353938601
Adult_cHSPCs_Ultima_majority_voting	Monocyte	195	mAOC0492	mAOC-CD115	gene	RNA	CSF1R	0.0251324272037811	ok		0.0412602271815824
Adult_cHSPCs_Ultima_majority_voting	NK/T	116	mAOC0492	mAOC-CD115	gene	RNA	CSF1R	0.0545123548600536	ok		0.00533370447510038
Adult_cHSPCs_Ultima_majority_voting	B	652	mAOC0496	mAOC-CD272	gene	RNA	BTLA	0.0340544032308661	ok		0.242882627015286
Adult_cHSPCs_Ultima_majority_voting	CLP	506	mAOC0496	mAOC-CD272	gene	RNA	BTLA	0.014694352494894	ok		0.00925205568365629
Adult_cHSPCs_Ultima_majority_voting	ERYP	440	mAOC0496	mAOC-CD272	gene	RNA	BTLA	0.010252638983864	ok		0
Adult_cHSPCs_Ultima_majority_voting	GMP-L	663	mAOC0496	mAOC-CD272	gene	RNA	BTLA	0.0208630671754535	ok		0.00230918545323374
Adult_cHSPCs_Ultima_majority_voting	HSC_MPP	8254	mAOC0496	mAOC-CD272	gene	RNA	BTLA	0.0201122221806671	ok		0.00591370361523178
Adult_cHSPCs_Ultima_majority_voting	MEBEMP-L	1898	mAOC0496	mAOC-CD272	gene	RNA	BTLA	0.0158699156765004	ok		0.000860142047294337
Adult_cHSPCs_Ultima_majority_voting	MKP	565	mAOC0496	mAOC-CD272	gene	RNA	BTLA	0.0392122858593761	ok		0.000719500657893089
Adult_cHSPCs_Ultima_majority_voting	Monocyte	195	mAOC0496	mAOC-CD272	gene	RNA	BTLA	0.0613299049938082	ok		0.00925535473966279
Adult_cHSPCs_Ultima_majority_voting	NK/T	116	mAOC0496	mAOC-CD272	gene	RNA	BTLA	0.144871161596367	ok		0.0360659691006897
Adult_cHSPCs_Ultima_majority_voting	B	652	mAOC0500	mAOC-CD16a	gene	RNA	FCGR3A	0.000573555163078864	ok		0
Adult_cHSPCs_Ultima_majority_voting	CLP	506	mAOC0500	mAOC-CD16a	gene	RNA	FCGR3A	0.00062998012747142	ok		0
Adult_cHSPCs_Ultima_majority_voting	ERYP	440	mAOC0500	mAOC-CD16a	gene	RNA	FCGR3A	0	ok		0
Adult_cHSPCs_Ultima_majority_voting	GMP-L	663	mAOC0500	mAOC-CD16a	gene	RNA	FCGR3A	0.00067568372233372	ok		0
Adult_cHSPCs_Ultima_majority_voting	HSC_MPP	8254	mAOC0500	mAOC-CD16a	gene	RNA	FCGR3A	0.000278846432414146	ok		0
Adult_cHSPCs_Ultima_majority_voting	MEBEMP-L	1898	mAOC0500	mAOC-CD16a	gene	RNA	FCGR3A	0.000467524817873671	ok		0.000915321035917819
Adult_cHSPCs_Ultima_majority_voting	MKP	565	mAOC0500	mAOC-CD16a	gene	RNA	FCGR3A	0.00107887490761956	ok		0
Adult_cHSPCs_Ultima_majority_voting	Monocyte	195	mAOC0500	mAOC-CD16a	gene	RNA	FCGR3A	0.00425316846761479	ok		0.0864336524623052
Adult_cHSPCs_Ultima_majority_voting	NK/T	116	mAOC0500	mAOC-CD16a	gene	RNA	FCGR3A	0	ok		0.156031964961208
Adult_cHSPCs_Ultima_majority_voting	B	652	mAOC0505	mAOC-CD35	gene	RNA	CR1	2.75689632128142	ok		0.156495752154769
Adult_cHSPCs_Ultima_majority_voting	CLP	506	mAOC0505	mAOC-CD35	gene	RNA	CR1	0.203219529903542	ok		0.00406308948736097
Adult_cHSPCs_Ultima_majority_voting	ERYP	440	mAOC0505	mAOC-CD35	gene	RNA	CR1	0.0343810398010479	ok		0.0190211107603773
Adult_cHSPCs_Ultima_majority_voting	GMP-L	663	mAOC0505	mAOC-CD35	gene	RNA	CR1	0.127724575527692	ok		0.0376325974059945
Adult_cHSPCs_Ultima_majority_voting	HSC_MPP	8254	mAOC0505	mAOC-CD35	gene	RNA	CR1	0.0443981487880014	ok		0.00873455331009445
Adult_cHSPCs_Ultima_majority_voting	MEBEMP-L	1898	mAOC0505	mAOC-CD35	gene	RNA	CR1	0.0134491526454444	ok		0.00738943047665348
Adult_cHSPCs_Ultima_majority_voting	MKP	565	mAOC0505	mAOC-CD35	gene	RNA	CR1	0.0277116435889233	ok		0.00589242878111372
Adult_cHSPCs_Ultima_majority_voting	Monocyte	195	mAOC0505	mAOC-CD35	gene	RNA	CR1	2.18354213001553	ok		0.0846029172443532
Adult_cHSPCs_Ultima_majority_voting	NK/T	116	mAOC0505	mAOC-CD35	gene	RNA	CR1	0.416549827398572	ok		0.0134288793157157
Adult_cHSPCs_Ultima_majority_voting	B	652	mAOC0506	mAOC-CD31	gene	RNA	PECAM1	0.0911705588445074	ok		0.0318343507449212
Adult_cHSPCs_Ultima_majority_voting	CLP	506	mAOC0506	mAOC-CD31	gene	RNA	PECAM1	0.0433621910897638	ok		0.384632130547411
Adult_cHSPCs_Ultima_majority_voting	ERYP	440	mAOC0506	mAOC-CD31	gene	RNA	PECAM1	0.0141643606702184	ok		0.0833558082577784
Adult_cHSPCs_Ultima_majority_voting	GMP-L	663	mAOC0506	mAOC-CD31	gene	RNA	PECAM1	0.0492319783774339	ok		0.219293519967007
Adult_cHSPCs_Ultima_majority_voting	HSC_MPP	8254	mAOC0506	mAOC-CD31	gene	RNA	PECAM1	0.0388517633523568	ok		0.375660561508247
Adult_cHSPCs_Ultima_majority_voting	MEBEMP-L	1898	mAOC0506	mAOC-CD31	gene	RNA	PECAM1	0.0275485496695109	ok		0.179690093497506
Adult_cHSPCs_Ultima_majority_voting	MKP	565	mAOC0506	mAOC-CD31	gene	RNA	PECAM1	0.0735230574619046	ok		0.453072912885514
Adult_cHSPCs_Ultima_majority_voting	Monocyte	195	mAOC0506	mAOC-CD31	gene	RNA	PECAM1	0.174166336701665	ok		0.315115468589082
Adult_cHSPCs_Ultima_majority_voting	NK/T	116	mAOC0506	mAOC-CD31	gene	RNA	PECAM1	0.288002918926351	ok		0.312470615840861
Adult_cHSPCs_Ultima_majority_voting	B	652	mAOC0507	mAOC-CD11c	gene	RNA	ITGAX	0.00727226010398233	ok		0.00124078324216919
Adult_cHSPCs_Ultima_majority_voting	CLP	506	mAOC0507	mAOC-CD11c	gene	RNA	ITGAX	0.00136481991680917	ok		0.0728316620186477
Adult_cHSPCs_Ultima_majority_voting	ERYP	440	mAOC0507	mAOC-CD11c	gene	RNA	ITGAX	0.00319947452581365	ok		0.00309750026635064
Adult_cHSPCs_Ultima_majority_voting	GMP-L	663	mAOC0507	mAOC-CD11c	gene	RNA	ITGAX	0.0034065246047956	ok		0.100635598188104
Adult_cHSPCs_Ultima_majority_voting	HSC_MPP	8254	mAOC0507	mAOC-CD11c	gene	RNA	ITGAX	0.00129293626892053	ok		0.0721139326184763
Adult_cHSPCs_Ultima_majority_voting	MEBEMP-L	1898	mAOC0507	mAOC-CD11c	gene	RNA	ITGAX	0.00271581645009767	ok		0.0475955878538212
Adult_cHSPCs_Ultima_majority_voting	MKP	565	mAOC0507	mAOC-CD11c	gene	RNA	ITGAX	0.0100743565258986	ok		0.0612035198322647
Adult_cHSPCs_Ultima_majority_voting	Monocyte	195	mAOC0507	mAOC-CD11c	gene	RNA	ITGAX	0.00563273287280205	ok		1.20196591819824
Adult_cHSPCs_Ultima_majority_voting	NK/T	116	mAOC0507	mAOC-CD11c	gene	RNA	ITGAX	0.0132041084222523	ok		0
Adult_cHSPCs_Ultima_majority_voting	B	652	mAOC0508	mAOC-CD157	gene	RNA	BST1	0.0247443067708489	ok		0
Adult_cHSPCs_Ultima_majority_voting	CLP	506	mAOC0508	mAOC-CD157	gene	RNA	BST1	0.0139218078464921	ok		0.0182663260933486
Adult_cHSPCs_Ultima_majority_voting	ERYP	440	mAOC0508	mAOC-CD157	gene	RNA	BST1	0.0152173754774845	ok		0.0635200531931552
Adult_cHSPCs_Ultima_majority_voting	GMP-L	663	mAOC0508	mAOC-CD157	gene	RNA	BST1	0.0268632261366576	ok		0.0564250980491112
Adult_cHSPCs_Ultima_majority_voting	HSC_MPP	8254	mAOC0508	mAOC-CD157	gene	RNA	BST1	0.0217012594712114	ok		0.036172727053903
Adult_cHSPCs_Ultima_majority_voting	MEBEMP-L	1898	mAOC0508	mAOC-CD157	gene	RNA	BST1	0.0206378529662527	ok		0.0578676540298801
Adult_cHSPCs_Ultima_majority_voting	MKP	565	mAOC0508	mAOC-CD157	gene	RNA	BST1	0.0481187803270994	ok		0.0802145975773872
Adult_cHSPCs_Ultima_majority_voting	Monocyte	195	mAOC0508	mAOC-CD157	gene	RNA	BST1	0.0534375581576678	ok		0.143317313475157
Adult_cHSPCs_Ultima_majority_voting	NK/T	116	mAOC0508	mAOC-CD157	gene	RNA	BST1	0.132066015552651	ok		0
Adult_cHSPCs_Ultima_majority_voting	B	652	mAOC0509	mAOC-CD277	gene	RNA	BTN3A1	0.0263827371652338	ok		0.0780521916879754
Adult_cHSPCs_Ultima_majority_voting	CLP	506	mAOC0509	mAOC-CD277	gene	RNA	BTN3A1	0.0141096524920129	ok		0.0332601831616988
Adult_cHSPCs_Ultima_majority_voting	ERYP	440	mAOC0509	mAOC-CD277	gene	RNA	BTN3A1	0.0168082769963421	ok		0.0335550132912316
Adult_cHSPCs_Ultima_majority_voting	GMP-L	663	mAOC0509	mAOC-CD277	gene	RNA	BTN3A1	0.0244995650422623	ok		0.030392001342395
Adult_cHSPCs_Ultima_majority_voting	HSC_MPP	8254	mAOC0509	mAOC-CD277	gene	RNA	BTN3A1	0.0205350988914596	ok		0.0297290768804685
Adult_cHSPCs_Ultima_majority_voting	MEBEMP-L	1898	mAOC0509	mAOC-CD277	gene	RNA	BTN3A1	0.018977157480499	ok		0.0184772451803709
Adult_cHSPCs_Ultima_majority_voting	MKP	565	mAOC0509	mAOC-CD277	gene	RNA	BTN3A1	0.046974558077729	ok		0.0193174138364313
Adult_cHSPCs_Ultima_majority_voting	Monocyte	195	mAOC0509	mAOC-CD277	gene	RNA	BTN3A1	0.0831355786928847	ok		0.00984492426862857
Adult_cHSPCs_Ultima_majority_voting	NK/T	116	mAOC0509	mAOC-CD277	gene	RNA	BTN3A1	0.135765400682247	ok		0.146064805754228
Adult_cHSPCs_Ultima_majority_voting	B	652	mAOC0518-1	mAOC-ACVR2B	gene	RNA	ACVR2B	0.0220475265260048	ok		0
Adult_cHSPCs_Ultima_majority_voting	CLP	506	mAOC0518-1	mAOC-ACVR2B	gene	RNA	ACVR2B	0.00877591172522923	ok		0.0187166381653554
Adult_cHSPCs_Ultima_majority_voting	ERYP	440	mAOC0518-1	mAOC-ACVR2B	gene	RNA	ACVR2B	0.00312997277620541	ok		0.0599589160296344
Adult_cHSPCs_Ultima_majority_voting	GMP-L	663	mAOC0518-1	mAOC-ACVR2B	gene	RNA	ACVR2B	0.0150873985522007	ok		0.03528963883914
Adult_cHSPCs_Ultima_majority_voting	HSC_MPP	8254	mAOC0518-1	mAOC-ACVR2B	gene	RNA	ACVR2B	0.0122103874069139	ok		0.0252160723146926
Adult_cHSPCs_Ultima_majority_voting	MEBEMP-L	1898	mAOC0518-1	mAOC-ACVR2B	gene	RNA	ACVR2B	0.0110211198727755	ok		0.0269885728248314
Adult_cHSPCs_Ultima_majority_voting	MKP	565	mAOC0518-1	mAOC-ACVR2B	gene	RNA	ACVR2B	0.026824782644188	ok		0.0208329080980723
Adult_cHSPCs_Ultima_majority_voting	Monocyte	195	mAOC0518-1	mAOC-ACVR2B	gene	RNA	ACVR2B	0.299394055087635	ok		0.012858882997595
Adult_cHSPCs_Ultima_majority_voting	NK/T	116	mAOC0518-1	mAOC-ACVR2B	gene	RNA	ACVR2B	0.132939920627288	ok		0.0105697900957163
Adult_cHSPCs_Ultima_majority_voting	B	652	mAOC0519-1	mAOC-CD246	gene	RNA	ALK	0.027627261556126	ok		0
Adult_cHSPCs_Ultima_majority_voting	CLP	506	mAOC0519-1	mAOC-CD246	gene	RNA	ALK	0.0171536892122106	ok		0.0144316153662691
Adult_cHSPCs_Ultima_majority_voting	ERYP	440	mAOC0519-1	mAOC-CD246	gene	RNA	ALK	0.00595313322935667	ok		0.000722127381078523
Adult_cHSPCs_Ultima_majority_voting	GMP-L	663	mAOC0519-1	mAOC-CD246	gene	RNA	ALK	0.0245351505804933	ok		0.00318293920527427
Adult_cHSPCs_Ultima_majority_voting	HSC_MPP	8254	mAOC0519-1	mAOC-CD246	gene	RNA	ALK	0.0171063137708047	ok		0.00883496494768961
Adult_cHSPCs_Ultima_majority_voting	MEBEMP-L	1898	mAOC0519-1	mAOC-CD246	gene	RNA	ALK	0.0143392640423638	ok		0.00299977043856658
Adult_cHSPCs_Ultima_majority_voting	MKP	565	mAOC0519-1	mAOC-CD246	gene	RNA	ALK	0.0295929226210224	ok		0.00417228331026872
Adult_cHSPCs_Ultima_majority_voting	Monocyte	195	mAOC0519-1	mAOC-CD246	gene	RNA	ALK	0.130365968357819	ok		0.00709232517057384
Adult_cHSPCs_Ultima_majority_voting	NK/T	116	mAOC0519-1	mAOC-CD246	gene	RNA	ALK	0.119839734961236	ok		0
Adult_cHSPCs_Ultima_majority_voting	B	652	mAOC0520	mAOC-TNFA	gene	RNA	TNF	0.0081231968747693	ok		0.20948490387156
Adult_cHSPCs_Ultima_majority_voting	CLP	506	mAOC0520	mAOC-TNFA	gene	RNA	TNF	0.00219169479159836	ok		0.391633949462948
Adult_cHSPCs_Ultima_majority_voting	ERYP	440	mAOC0520	mAOC-TNFA	gene	RNA	TNF	0.000817347140051617	ok		0.0247721744681421
Adult_cHSPCs_Ultima_majority_voting	GMP-L	663	mAOC0520	mAOC-TNFA	gene	RNA	TNF	0.00337233493870093	ok		0.0487708044330817
Adult_cHSPCs_Ultima_majority_voting	HSC_MPP	8254	mAOC0520	mAOC-TNFA	gene	RNA	TNF	0.00237694404680297	ok		0.130951327053538
Adult_cHSPCs_Ultima_majority_voting	MEBEMP-L	1898	mAOC0520	mAOC-TNFA	gene	RNA	TNF	0.00249727525101483	ok		0.0234065471423373
Adult_cHSPCs_Ultima_majority_voting	MKP	565	mAOC0520	mAOC-TNFA	gene	RNA	TNF	0.00480508483706107	ok		0.0672559853511211
Adult_cHSPCs_Ultima_majority_voting	Monocyte	195	mAOC0520	mAOC-TNFA	gene	RNA	TNF	0.037420120279299	ok		0.581472063239263
Adult_cHSPCs_Ultima_majority_voting	NK/T	116	mAOC0520	mAOC-TNFA	gene	RNA	TNF	0.017352024691849	ok		0.317739051204316
Adult_cHSPCs_Ultima_majority_voting	B	652	mAOC0522-1	mAOC-CD350	gene	RNA	FZD10	0.0430037937567887	ok		0
Adult_cHSPCs_Ultima_majority_voting	CLP	506	mAOC0522-1	mAOC-CD350	gene	RNA	FZD10	0.0203174111003875	ok		0
Adult_cHSPCs_Ultima_majority_voting	ERYP	440	mAOC0522-1	mAOC-CD350	gene	RNA	FZD10	0.011523402482898	ok		0
Adult_cHSPCs_Ultima_majority_voting	GMP-L	663	mAOC0522-1	mAOC-CD350	gene	RNA	FZD10	0.0415590499345582	ok		0
Adult_cHSPCs_Ultima_majority_voting	HSC_MPP	8254	mAOC0522-1	mAOC-CD350	gene	RNA	FZD10	0.0242599508189373	ok		0
Adult_cHSPCs_Ultima_majority_voting	MEBEMP-L	1898	mAOC0522-1	mAOC-CD350	gene	RNA	FZD10	0.0220603628842678	ok		0
Adult_cHSPCs_Ultima_majority_voting	MKP	565	mAOC0522-1	mAOC-CD350	gene	RNA	FZD10	0.0641301712469508	ok		0
Adult_cHSPCs_Ultima_majority_voting	Monocyte	195	mAOC0522-1	mAOC-CD350	gene	RNA	FZD10	0.131708497401503	ok		0
Adult_cHSPCs_Ultima_majority_voting	NK/T	116	mAOC0522-1	mAOC-CD350	gene	RNA	FZD10	0.244866280242569	ok		0
Adult_cHSPCs_Ultima_majority_voting	B	652	mAOC0523-1	mAOC-GLP1R	gene	RNA	GLP1R	0.0102813710699166	ok		0
Adult_cHSPCs_Ultima_majority_voting	CLP	506	mAOC0523-1	mAOC-GLP1R	gene	RNA	GLP1R	0.00220360207496598	ok		0
Adult_cHSPCs_Ultima_majority_voting	ERYP	440	mAOC0523-1	mAOC-GLP1R	gene	RNA	GLP1R	0.00153601458170732	ok		0
Adult_cHSPCs_Ultima_majority_voting	GMP-L	663	mAOC0523-1	mAOC-GLP1R	gene	RNA	GLP1R	0.00425976083099866	ok		0.000882871520819749
Adult_cHSPCs_Ultima_majority_voting	HSC_MPP	8254	mAOC0523-1	mAOC-GLP1R	gene	RNA	GLP1R	0.00320290058431695	ok		0.000478813119167288
Adult_cHSPCs_Ultima_majority_voting	MEBEMP-L	1898	mAOC0523-1	mAOC-GLP1R	gene	RNA	GLP1R	0.00431557388418307	ok		0.00153676941318355
Adult_cHSPCs_Ultima_majority_voting	MKP	565	mAOC0523-1	mAOC-GLP1R	gene	RNA	GLP1R	0.00588587500236694	ok		0.0011692355105796
Adult_cHSPCs_Ultima_majority_voting	Monocyte	195	mAOC0523-1	mAOC-GLP1R	gene	RNA	GLP1R	0.0379547447466093	ok		0
Adult_cHSPCs_Ultima_majority_voting	NK/T	116	mAOC0523-1	mAOC-GLP1R	gene	RNA	GLP1R	0.0328234974267242	ok		0
Adult_cHSPCs_Ultima_majority_voting	B	652	mAOC0524	mAOC-GPC2	gene	RNA	GPC2	0.0111660130090842	ok		0.00941081278234758
Adult_cHSPCs_Ultima_majority_voting	CLP	506	mAOC0524	mAOC-GPC2	gene	RNA	GPC2	0.00538459497535026	ok		0.00550911822988778
Adult_cHSPCs_Ultima_majority_voting	ERYP	440	mAOC0524	mAOC-GPC2	gene	RNA	GPC2	0.00424936763564595	ok		0.00576958708182508
Adult_cHSPCs_Ultima_majority_voting	GMP-L	663	mAOC0524	mAOC-GPC2	gene	RNA	GPC2	0.0118214530960777	ok		0.00475668621704829
Adult_cHSPCs_Ultima_majority_voting	HSC_MPP	8254	mAOC0524	mAOC-GPC2	gene	RNA	GPC2	0.00669989790252304	ok		0.00685566078201169
Adult_cHSPCs_Ultima_majority_voting	MEBEMP-L	1898	mAOC0524	mAOC-GPC2	gene	RNA	GPC2	0.00688953060711944	ok		0.00357204232643897
Adult_cHSPCs_Ultima_majority_voting	MKP	565	mAOC0524	mAOC-GPC2	gene	RNA	GPC2	0.0169123922667694	ok		0.00334974915607281
Adult_cHSPCs_Ultima_majority_voting	Monocyte	195	mAOC0524	mAOC-GPC2	gene	RNA	GPC2	0.0256460796166287	ok		0
Adult_cHSPCs_Ultima_majority_voting	NK/T	116	mAOC0524	mAOC-GPC2	gene	RNA	GPC2	0.0546214274770573	ok		0.0382922798590815
Adult_cHSPCs_Ultima_majority_voting	B	652	mAOC0525	mAOC-HTR2B	gene	RNA	HTR2B	0.0164436377253401	ok		0.00634234611140097
Adult_cHSPCs_Ultima_majority_voting	CLP	506	mAOC0525	mAOC-HTR2B	gene	RNA	HTR2B	0.00426372888212982	ok		0.00479254102070297
Adult_cHSPCs_Ultima_majority_voting	ERYP	440	mAOC0525	mAOC-HTR2B	gene	RNA	HTR2B	0.00413112195818089	ok		0.00417353138503289
Adult_cHSPCs_Ultima_majority_voting	GMP-L	663	mAOC0525	mAOC-HTR2B	gene	RNA	HTR2B	0.00920598022202259	ok		0.00293633478290866
Adult_cHSPCs_Ultima_majority_voting	HSC_MPP	8254	mAOC0525	mAOC-HTR2B	gene	RNA	HTR2B	0.00787879086480635	ok		0.00364838952784538
Adult_cHSPCs_Ultima_majority_voting	MEBEMP-L	1898	mAOC0525	mAOC-HTR2B	gene	RNA	HTR2B	0.0073809731770256	ok		0.00537082072310372
Adult_cHSPCs_Ultima_majority_voting	MKP	565	mAOC0525	mAOC-HTR2B	gene	RNA	HTR2B	0.0114302477648881	ok		0.00655028306088126
Adult_cHSPCs_Ultima_majority_voting	Monocyte	195	mAOC0525	mAOC-HTR2B	gene	RNA	HTR2B	0.0352430566870464	ok		0
Adult_cHSPCs_Ultima_majority_voting	NK/T	116	mAOC0525	mAOC-HTR2B	gene	RNA	HTR2B	0.0822565040499489	ok		0
Adult_cHSPCs_Ultima_majority_voting	B	652	mAOC0526	mAOC-CD213a2	gene	RNA	IL13RA2	0.0128162483787654	ok		0
Adult_cHSPCs_Ultima_majority_voting	CLP	506	mAOC0526	mAOC-CD213a2	gene	RNA	IL13RA2	0.00521798559271496	ok		0.0052865522998717
Adult_cHSPCs_Ultima_majority_voting	ERYP	440	mAOC0526	mAOC-CD213a2	gene	RNA	IL13RA2	0.00588330130428481	ok		0.0118817738972133
Adult_cHSPCs_Ultima_majority_voting	GMP-L	663	mAOC0526	mAOC-CD213a2	gene	RNA	IL13RA2	0.0140357237846058	ok		0.000722455096030742
Adult_cHSPCs_Ultima_majority_voting	HSC_MPP	8254	mAOC0526	mAOC-CD213a2	gene	RNA	IL13RA2	0.0079189671786851	ok		0.0089438927403773
Adult_cHSPCs_Ultima_majority_voting	MEBEMP-L	1898	mAOC0526	mAOC-CD213a2	gene	RNA	IL13RA2	0.00805880118543127	ok		0.00822717589068879
Adult_cHSPCs_Ultima_majority_voting	MKP	565	mAOC0526	mAOC-CD213a2	gene	RNA	IL13RA2	0.0323093216837504	ok		0.0118724397590947
Adult_cHSPCs_Ultima_majority_voting	Monocyte	195	mAOC0526	mAOC-CD213a2	gene	RNA	IL13RA2	0.0371694509454442	ok		0
Adult_cHSPCs_Ultima_majority_voting	NK/T	116	mAOC0526	mAOC-CD213a2	gene	RNA	IL13RA2	0.0484934229574381	ok		0
Adult_cHSPCs_Ultima_majority_voting	B	652	mAOC0527	mAOC-CD220	gene	RNA	INSR	0.0341269904261391	ok		0.245821487632773
Adult_cHSPCs_Ultima_majority_voting	CLP	506	mAOC0527	mAOC-CD220	gene	RNA	INSR	0.0186006179915456	ok		0.0859251640882511
Adult_cHSPCs_Ultima_majority_voting	ERYP	440	mAOC0527	mAOC-CD220	gene	RNA	INSR	0.0117125448827173	ok		0.0617671298266594
Adult_cHSPCs_Ultima_majority_voting	GMP-L	663	mAOC0527	mAOC-CD220	gene	RNA	INSR	0.0219452134498191	ok		0.176535724730766
Adult_cHSPCs_Ultima_majority_voting	HSC_MPP	8254	mAOC0527	mAOC-CD220	gene	RNA	INSR	0.021814720470934	ok		0.0478539648094079
Adult_cHSPCs_Ultima_majority_voting	MEBEMP-L	1898	mAOC0527	mAOC-CD220	gene	RNA	INSR	0.0212125078207133	ok		0.0205486218551141
Adult_cHSPCs_Ultima_majority_voting	MKP	565	mAOC0527	mAOC-CD220	gene	RNA	INSR	0.0307287500380862	ok		0.0820203719848605
Adult_cHSPCs_Ultima_majority_voting	Monocyte	195	mAOC0527	mAOC-CD220	gene	RNA	INSR	0.0521280858363475	ok		0.0602251789716896
Adult_cHSPCs_Ultima_majority_voting	NK/T	116	mAOC0527	mAOC-CD220	gene	RNA	INSR	0.154516995521006	ok		0.109926235483882
Adult_cHSPCs_Ultima_majority_voting	B	652	mAOC0528	mAOC-Galectin-3	gene	RNA	LGALS3	0.00703763272380168	ok		0.166022159029637
Adult_cHSPCs_Ultima_majority_voting	CLP	506	mAOC0528	mAOC-Galectin-3	gene	RNA	LGALS3	0.00360502006327565	ok		0.121398148415078
Adult_cHSPCs_Ultima_majority_voting	ERYP	440	mAOC0528	mAOC-Galectin-3	gene	RNA	LGALS3	0.00170122193078441	ok		0.020142182580346
Adult_cHSPCs_Ultima_majority_voting	GMP-L	663	mAOC0528	mAOC-Galectin-3	gene	RNA	LGALS3	0.00550655974101742	ok		0.0545221112174907
Adult_cHSPCs_Ultima_majority_voting	HSC_MPP	8254	mAOC0528	mAOC-Galectin-3	gene	RNA	LGALS3	0.00330859755958507	ok		0.0120928721749739
Adult_cHSPCs_Ultima_majority_voting	MEBEMP-L	1898	mAOC0528	mAOC-Galectin-3	gene	RNA	LGALS3	0.00260100674743962	ok		0.0154903375802408
Adult_cHSPCs_Ultima_majority_voting	MKP	565	mAOC0528	mAOC-Galectin-3	gene	RNA	LGALS3	0.0119893705216497	ok		0.0117133952582955
Adult_cHSPCs_Ultima_majority_voting	Monocyte	195	mAOC0528	mAOC-Galectin-3	gene	RNA	LGALS3	0.00747695130438463	ok		2.23556048376321
Adult_cHSPCs_Ultima_majority_voting	NK/T	116	mAOC0528	mAOC-Galectin-3	gene	RNA	LGALS3	0.023067055922124	ok		0.0210384427254016
Adult_cHSPCs_Ultima_majority_voting	B	652	mAOC0529	mAOC-CD257	gene	RNA	TNFSF13B	0.0109474117246696	ok		0.0575601880897569
Adult_cHSPCs_Ultima_majority_voting	CLP	506	mAOC0529	mAOC-CD257	gene	RNA	TNFSF13B	0.00392025606379515	ok		0.15446522554223
Adult_cHSPCs_Ultima_majority_voting	ERYP	440	mAOC0529	mAOC-CD257	gene	RNA	TNFSF13B	0.00418834174262161	ok		0.0369796031862443
Adult_cHSPCs_Ultima_majority_voting	GMP-L	663	mAOC0529	mAOC-CD257	gene	RNA	TNFSF13B	0.0106159557503852	ok		0.11825564110821
Adult_cHSPCs_Ultima_majority_voting	HSC_MPP	8254	mAOC0529	mAOC-CD257	gene	RNA	TNFSF13B	0.00744143975026067	ok		0.0756031718378708
Adult_cHSPCs_Ultima_majority_voting	MEBEMP-L	1898	mAOC0529	mAOC-CD257	gene	RNA	TNFSF13B	0.00769272973202864	ok		0.0205342183160823
Adult_cHSPCs_Ultima_majority_voting	MKP	565	mAOC0529	mAOC-CD257	gene	RNA	TNFSF13B	0.0152418162205127	ok		0.0572218797135203
Adult_cHSPCs_Ultima_majority_voting	Monocyte	195	mAOC0529	mAOC-CD257	gene	RNA	TNFSF13B	0.0183054685181072	ok		0.128077524869654
Adult_cHSPCs_Ultima_majority_voting	NK/T	116	mAOC0529	mAOC-CD257	gene	RNA	TNFSF13B	0.0412780582067399	ok		0.144368393323823
Adult_cHSPCs_Ultima_majority_voting	B	652	mAOC0530	mAOC-CD279	gene	RNA	PDCD1	0.0129027992001102	ok		0.0599737820306882
Adult_cHSPCs_Ultima_majority_voting	CLP	506	mAOC0530	mAOC-CD279	gene	RNA	PDCD1	0.00471985588141438	ok		0.00301877946272748
Adult_cHSPCs_Ultima_majority_voting	ERYP	440	mAOC0530	mAOC-CD279	gene	RNA	PDCD1	0.00412134193035275	ok		0.00420736298520229
Adult_cHSPCs_Ultima_majority_voting	GMP-L	663	mAOC0530	mAOC-CD279	gene	RNA	PDCD1	0.00769017325207624	ok		0.00305339018578557
Adult_cHSPCs_Ultima_majority_voting	HSC_MPP	8254	mAOC0530	mAOC-CD279	gene	RNA	PDCD1	0.00739646553820532	ok		0.00312811620953815
Adult_cHSPCs_Ultima_majority_voting	MEBEMP-L	1898	mAOC0530	mAOC-CD279	gene	RNA	PDCD1	0.00599305721531789	ok		0.0105958894755118
Adult_cHSPCs_Ultima_majority_voting	MKP	565	mAOC0530	mAOC-CD279	gene	RNA	PDCD1	0.00911982954503805	ok		0.00369717457204004
Adult_cHSPCs_Ultima_majority_voting	Monocyte	195	mAOC0530	mAOC-CD279	gene	RNA	PDCD1	0.0253728356577696	ok		0
Adult_cHSPCs_Ultima_majority_voting	NK/T	116	mAOC0530	mAOC-CD279	gene	RNA	PDCD1	0.0562183832547764	ok		0
Adult_cHSPCs_Ultima_majority_voting	B	652	mAOC0531	mAOC-TNFSF12	gene	RNA	TNFSF12	0.0157201120773554	ok		0
Adult_cHSPCs_Ultima_majority_voting	CLP	506	mAOC0531	mAOC-TNFSF12	gene	RNA	TNFSF12	0.00558214688398244	ok		0.00140184008681407
Adult_cHSPCs_Ultima_majority_voting	ERYP	440	mAOC0531	mAOC-TNFSF12	gene	RNA	TNFSF12	0.0078816708518724	ok		0
Adult_cHSPCs_Ultima_majority_voting	GMP-L	663	mAOC0531	mAOC-TNFSF12	gene	RNA	TNFSF12	0.00995607301973705	ok		0
Adult_cHSPCs_Ultima_majority_voting	HSC_MPP	8254	mAOC0531	mAOC-TNFSF12	gene	RNA	TNFSF12	0.0077632465641483	ok		0.00433011065194668
Adult_cHSPCs_Ultima_majority_voting	MEBEMP-L	1898	mAOC0531	mAOC-TNFSF12	gene	RNA	TNFSF12	0.007403583589658	ok		0.00104069612688758
Adult_cHSPCs_Ultima_majority_voting	MKP	565	mAOC0531	mAOC-TNFSF12	gene	RNA	TNFSF12	0.016766420291428	ok		0.00446389800912946
Adult_cHSPCs_Ultima_majority_voting	Monocyte	195	mAOC0531	mAOC-TNFSF12	gene	RNA	TNFSF12	0.0362448913637927	ok		0
Adult_cHSPCs_Ultima_majority_voting	NK/T	116	mAOC0531	mAOC-TNFSF12	gene	RNA	TNFSF12	0.0875402062958363	ok		0
Adult_cHSPCs_Ultima_majority_voting	B	652	mAOC0532	mAOC-CD314	gene	RNA	KLRK1	0.0303815907600139	ok		0.166328466284479
Adult_cHSPCs_Ultima_majority_voting	CLP	506	mAOC0532	mAOC-CD314	gene	RNA	KLRK1	0.0172335385020863	ok		0.00551165973238275
Adult_cHSPCs_Ultima_majority_voting	ERYP	440	mAOC0532	mAOC-CD314	gene	RNA	KLRK1	0.0172294730022235	ok		0.00305085301077434
Adult_cHSPCs_Ultima_majority_voting	GMP-L	663	mAOC0532	mAOC-CD314	gene	RNA	KLRK1	0.0347991121448316	ok		0
Adult_cHSPCs_Ultima_majority_voting	HSC_MPP	8254	mAOC0532	mAOC-CD314	gene	RNA	KLRK1	0.0262776592594969	ok		0.000373115417012214
Adult_cHSPCs_Ultima_majority_voting	MEBEMP-L	1898	mAOC0532	mAOC-CD314	gene	RNA	KLRK1	0.021906281464167	ok		0.00259072982394271
Adult_cHSPCs_Ultima_majority_voting	MKP	565	mAOC0532	mAOC-CD314	gene	RNA	KLRK1	0.0422709032025428	ok		0.0111794285211496
Adult_cHSPCs_Ultima_majority_voting	Monocyte	195	mAOC0532	mAOC-CD314	gene	RNA	KLRK1	0.0599179965646889	ok		0
Adult_cHSPCs_Ultima_majority_voting	NK/T	116	mAOC0532	mAOC-CD314	gene	RNA	KLRK1	0.181247553710668	ok		0.276329478191429
Adult_cHSPCs_Ultima_majority_voting	B	652	mAOC0533	mAOC-CD274	gene	RNA	CD274	0.034509249173821	ok		0.0380128378161492
Adult_cHSPCs_Ultima_majority_voting	CLP	506	mAOC0533	mAOC-CD274	gene	RNA	CD274	0.0156948391726944	ok		0.0167909503428459
Adult_cHSPCs_Ultima_majority_voting	ERYP	440	mAOC0533	mAOC-CD274	gene	RNA	CD274	0.0248435540699309	ok		0.00491213262650031
Adult_cHSPCs_Ultima_majority_voting	GMP-L	663	mAOC0533	mAOC-CD274	gene	RNA	CD274	0.0240041479479099	ok		0.00516212803708651
Adult_cHSPCs_Ultima_majority_voting	HSC_MPP	8254	mAOC0533	mAOC-CD274	gene	RNA	CD274	0.0267711345268143	ok		0.0246312510297424
Adult_cHSPCs_Ultima_majority_voting	MEBEMP-L	1898	mAOC0533	mAOC-CD274	gene	RNA	CD274	0.0251791986891665	ok		0.00385020083153706
Adult_cHSPCs_Ultima_majority_voting	MKP	565	mAOC0533	mAOC-CD274	gene	RNA	CD274	0.0741328312194632	ok		0.0241321794204725
Adult_cHSPCs_Ultima_majority_voting	Monocyte	195	mAOC0533	mAOC-CD274	gene	RNA	CD274	0.0438417389253467	ok		0.269277516454506
Adult_cHSPCs_Ultima_majority_voting	NK/T	116	mAOC0533	mAOC-CD274	gene	RNA	CD274	0.181939608338748	ok		0.0134288793157157
Adult_cHSPCs_Ultima_majority_voting	B	652	mAOC0534	mAOC-CD64	gene	RNA	FCGR1A	0.182317549463654	ok		0
Adult_cHSPCs_Ultima_majority_voting	CLP	506	mAOC0534	mAOC-CD64	gene	RNA	FCGR1A	0.143017583948308	ok		0.0184406539967619
Adult_cHSPCs_Ultima_majority_voting	ERYP	440	mAOC0534	mAOC-CD64	gene	RNA	FCGR1A	0.187819870704516	ok		0.0316116501722063
Adult_cHSPCs_Ultima_majority_voting	GMP-L	663	mAOC0534	mAOC-CD64	gene	RNA	FCGR1A	0.193845374990728	ok		0.116346008403184
Adult_cHSPCs_Ultima_majority_voting	HSC_MPP	8254	mAOC0534	mAOC-CD64	gene	RNA	FCGR1A	0.17802091297184	ok		0.0690131340977935
Adult_cHSPCs_Ultima_majority_voting	MEBEMP-L	1898	mAOC0534	mAOC-CD64	gene	RNA	FCGR1A	0.164071144062058	ok		0.0715370192879765
Adult_cHSPCs_Ultima_majority_voting	MKP	565	mAOC0534	mAOC-CD64	gene	RNA	FCGR1A	0.258408616556399	ok		0.0278924128921412
Adult_cHSPCs_Ultima_majority_voting	Monocyte	195	mAOC0534	mAOC-CD64	gene	RNA	FCGR1A	0.202111420877235	ok		0.0385473433780101
Adult_cHSPCs_Ultima_majority_voting	NK/T	116	mAOC0534	mAOC-CD64	gene	RNA	FCGR1A	0.504149571937605	ok		0
Adult_cHSPCs_Ultima_majority_voting	B	652	mAOC0540	mAOC-CD117	gene	RNA	KIT	0.0487899847157318	ok		0.00282711328514577
Adult_cHSPCs_Ultima_majority_voting	CLP	506	mAOC0540	mAOC-CD117	gene	RNA	KIT	0.019991885586515	ok		0.113527370149939
Adult_cHSPCs_Ultima_majority_voting	ERYP	440	mAOC0540	mAOC-CD117	gene	RNA	KIT	0.0157202155335917	ok		0.350001436279507
Adult_cHSPCs_Ultima_majority_voting	GMP-L	663	mAOC0540	mAOC-CD117	gene	RNA	KIT	0.0233577611718072	ok		0.303411522198316
Adult_cHSPCs_Ultima_majority_voting	HSC_MPP	8254	mAOC0540	mAOC-CD117	gene	RNA	KIT	0.0222174334392712	ok		0.103308042913043
Adult_cHSPCs_Ultima_majority_voting	MEBEMP-L	1898	mAOC0540	mAOC-CD117	gene	RNA	KIT	0.0194530489971367	ok		0.163310393946877
Adult_cHSPCs_Ultima_majority_voting	MKP	565	mAOC0540	mAOC-CD117	gene	RNA	KIT	0.0637551741063514	ok		0.0982925301716081
Adult_cHSPCs_Ultima_majority_voting	Monocyte	195	mAOC0540	mAOC-CD117	gene	RNA	KIT	0.356011763688832	ok		0
Adult_cHSPCs_Ultima_majority_voting	NK/T	116	mAOC0540	mAOC-CD117	gene	RNA	KIT	0.187309315199691	ok		0.0139252562251836
Adult_cHSPCs_Ultima_majority_voting	B	652	mAOC0541	mAOC-KLB	gene	RNA	KLB	1.04521521245641	ok		0.00357767928271497
Adult_cHSPCs_Ultima_majority_voting	CLP	506	mAOC0541	mAOC-KLB	gene	RNA	KLB	0.0412127798639382	ok		0
Adult_cHSPCs_Ultima_majority_voting	ERYP	440	mAOC0541	mAOC-KLB	gene	RNA	KLB	0.0171785950275154	ok		0.00370949549127581
Adult_cHSPCs_Ultima_majority_voting	GMP-L	663	mAOC0541	mAOC-KLB	gene	RNA	KLB	0.0219824214653992	ok		0
Adult_cHSPCs_Ultima_majority_voting	HSC_MPP	8254	mAOC0541	mAOC-KLB	gene	RNA	KLB	0.0147550526350865	ok		0.00340891998308584
Adult_cHSPCs_Ultima_majority_voting	MEBEMP-L	1898	mAOC0541	mAOC-KLB	gene	RNA	KLB	0.0331546271934419	ok		0.000485573729668854
Adult_cHSPCs_Ultima_majority_voting	MKP	565	mAOC0541	mAOC-KLB	gene	RNA	KLB	0.125085230839451	ok		0.000636499488101145
Adult_cHSPCs_Ultima_majority_voting	Monocyte	195	mAOC0541	mAOC-KLB	gene	RNA	KLB	0.164709819685445	ok		0
Adult_cHSPCs_Ultima_majority_voting	NK/T	116	mAOC0541	mAOC-KLB	gene	RNA	KLB	0.326935449949833	ok		0
Adult_cHSPCs_Ultima_majority_voting	B	652	mAOC0542	mAOC-CD107a	gene	RNA	LAMP1	0.0208482304124649	ok		0.0655490483049127
Adult_cHSPCs_Ultima_majority_voting	CLP	506	mAOC0542	mAOC-CD107a	gene	RNA	LAMP1	0.00911886103121717	ok		0.0690328505127903
Adult_cHSPCs_Ultima_majority_voting	ERYP	440	mAOC0542	mAOC-CD107a	gene	RNA	LAMP1	0.0104746370026378	ok		0.0807328616715195
Adult_cHSPCs_Ultima_majority_voting	GMP-L	663	mAOC0542	mAOC-CD107a	gene	RNA	LAMP1	0.0153150108102366	ok		0.117173847219669
Adult_cHSPCs_Ultima_majority_voting	HSC_MPP	8254	mAOC0542	mAOC-CD107a	gene	RNA	LAMP1	0.0129968512172581	ok		0.0629105240330769
Adult_cHSPCs_Ultima_majority_voting	MEBEMP-L	1898	mAOC0542	mAOC-CD107a	gene	RNA	LAMP1	0.0101168524355272	ok		0.0497121579099221
Adult_cHSPCs_Ultima_majority_voting	MKP	565	mAOC0542	mAOC-CD107a	gene	RNA	LAMP1	0.0374834767274811	ok		0.0602994861031675
Adult_cHSPCs_Ultima_majority_voting	Monocyte	195	mAOC0542	mAOC-CD107a	gene	RNA	LAMP1	0.0395736304170202	ok		0.130463640032992
Adult_cHSPCs_Ultima_majority_voting	NK/T	116	mAOC0542	mAOC-CD107a	gene	RNA	LAMP1	0.133207108992552	ok		0.0930484102356195
Adult_cHSPCs_Ultima_majority_voting	B	652	mAOC0543	mAOC-GARP	gene	RNA	LRRC32	0.0153517032598036	ok		0.0303431981033088
Adult_cHSPCs_Ultima_majority_voting	CLP	506	mAOC0543	mAOC-GARP	gene	RNA	LRRC32	0.00677546318955391	ok		0
Adult_cHSPCs_Ultima_majority_voting	ERYP	440	mAOC0543	mAOC-GARP	gene	RNA	LRRC32	0.0103318100134646	ok		0.00203032473024479
Adult_cHSPCs_Ultima_majority_voting	GMP-L	663	mAOC0543	mAOC-GARP	gene	RNA	LRRC32	0.0135450242485498	ok		0.000955551507985811
Adult_cHSPCs_Ultima_majority_voting	HSC_MPP	8254	mAOC0543	mAOC-GARP	gene	RNA	LRRC32	0.00784906733057741	ok		0.00386997460611553
Adult_cHSPCs_Ultima_majority_voting	MEBEMP-L	1898	mAOC0543	mAOC-GARP	gene	RNA	LRRC32	0.00869507670827676	ok		0.00216903834191938
Adult_cHSPCs_Ultima_majority_voting	MKP	565	mAOC0543	mAOC-GARP	gene	RNA	LRRC32	0.0407544444553377	ok		0.0235887686150455
Adult_cHSPCs_Ultima_majority_voting	Monocyte	195	mAOC0543	mAOC-GARP	gene	RNA	LRRC32	0.0220603581503723	ok		0
Adult_cHSPCs_Ultima_majority_voting	NK/T	116	mAOC0543	mAOC-GARP	gene	RNA	LRRC32	0.0642979520926664	ok		0
Adult_cHSPCs_Ultima_majority_voting	B	652	mAOC0544	mAOC-MICA	gene	RNA	MICA	0.0244175492893149	ok		0.00104822165512908
Adult_cHSPCs_Ultima_majority_voting	CLP	506	mAOC0544	mAOC-MICA	gene	RNA	MICA	0.0132413180764991	ok		0.0771930654217297
Adult_cHSPCs_Ultima_majority_voting	ERYP	440	mAOC0544	mAOC-MICA	gene	RNA	MICA	0.0154999176767857	ok		0.0804878031821933
Adult_cHSPCs_Ultima_majority_voting	GMP-L	663	mAOC0544	mAOC-MICA	gene	RNA	MICA	0.023066512202671	ok		0.0964810600856537
Adult_cHSPCs_Ultima_majority_voting	HSC_MPP	8254	mAOC0544	mAOC-MICA	gene	RNA	MICA	0.0194437120943152	ok		0.110117716219886
Adult_cHSPCs_Ultima_majority_voting	MEBEMP-L	1898	mAOC0544	mAOC-MICA	gene	RNA	MICA	0.0191852562190056	ok		0.0804342654538952
Adult_cHSPCs_Ultima_majority_voting	MKP	565	mAOC0544	mAOC-MICA	gene	RNA	MICA	0.0399030635001676	ok		0.0830888182501864
Adult_cHSPCs_Ultima_majority_voting	Monocyte	195	mAOC0544	mAOC-MICA	gene	RNA	MICA	0.0974816648583761	ok		0.05462792661896
Adult_cHSPCs_Ultima_majority_voting	NK/T	116	mAOC0544	mAOC-MICA	gene	RNA	MICA	0.119999201034116	ok		0
Adult_cHSPCs_Ultima_majority_voting	B	652	mAOC0545	mAOC-CD335	gene	RNA	NCR1	0.0402842932589438	ok		0
Adult_cHSPCs_Ultima_majority_voting	CLP	506	mAOC0545	mAOC-CD335	gene	RNA	NCR1	0.0291262237713574	ok		0
Adult_cHSPCs_Ultima_majority_voting	ERYP	440	mAOC0545	mAOC-CD335	gene	RNA	NCR1	0.0323054131268278	ok		0.00468660846573134
Adult_cHSPCs_Ultima_majority_voting	GMP-L	663	mAOC0545	mAOC-CD335	gene	RNA	NCR1	0.0388121666693227	ok		0.000508345669712105
Adult_cHSPCs_Ultima_majority_voting	HSC_MPP	8254	mAOC0545	mAOC-CD335	gene	RNA	NCR1	0.0357215582148876	ok		0.000342827180060531
Adult_cHSPCs_Ultima_majority_voting	MEBEMP-L	1898	mAOC0545	mAOC-CD335	gene	RNA	NCR1	0.0307414916918659	ok		0.0012006474346731
Adult_cHSPCs_Ultima_majority_voting	MKP	565	mAOC0545	mAOC-CD335	gene	RNA	NCR1	0.0834143493845092	ok		0.000767431491234938
Adult_cHSPCs_Ultima_majority_voting	Monocyte	195	mAOC0545	mAOC-CD335	gene	RNA	NCR1	0.0735703752307856	ok		0.0162078102634378
Adult_cHSPCs_Ultima_majority_voting	NK/T	116	mAOC0545	mAOC-CD335	gene	RNA	NCR1	0.199350872108258	ok		0.119124021281934
Adult_cHSPCs_Ultima_majority_voting	B	652	mAOC0548	mAOC-SLC40A1	gene	RNA	SLC40A1	0.0413946766285202	ok		0
Adult_cHSPCs_Ultima_majority_voting	CLP	506	mAOC0548	mAOC-SLC40A1	gene	RNA	SLC40A1	0.0262130952453793	ok		0.0181982304741942
Adult_cHSPCs_Ultima_majority_voting	ERYP	440	mAOC0548	mAOC-SLC40A1	gene	RNA	SLC40A1	0.0172136805816345	ok		0.42311922600926
Adult_cHSPCs_Ultima_majority_voting	GMP-L	663	mAOC0548	mAOC-SLC40A1	gene	RNA	SLC40A1	0.0361537239769533	ok		0.0975746819688469
Adult_cHSPCs_Ultima_majority_voting	HSC_MPP	8254	mAOC0548	mAOC-SLC40A1	gene	RNA	SLC40A1	0.0322113182770671	ok		0.0492026338575693
Adult_cHSPCs_Ultima_majority_voting	MEBEMP-L	1898	mAOC0548	mAOC-SLC40A1	gene	RNA	SLC40A1	0.0255182842796614	ok		0.0970685412765422
Adult_cHSPCs_Ultima_majority_voting	MKP	565	mAOC0548	mAOC-SLC40A1	gene	RNA	SLC40A1	0.0614015018643002	ok		0.156967696188729
Adult_cHSPCs_Ultima_majority_voting	Monocyte	195	mAOC0548	mAOC-SLC40A1	gene	RNA	SLC40A1	0.105983194750772	ok		0.0087370570243217
Adult_cHSPCs_Ultima_majority_voting	NK/T	116	mAOC0548	mAOC-SLC40A1	gene	RNA	SLC40A1	0.206268277706861	ok		0
Adult_cHSPCs_Ultima_majority_voting	B	652	mAOC0549	mAOC-CD366	gene	RNA	HAVCR2	0.281350857258032	ok		0.00724932964061672
Adult_cHSPCs_Ultima_majority_voting	CLP	506	mAOC0549	mAOC-CD366	gene	RNA	HAVCR2	1.75838065966258	ok		0.366375090212094
Adult_cHSPCs_Ultima_majority_voting	ERYP	440	mAOC0549	mAOC-CD366	gene	RNA	HAVCR2	0.305523859038766	ok		0.192116866361892
Adult_cHSPCs_Ultima_majority_voting	GMP-L	663	mAOC0549	mAOC-CD366	gene	RNA	HAVCR2	0.41721735597821	ok		0.262498056050481
Adult_cHSPCs_Ultima_majority_voting	HSC_MPP	8254	mAOC0549	mAOC-CD366	gene	RNA	HAVCR2	1.08790504060881	ok		0.314250210422459
Adult_cHSPCs_Ultima_majority_voting	MEBEMP-L	1898	mAOC0549	mAOC-CD366	gene	RNA	HAVCR2	0.274640370156942	ok		0.372320182632216
Adult_cHSPCs_Ultima_majority_voting	MKP	565	mAOC0549	mAOC-CD366	gene	RNA	HAVCR2	0.411730142825178	ok		0.230104162478102
Adult_cHSPCs_Ultima_majority_voting	Monocyte	195	mAOC0549	mAOC-CD366	gene	RNA	HAVCR2	1.23203013539435	ok		0.670711586604507
Adult_cHSPCs_Ultima_majority_voting	NK/T	116	mAOC0549	mAOC-CD366	gene	RNA	HAVCR2	0.816362620851197	ok		0.21967959794115
Adult_cHSPCs_Ultima_majority_voting	B	652	mAOC0550	mAOC-CD262	gene	RNA	TNFRSF10B	0.0189410428708348	ok		0.0183594647048306
Adult_cHSPCs_Ultima_majority_voting	CLP	506	mAOC0550	mAOC-CD262	gene	RNA	TNFRSF10B	0.00916570541442507	ok		0.317726473914729
Adult_cHSPCs_Ultima_majority_voting	ERYP	440	mAOC0550	mAOC-CD262	gene	RNA	TNFRSF10B	0.0107324718890292	ok		0.314011105593915
Adult_cHSPCs_Ultima_majority_voting	GMP-L	663	mAOC0550	mAOC-CD262	gene	RNA	TNFRSF10B	0.0142830365697159	ok		0.203048763530988
Adult_cHSPCs_Ultima_majority_voting	HSC_MPP	8254	mAOC0550	mAOC-CD262	gene	RNA	TNFRSF10B	0.0110538493549889	ok		0.40661259555678
Adult_cHSPCs_Ultima_majority_voting	MEBEMP-L	1898	mAOC0550	mAOC-CD262	gene	RNA	TNFRSF10B	0.0132061821711976	ok		0.254545910042642
Adult_cHSPCs_Ultima_majority_voting	MKP	565	mAOC0550	mAOC-CD262	gene	RNA	TNFRSF10B	0.027948033980117	ok		0.298580753212864
Adult_cHSPCs_Ultima_majority_voting	Monocyte	195	mAOC0550	mAOC-CD262	gene	RNA	TNFRSF10B	0.0291684371353877	ok		0.466015922397328
Adult_cHSPCs_Ultima_majority_voting	NK/T	116	mAOC0550	mAOC-CD262	gene	RNA	TNFRSF10B	0.0987326035441896	ok		0
Adult_cHSPCs_Ultima_majority_voting	B	652	mAOC0551	mAOC-CD269	gene	RNA	TNFRSF17	0.0532068439275493	ok		0.00781751526681927
Adult_cHSPCs_Ultima_majority_voting	CLP	506	mAOC0551	mAOC-CD269	gene	RNA	TNFRSF17	0.0330150828091155	ok		0
Adult_cHSPCs_Ultima_majority_voting	ERYP	440	mAOC0551	mAOC-CD269	gene	RNA	TNFRSF17	0.0257091376236287	ok		0
Adult_cHSPCs_Ultima_majority_voting	GMP-L	663	mAOC0551	mAOC-CD269	gene	RNA	TNFRSF17	0.0503491223312766	ok		0
Adult_cHSPCs_Ultima_majority_voting	HSC_MPP	8254	mAOC0551	mAOC-CD269	gene	RNA	TNFRSF17	0.0427162896885484	ok		0.000319911284669724
Adult_cHSPCs_Ultima_majority_voting	MEBEMP-L	1898	mAOC0551	mAOC-CD269	gene	RNA	TNFRSF17	0.0309312166032708	ok		0.000233176038440691
Adult_cHSPCs_Ultima_majority_voting	MKP	565	mAOC0551	mAOC-CD269	gene	RNA	TNFRSF17	0.0542669518166601	ok		0
Adult_cHSPCs_Ultima_majority_voting	Monocyte	195	mAOC0551	mAOC-CD269	gene	RNA	TNFRSF17	0.108248363706769	ok		0
Adult_cHSPCs_Ultima_majority_voting	NK/T	116	mAOC0551	mAOC-CD269	gene	RNA	TNFRSF17	0.232250203888074	ok		0
Adult_cHSPCs_Ultima_majority_voting	B	652	mAOC0553	mAOC-TSHR	gene	RNA	TSHR	0.0103766534325611	ok		0
Adult_cHSPCs_Ultima_majority_voting	CLP	506	mAOC0553	mAOC-TSHR	gene	RNA	TSHR	0.00384978964553497	ok		0.00179790739157532
Adult_cHSPCs_Ultima_majority_voting	ERYP	440	mAOC0553	mAOC-TSHR	gene	RNA	TSHR	0.00412536355951397	ok		0.00169718787918784
Adult_cHSPCs_Ultima_majority_voting	GMP-L	663	mAOC0553	mAOC-TSHR	gene	RNA	TSHR	0.00828430348936619	ok		0.00232733521101062
Adult_cHSPCs_Ultima_majority_voting	HSC_MPP	8254	mAOC0553	mAOC-TSHR	gene	RNA	TSHR	0.00513292605190493	ok		0.00106991058059073
Adult_cHSPCs_Ultima_majority_voting	MEBEMP-L	1898	mAOC0553	mAOC-TSHR	gene	RNA	TSHR	0.0041832379163648	ok		0.00233653006226524
Adult_cHSPCs_Ultima_majority_voting	MKP	565	mAOC0553	mAOC-TSHR	gene	RNA	TSHR	0.0191216727932716	ok		0.00279046460106299
Adult_cHSPCs_Ultima_majority_voting	Monocyte	195	mAOC0553	mAOC-TSHR	gene	RNA	TSHR	0.0268118710577458	ok		0
Adult_cHSPCs_Ultima_majority_voting	NK/T	116	mAOC0553	mAOC-TSHR	gene	RNA	TSHR	0.078488304948651	ok		0
Adult_cHSPCs_Ultima_majority_voting	B	652	mAOC0554	mAOC-CD309	gene	RNA	TNFRSF9	0.0385643009958111	ok		0.0082276842170964
Adult_cHSPCs_Ultima_majority_voting	CLP	506	mAOC0554	mAOC-CD309	gene	RNA	TNFRSF9	0.0157734529174334	ok		0.0333590273840849
Adult_cHSPCs_Ultima_majority_voting	ERYP	440	mAOC0554	mAOC-CD309	gene	RNA	TNFRSF9	0.0088288995308675	ok		0.315266939381411
Adult_cHSPCs_Ultima_majority_voting	GMP-L	663	mAOC0554	mAOC-CD309	gene	RNA	TNFRSF9	0.0238599038540928	ok		0.146910422267349
Adult_cHSPCs_Ultima_majority_voting	HSC_MPP	8254	mAOC0554	mAOC-CD309	gene	RNA	TNFRSF9	0.0202245955890123	ok		0.096988387564446
Adult_cHSPCs_Ultima_majority_voting	MEBEMP-L	1898	mAOC0554	mAOC-CD309	gene	RNA	TNFRSF9	0.0186491966432842	ok		0.340910530568149
Adult_cHSPCs_Ultima_majority_voting	MKP	565	mAOC0554	mAOC-CD309	gene	RNA	TNFRSF9	0.0453720581449619	ok		0.358004098015304
Adult_cHSPCs_Ultima_majority_voting	Monocyte	195	mAOC0554	mAOC-CD309	gene	RNA	TNFRSF9	0.0350559361169231	ok		0.339554923943902
Adult_cHSPCs_Ultima_majority_voting	NK/T	116	mAOC0554	mAOC-CD309	gene	RNA	TNFRSF9	0.174871837987134	ok		0.154535953412614
Adult_cHSPCs_Ultima_majority_voting	B	652	mAOC0555	mAOC-VISTA	gene	RNA	VSIR	0.00745637818870395	ok		0.084207679844116
Adult_cHSPCs_Ultima_majority_voting	CLP	506	mAOC0555	mAOC-VISTA	gene	RNA	VSIR	0.00257093123355655	ok		0.323426895254521
Adult_cHSPCs_Ultima_majority_voting	ERYP	440	mAOC0555	mAOC-VISTA	gene	RNA	VSIR	0.0045885409315863	ok		0.174179269458299
Adult_cHSPCs_Ultima_majority_voting	GMP-L	663	mAOC0555	mAOC-VISTA	gene	RNA	VSIR	0.00653041430118598	ok		0.270145671420892
Adult_cHSPCs_Ultima_majority_voting	HSC_MPP	8254	mAOC0555	mAOC-VISTA	gene	RNA	VSIR	0.00235895338673139	ok		0.320196730519478
Adult_cHSPCs_Ultima_majority_voting	MEBEMP-L	1898	mAOC0555	mAOC-VISTA	gene	RNA	VSIR	0.00312274153533867	ok		0.331970838126987
Adult_cHSPCs_Ultima_majority_voting	MKP	565	mAOC0555	mAOC-VISTA	gene	RNA	VSIR	0.00719150313493573	ok		0.154937159515755
Adult_cHSPCs_Ultima_majority_voting	Monocyte	195	mAOC0555	mAOC-VISTA	gene	RNA	VSIR	0.00862002472363418	ok		0.00996642326170179
Adult_cHSPCs_Ultima_majority_voting	NK/T	116	mAOC0555	mAOC-VISTA	gene	RNA	VSIR	0.0221643182716284	ok		0.0175229119556326
Adult_cHSPCs_Ultima_majority_voting	B	652	mAOC0556	mAOC-CD197	gene	RNA	CCR7	0.0163450884041283	ok		1.97555119628788
Adult_cHSPCs_Ultima_majority_voting	CLP	506	mAOC0556	mAOC-CD197	gene	RNA	CCR7	0.00815406694531819	ok		0.206468253261434
Adult_cHSPCs_Ultima_majority_voting	ERYP	440	mAOC0556	mAOC-CD197	gene	RNA	CCR7	0.00896070201198131	ok		0.0163102152098506
Adult_cHSPCs_Ultima_majority_voting	GMP-L	663	mAOC0556	mAOC-CD197	gene	RNA	CCR7	0.0161315309127099	ok		0.0360383542029415
Adult_cHSPCs_Ultima_majority_voting	HSC_MPP	8254	mAOC0556	mAOC-CD197	gene	RNA	CCR7	0.0138328824457479	ok		0.0222436285449408
Adult_cHSPCs_Ultima_majority_voting	MEBEMP-L	1898	mAOC0556	mAOC-CD197	gene	RNA	CCR7	0.0116685572677319	ok		0.00994531722289059
Adult_cHSPCs_Ultima_majority_voting	MKP	565	mAOC0556	mAOC-CD197	gene	RNA	CCR7	0.0229643764858652	ok		0.0125588093698543
Adult_cHSPCs_Ultima_majority_voting	Monocyte	195	mAOC0556	mAOC-CD197	gene	RNA	CCR7	0.0249725468496633	ok		0.11272172075256
Adult_cHSPCs_Ultima_majority_voting	NK/T	116	mAOC0556	mAOC-CD197	gene	RNA	CCR7	0.0904206028025996	ok		0.66860028530495
Adult_cHSPCs_Ultima_majority_voting	B	652	mAOC0561	mAOC-CD32b	gene	RNA	FCGR2B	0.0148888798875421	ok		0.0291811225026364
Adult_cHSPCs_Ultima_majority_voting	CLP	506	mAOC0561	mAOC-CD32b	gene	RNA	FCGR2B	0.00821796878945838	ok		0.00410625281336563
Adult_cHSPCs_Ultima_majority_voting	ERYP	440	mAOC0561	mAOC-CD32b	gene	RNA	FCGR2B	0.0103333726120881	ok		0.00491255132037728
Adult_cHSPCs_Ultima_majority_voting	GMP-L	663	mAOC0561	mAOC-CD32b	gene	RNA	FCGR2B	0.015147001038733	ok		0.00342834438589516
Adult_cHSPCs_Ultima_majority_voting	HSC_MPP	8254	mAOC0561	mAOC-CD32b	gene	RNA	FCGR2B	0.01152946476671	ok		0.0143488655728135
Adult_cHSPCs_Ultima_majority_voting	MEBEMP-L	1898	mAOC0561	mAOC-CD32b	gene	RNA	FCGR2B	0.0109631150978274	ok		0.0173355185204767
Adult_cHSPCs_Ultima_majority_voting	MKP	565	mAOC0561	mAOC-CD32b	gene	RNA	FCGR2B	0.0346122247337245	ok		0.00961943586977917
Adult_cHSPCs_Ultima_majority_voting	Monocyte	195	mAOC0561	mAOC-CD32b	gene	RNA	FCGR2B	0.0245568437407377	ok		0.00453824039815926
Adult_cHSPCs_Ultima_majority_voting	NK/T	116	mAOC0561	mAOC-CD32b	gene	RNA	FCGR2B	0.0618767350206073	ok		0
Adult_cHSPCs_Ultima_majority_voting	B	652	mAOC0562	mAOC-CD332	gene	RNA	FGFR2	0.000685577733440647	ok		0
Adult_cHSPCs_Ultima_majority_voting	CLP	506	mAOC0562	mAOC-CD332	gene	RNA	FGFR2	0.00018613978038675	ok		0
Adult_cHSPCs_Ultima_majority_voting	ERYP	440	mAOC0562	mAOC-CD332	gene	RNA	FGFR2	0	ok		0
Adult_cHSPCs_Ultima_majority_voting	GMP-L	663	mAOC0562	mAOC-CD332	gene	RNA	FGFR2	3.40759391398433e-05	ok		0.0080856816688086
Adult_cHSPCs_Ultima_majority_voting	HSC_MPP	8254	mAOC0562	mAOC-CD332	gene	RNA	FGFR2	4.02800012404831e-05	ok		0.000592291321274734
Adult_cHSPCs_Ultima_majority_voting	MEBEMP-L	1898	mAOC0562	mAOC-CD332	gene	RNA	FGFR2	3.26674292881376e-05	ok		0
Adult_cHSPCs_Ultima_majority_voting	MKP	565	mAOC0562	mAOC-CD332	gene	RNA	FGFR2	0.000230720782550329	ok		0.00354767094114937
Adult_cHSPCs_Ultima_majority_voting	Monocyte	195	mAOC0562	mAOC-CD332	gene	RNA	FGFR2	9.80543499511404e-05	ok		0
Adult_cHSPCs_Ultima_majority_voting	NK/T	116	mAOC0562	mAOC-CD332	gene	RNA	FGFR2	0.00606309178174694	ok		0
Adult_cHSPCs_Ultima_majority_voting	B	652	mAOC0564	mAOC-CD338	gene	RNA	ABCG2	0.00558676981606381	ok		0.00565269326938073
Adult_cHSPCs_Ultima_majority_voting	CLP	506	mAOC0564	mAOC-CD338	gene	RNA	ABCG2	0.00347833661122032	ok		0.00748021698609713
Adult_cHSPCs_Ultima_majority_voting	ERYP	440	mAOC0564	mAOC-CD338	gene	RNA	ABCG2	0.00390037373645735	ok		0.0186639097871769
Adult_cHSPCs_Ultima_majority_voting	GMP-L	663	mAOC0564	mAOC-CD338	gene	RNA	ABCG2	0.00631100830587096	ok		0.00555727706809592
Adult_cHSPCs_Ultima_majority_voting	HSC_MPP	8254	mAOC0564	mAOC-CD338	gene	RNA	ABCG2	0.00427339656805919	ok		0.00403338022812675
Adult_cHSPCs_Ultima_majority_voting	MEBEMP-L	1898	mAOC0564	mAOC-CD338	gene	RNA	ABCG2	0.00463384607242278	ok		0.00410849595826061
Adult_cHSPCs_Ultima_majority_voting	MKP	565	mAOC0564	mAOC-CD338	gene	RNA	ABCG2	0.0156334394339628	ok		0.011486963814884
Adult_cHSPCs_Ultima_majority_voting	Monocyte	195	mAOC0564	mAOC-CD338	gene	RNA	ABCG2	0.097685902441506	ok		0
Adult_cHSPCs_Ultima_majority_voting	NK/T	116	mAOC0564	mAOC-CD338	gene	RNA	ABCG2	0.0221120944324017	ok		0.0337062071136137
Adult_cHSPCs_Ultima_majority_voting	B	652	mAOC0567	mAOC-CD20	gene	RNA	MS4A1	2.96279255935436	ok		2.4654603138333
Adult_cHSPCs_Ultima_majority_voting	CLP	506	mAOC0567	mAOC-CD20	gene	RNA	MS4A1	0.260839784429104	ok		0.0516386254256619
Adult_cHSPCs_Ultima_majority_voting	ERYP	440	mAOC0567	mAOC-CD20	gene	RNA	MS4A1	0.0288369523549578	ok		0.00173075236052222
Adult_cHSPCs_Ultima_majority_voting	GMP-L	663	mAOC0567	mAOC-CD20	gene	RNA	MS4A1	0.123893787005949	ok		0.00320208345643359
Adult_cHSPCs_Ultima_majority_voting	HSC_MPP	8254	mAOC0567	mAOC-CD20	gene	RNA	MS4A1	0.0414324003536319	ok		0.0014432529069062
Adult_cHSPCs_Ultima_majority_voting	MEBEMP-L	1898	mAOC0567	mAOC-CD20	gene	RNA	MS4A1	0.0316086853610412	ok		0
Adult_cHSPCs_Ultima_majority_voting	MKP	565	mAOC0567	mAOC-CD20	gene	RNA	MS4A1	0.0582597537948822	ok		0.00250290858664637
Adult_cHSPCs_Ultima_majority_voting	Monocyte	195	mAOC0567	mAOC-CD20	gene	RNA	MS4A1	0.411935308793691	ok		0.0480449627378853
Adult_cHSPCs_Ultima_majority_voting	NK/T	116	mAOC0567	mAOC-CD20	gene	RNA	MS4A1	0.668513491314069	ok		0.0561097683253991
Adult_cHSPCs_Ultima_majority_voting	B	652	mAOC0569	mAOC-FZD5	gene	RNA	FZD5	0.11002807591983	ok		0
Adult_cHSPCs_Ultima_majority_voting	CLP	506	mAOC0569	mAOC-FZD5	gene	RNA	FZD5	0.269502985109543	ok		0.00113655516082275
Adult_cHSPCs_Ultima_majority_voting	ERYP	440	mAOC0569	mAOC-FZD5	gene	RNA	FZD5	0.307107365500544	ok		0.0054213695533878
Adult_cHSPCs_Ultima_majority_voting	GMP-L	663	mAOC0569	mAOC-FZD5	gene	RNA	FZD5	0.329005037109454	ok		0.00547156238546781
Adult_cHSPCs_Ultima_majority_voting	HSC_MPP	8254	mAOC0569	mAOC-FZD5	gene	RNA	FZD5	0.0964369510545573	ok		0.00225642964699643
Adult_cHSPCs_Ultima_majority_voting	MEBEMP-L	1898	mAOC0569	mAOC-FZD5	gene	RNA	FZD5	0.213326248625299	ok		0.000866292002029729
Adult_cHSPCs_Ultima_majority_voting	MKP	565	mAOC0569	mAOC-FZD5	gene	RNA	FZD5	0.16016348703686	ok		0.00383322057385795
Adult_cHSPCs_Ultima_majority_voting	Monocyte	195	mAOC0569	mAOC-FZD5	gene	RNA	FZD5	0.956356955366988	ok		0
Adult_cHSPCs_Ultima_majority_voting	NK/T	116	mAOC0569	mAOC-FZD5	gene	RNA	FZD5	0.307435037711179	ok		0
Adult_cHSPCs_Ultima_majority_voting	B	652	mAOC0570	mAOC-GLP1R	gene	RNA	GLP1R	0.0102813710699166	ok		0
Adult_cHSPCs_Ultima_majority_voting	CLP	506	mAOC0570	mAOC-GLP1R	gene	RNA	GLP1R	0.00220360207496598	ok		0
Adult_cHSPCs_Ultima_majority_voting	ERYP	440	mAOC0570	mAOC-GLP1R	gene	RNA	GLP1R	0.00153601458170732	ok		0
Adult_cHSPCs_Ultima_majority_voting	GMP-L	663	mAOC0570	mAOC-GLP1R	gene	RNA	GLP1R	0.00425976083099866	ok		0.000882871520819749
Adult_cHSPCs_Ultima_majority_voting	HSC_MPP	8254	mAOC0570	mAOC-GLP1R	gene	RNA	GLP1R	0.00320290058431695	ok		0.000478813119167288
Adult_cHSPCs_Ultima_majority_voting	MEBEMP-L	1898	mAOC0570	mAOC-GLP1R	gene	RNA	GLP1R	0.00431557388418307	ok		0.00153676941318355
Adult_cHSPCs_Ultima_majority_voting	MKP	565	mAOC0570	mAOC-GLP1R	gene	RNA	GLP1R	0.00588587500236694	ok		0.0011692355105796
Adult_cHSPCs_Ultima_majority_voting	Monocyte	195	mAOC0570	mAOC-GLP1R	gene	RNA	GLP1R	0.0379547447466093	ok		0
Adult_cHSPCs_Ultima_majority_voting	NK/T	116	mAOC0570	mAOC-GLP1R	gene	RNA	GLP1R	0.0328234974267242	ok		0
Adult_cHSPCs_Ultima_majority_voting	B	652	mAOC0576	mAOC-SIGLEC15	gene	RNA	SIGLEC15	0.293423734412755	ok		0
Adult_cHSPCs_Ultima_majority_voting	CLP	506	mAOC0576	mAOC-SIGLEC15	gene	RNA	SIGLEC15	0.0956293673675979	ok		0
Adult_cHSPCs_Ultima_majority_voting	ERYP	440	mAOC0576	mAOC-SIGLEC15	gene	RNA	SIGLEC15	0.0877988280248271	ok		0
Adult_cHSPCs_Ultima_majority_voting	GMP-L	663	mAOC0576	mAOC-SIGLEC15	gene	RNA	SIGLEC15	0.17525026803934	ok		0
Adult_cHSPCs_Ultima_majority_voting	HSC_MPP	8254	mAOC0576	mAOC-SIGLEC15	gene	RNA	SIGLEC15	0.116934753108867	ok		0.00239894041282004
Adult_cHSPCs_Ultima_majority_voting	MEBEMP-L	1898	mAOC0576	mAOC-SIGLEC15	gene	RNA	SIGLEC15	0.0673839951672918	ok		0.00104162549664973
Adult_cHSPCs_Ultima_majority_voting	MKP	565	mAOC0576	mAOC-SIGLEC15	gene	RNA	SIGLEC15	0.154052478138693	ok		0.00239063296398017
Adult_cHSPCs_Ultima_majority_voting	Monocyte	195	mAOC0576	mAOC-SIGLEC15	gene	RNA	SIGLEC15	0.947416283227629	ok		0.0149230819745757
Adult_cHSPCs_Ultima_majority_voting	NK/T	116	mAOC0576	mAOC-SIGLEC15	gene	RNA	SIGLEC15	0.477899116492281	ok		0
Adult_cHSPCs_Ultima_majority_voting	B	652	mAOC0580	mAOC-CD202b	gene	RNA	TEK	0.0217464651080692	ok		0
Adult_cHSPCs_Ultima_majority_voting	CLP	506	mAOC0580	mAOC-CD202b	gene	RNA	TEK	0.01283118041435	ok		0
Adult_cHSPCs_Ultima_majority_voting	ERYP	440	mAOC0580	mAOC-CD202b	gene	RNA	TEK	0.0106161321032072	ok		0.0406022295095192
Adult_cHSPCs_Ultima_majority_voting	GMP-L	663	mAOC0580	mAOC-CD202b	gene	RNA	TEK	0.0235824483925535	ok		0.00320281318353081
Adult_cHSPCs_Ultima_majority_voting	HSC_MPP	8254	mAOC0580	mAOC-CD202b	gene	RNA	TEK	0.0159767671508902	ok		0.0204346121408717
Adult_cHSPCs_Ultima_majority_voting	MEBEMP-L	1898	mAOC0580	mAOC-CD202b	gene	RNA	TEK	0.0149401251683613	ok		0.0304217608442334
Adult_cHSPCs_Ultima_majority_voting	MKP	565	mAOC0580	mAOC-CD202b	gene	RNA	TEK	0.0414727267250502	ok		0.0384815456902583
Adult_cHSPCs_Ultima_majority_voting	Monocyte	195	mAOC0580	mAOC-CD202b	gene	RNA	TEK	0.0924541434146271	ok		0.01285184536297
Adult_cHSPCs_Ultima_majority_voting	NK/T	116	mAOC0580	mAOC-CD202b	gene	RNA	TEK	0.104916434559684	ok		0
Adult_cHSPCs_Ultima_majority_voting	B	652	mAOC0581	mAOC-CD154	gene	RNA	CD40LG	0.0291821739179724	ok		0
Adult_cHSPCs_Ultima_majority_voting	CLP	506	mAOC0581	mAOC-CD154	gene	RNA	CD40LG	0.0100049615891093	ok		0
Adult_cHSPCs_Ultima_majority_voting	ERYP	440	mAOC0581	mAOC-CD154	gene	RNA	CD40LG	0.0165921657926133	ok		0.113900467333931
Adult_cHSPCs_Ultima_majority_voting	GMP-L	663	mAOC0581	mAOC-CD154	gene	RNA	CD40LG	0.0244087962103916	ok		0.00231725347219846
Adult_cHSPCs_Ultima_majority_voting	HSC_MPP	8254	mAOC0581	mAOC-CD154	gene	RNA	CD40LG	0.014319424716247	ok		0.00320427352940971
Adult_cHSPCs_Ultima_majority_voting	MEBEMP-L	1898	mAOC0581	mAOC-CD154	gene	RNA	CD40LG	0.0292291924393377	ok		0.144791871803485
Adult_cHSPCs_Ultima_majority_voting	MKP	565	mAOC0581	mAOC-CD154	gene	RNA	CD40LG	0.0431105368797673	ok		0.0636095388218875
Adult_cHSPCs_Ultima_majority_voting	Monocyte	195	mAOC0581	mAOC-CD154	gene	RNA	CD40LG	0.186329382652094	ok		0
Adult_cHSPCs_Ultima_majority_voting	NK/T	116	mAOC0581	mAOC-CD154	gene	RNA	CD40LG	0.125099533372082	ok		0
Adult_cHSPCs_Ultima_majority_voting	B	652	mAOC0582	mAOC-CD46	gene	RNA	CD46	2.20616817927369	ok		0.284175892952909
Adult_cHSPCs_Ultima_majority_voting	CLP	506	mAOC0582	mAOC-CD46	gene	RNA	CD46	2.60604236645802	ok		0.574762112601656
Adult_cHSPCs_Ultima_majority_voting	ERYP	440	mAOC0582	mAOC-CD46	gene	RNA	CD46	3.39451577761504	ok		0.584387584203511
Adult_cHSPCs_Ultima_majority_voting	GMP-L	663	mAOC0582	mAOC-CD46	gene	RNA	CD46	2.85664471991696	ok		0.534204643970305
Adult_cHSPCs_Ultima_majority_voting	HSC_MPP	8254	mAOC0582	mAOC-CD46	gene	RNA	CD46	2.78161982119359	ok		0.680524016369871
Adult_cHSPCs_Ultima_majority_voting	MEBEMP-L	1898	mAOC0582	mAOC-CD46	gene	RNA	CD46	3.15200457387812	ok		0.583728192509399
Adult_cHSPCs_Ultima_majority_voting	MKP	565	mAOC0582	mAOC-CD46	gene	RNA	CD46	3.15413276519839	ok		0.604859299888467
Adult_cHSPCs_Ultima_majority_voting	Monocyte	195	mAOC0582	mAOC-CD46	gene	RNA	CD46	2.86160453027061	ok		0.130710837680579
Adult_cHSPCs_Ultima_majority_voting	NK/T	116	mAOC0582	mAOC-CD46	gene	RNA	CD46	2.15131845230214	ok		0.494855349391512
Adult_cHSPCs_Ultima_majority_voting	B	652	mAOC0583	mAOC-CD74	gene	RNA	CD74	1.99070938793686	ok		4.88113975514526
Adult_cHSPCs_Ultima_majority_voting	CLP	506	mAOC0583	mAOC-CD74	gene	RNA	CD74	1.13586434002906	ok		3.85903265660941
Adult_cHSPCs_Ultima_majority_voting	ERYP	440	mAOC0583	mAOC-CD74	gene	RNA	CD74	0.250060477251825	ok		2.24946924823546
Adult_cHSPCs_Ultima_majority_voting	GMP-L	663	mAOC0583	mAOC-CD74	gene	RNA	CD74	0.629122535488965	ok		2.31537643493228
Adult_cHSPCs_Ultima_majority_voting	HSC_MPP	8254	mAOC0583	mAOC-CD74	gene	RNA	CD74	0.782089109465776	ok		3.21206558618546
Adult_cHSPCs_Ultima_majority_voting	MEBEMP-L	1898	mAOC0583	mAOC-CD74	gene	RNA	CD74	0.315506713639025	ok		2.7137843502041
Adult_cHSPCs_Ultima_majority_voting	MKP	565	mAOC0583	mAOC-CD74	gene	RNA	CD74	0.253705368108496	ok		2.16990290243939
Adult_cHSPCs_Ultima_majority_voting	Monocyte	195	mAOC0583	mAOC-CD74	gene	RNA	CD74	1.13527991881248	ok		3.10344194825789
Adult_cHSPCs_Ultima_majority_voting	NK/T	116	mAOC0583	mAOC-CD74	gene	RNA	CD74	0.722164505951367	ok		3.09272657725891
Adult_cHSPCs_Ultima_majority_voting	B	652	mAOC0584	mAOC-CD116	gene	RNA	CSF2RA	0.139076693693882	ok		0.00282320175757413
Adult_cHSPCs_Ultima_majority_voting	CLP	506	mAOC0584	mAOC-CD116	gene	RNA	CSF2RA	0.800351126084645	ok		0.236071864999157
Adult_cHSPCs_Ultima_majority_voting	ERYP	440	mAOC0584	mAOC-CD116	gene	RNA	CSF2RA	0.12564849355145	ok		0.0569480613642155
Adult_cHSPCs_Ultima_majority_voting	GMP-L	663	mAOC0584	mAOC-CD116	gene	RNA	CSF2RA	0.217343700785497	ok		0.139763745102971
Adult_cHSPCs_Ultima_majority_voting	HSC_MPP	8254	mAOC0584	mAOC-CD116	gene	RNA	CSF2RA	0.154437871339332	ok		0.0765656042009544
Adult_cHSPCs_Ultima_majority_voting	MEBEMP-L	1898	mAOC0584	mAOC-CD116	gene	RNA	CSF2RA	0.098765567479324	ok		0.0668448621170372
Adult_cHSPCs_Ultima_majority_voting	MKP	565	mAOC0584	mAOC-CD116	gene	RNA	CSF2RA	0.124062568307284	ok		0.0575606199924055
Adult_cHSPCs_Ultima_majority_voting	Monocyte	195	mAOC0584	mAOC-CD116	gene	RNA	CSF2RA	2.93831365308018	ok		0.673653005094455
Adult_cHSPCs_Ultima_majority_voting	NK/T	116	mAOC0584	mAOC-CD116	gene	RNA	CSF2RA	0.382427766227591	ok		0
Adult_cHSPCs_Ultima_majority_voting	B	652	mAOC0585	mAOC-FCER1A	gene	RNA	FCER1A	0.0265209763731451	ok		0
Adult_cHSPCs_Ultima_majority_voting	CLP	506	mAOC0585	mAOC-FCER1A	gene	RNA	FCER1A	0.0157628860575459	ok		0.0616494873745432
Adult_cHSPCs_Ultima_majority_voting	ERYP	440	mAOC0585	mAOC-FCER1A	gene	RNA	FCER1A	0.0135007132386801	ok		0.969223910476065
Adult_cHSPCs_Ultima_majority_voting	GMP-L	663	mAOC0585	mAOC-FCER1A	gene	RNA	FCER1A	0.0166586198890372	ok		0.310152932317486
Adult_cHSPCs_Ultima_majority_voting	HSC_MPP	8254	mAOC0585	mAOC-FCER1A	gene	RNA	FCER1A	0.0202647813006791	ok		0.0454338382773058
Adult_cHSPCs_Ultima_majority_voting	MEBEMP-L	1898	mAOC0585	mAOC-FCER1A	gene	RNA	FCER1A	0.0190342765630344	ok		0.647662139825872
Adult_cHSPCs_Ultima_majority_voting	MKP	565	mAOC0585	mAOC-FCER1A	gene	RNA	FCER1A	0.0365570389453983	ok		0.377268972943555
Adult_cHSPCs_Ultima_majority_voting	Monocyte	195	mAOC0585	mAOC-FCER1A	gene	RNA	FCER1A	0.0595464106306136	ok		0
Adult_cHSPCs_Ultima_majority_voting	NK/T	116	mAOC0585	mAOC-FCER1A	gene	RNA	FCER1A	0.146606416005356	ok		0.0105697900957163
Adult_cHSPCs_Ultima_majority_voting	B	652	mAOC0586	mAOC-CD50	gene	RNA	ICAM3	0.0202146648657087	ok		0.353660413553633
Adult_cHSPCs_Ultima_majority_voting	CLP	506	mAOC0586	mAOC-CD50	gene	RNA	ICAM3	0.018858985627874	ok		0.796122548913251
Adult_cHSPCs_Ultima_majority_voting	ERYP	440	mAOC0586	mAOC-CD50	gene	RNA	ICAM3	0.014644466876755	ok		0.455589126089602
Adult_cHSPCs_Ultima_majority_voting	GMP-L	663	mAOC0586	mAOC-CD50	gene	RNA	ICAM3	0.0152706155082724	ok		0.526173481257795
Adult_cHSPCs_Ultima_majority_voting	HSC_MPP	8254	mAOC0586	mAOC-CD50	gene	RNA	ICAM3	0.016285313775245	ok		0.887333944378578
Adult_cHSPCs_Ultima_majority_voting	MEBEMP-L	1898	mAOC0586	mAOC-CD50	gene	RNA	ICAM3	0.0185903695026069	ok		0.55163584091608
Adult_cHSPCs_Ultima_majority_voting	MKP	565	mAOC0586	mAOC-CD50	gene	RNA	ICAM3	0.0371721539869059	ok		0.437108210316575
Adult_cHSPCs_Ultima_majority_voting	Monocyte	195	mAOC0586	mAOC-CD50	gene	RNA	ICAM3	0.0269156194985004	ok		0.231324756728262
Adult_cHSPCs_Ultima_majority_voting	NK/T	116	mAOC0586	mAOC-CD50	gene	RNA	ICAM3	0.132876602810056	ok		0.149441739340698
Adult_cHSPCs_Ultima_majority_voting	B	652	mAOC0587	mAOC-CD210b	gene	RNA	IL10RB	0.0429139238555282	ok		0.197785399824192
Adult_cHSPCs_Ultima_majority_voting	CLP	506	mAOC0587	mAOC-CD210b	gene	RNA	IL10RB	0.0197790437823799	ok		0.182142162204477
Adult_cHSPCs_Ultima_majority_voting	ERYP	440	mAOC0587	mAOC-CD210b	gene	RNA	IL10RB	0.0133799951603262	ok		0.109997890969888
Adult_cHSPCs_Ultima_majority_voting	GMP-L	663	mAOC0587	mAOC-CD210b	gene	RNA	IL10RB	0.0287459525941032	ok		0.170121442063538
Adult_cHSPCs_Ultima_majority_voting	HSC_MPP	8254	mAOC0587	mAOC-CD210b	gene	RNA	IL10RB	0.02560366912849	ok		0.105171999416278
Adult_cHSPCs_Ultima_majority_voting	MEBEMP-L	1898	mAOC0587	mAOC-CD210b	gene	RNA	IL10RB	0.0235966417990925	ok		0.0863846381159562
Adult_cHSPCs_Ultima_majority_voting	MKP	565	mAOC0587	mAOC-CD210b	gene	RNA	IL10RB	0.0459648248845093	ok		0.0837953286043278
Adult_cHSPCs_Ultima_majority_voting	Monocyte	195	mAOC0587	mAOC-CD210b	gene	RNA	IL10RB	0.077962041670924	ok		0.175673100894598
Adult_cHSPCs_Ultima_majority_voting	NK/T	116	mAOC0587	mAOC-CD210b	gene	RNA	IL10RB	0.184103200936326	ok		0.126299265785094
Adult_cHSPCs_Ultima_majority_voting	B	652	mAOC0588	mAOC-CD218a	gene	RNA	IL18R1	0.0325073877088784	ok		0.00355868119808864
Adult_cHSPCs_Ultima_majority_voting	CLP	506	mAOC0588	mAOC-CD218a	gene	RNA	IL18R1	0.027557185318735	ok		0.074416981033746
Adult_cHSPCs_Ultima_majority_voting	ERYP	440	mAOC0588	mAOC-CD218a	gene	RNA	IL18R1	0.018532774665019	ok		0.133646544023002
Adult_cHSPCs_Ultima_majority_voting	GMP-L	663	mAOC0588	mAOC-CD218a	gene	RNA	IL18R1	0.0339133492079396	ok		0.352639464073722
Adult_cHSPCs_Ultima_majority_voting	HSC_MPP	8254	mAOC0588	mAOC-CD218a	gene	RNA	IL18R1	0.0451630189465128	ok		0.0953404252193779
Adult_cHSPCs_Ultima_majority_voting	MEBEMP-L	1898	mAOC0588	mAOC-CD218a	gene	RNA	IL18R1	0.0255773639171939	ok		0.15147678260115
Adult_cHSPCs_Ultima_majority_voting	MKP	565	mAOC0588	mAOC-CD218a	gene	RNA	IL18R1	0.061958416430553	ok		0.0644333730908712
Adult_cHSPCs_Ultima_majority_voting	Monocyte	195	mAOC0588	mAOC-CD218a	gene	RNA	IL18R1	0.0579708198619792	ok		0
Adult_cHSPCs_Ultima_majority_voting	NK/T	116	mAOC0588	mAOC-CD218a	gene	RNA	IL18R1	0.171374131864053	ok		0.0160810298203152
Adult_cHSPCs_Ultima_majority_voting	B	652	mAOC0589	mAOC-IL1RAP	gene	RNA	IL1RAP	0.0128426089353371	ok		0.120046408119616
Adult_cHSPCs_Ultima_majority_voting	CLP	506	mAOC0589	mAOC-IL1RAP	gene	RNA	IL1RAP	0.00515969282466249	ok		0.411840492387829
Adult_cHSPCs_Ultima_majority_voting	ERYP	440	mAOC0589	mAOC-IL1RAP	gene	RNA	IL1RAP	0.00825414556407999	ok		0.594380616528286
Adult_cHSPCs_Ultima_majority_voting	GMP-L	663	mAOC0589	mAOC-IL1RAP	gene	RNA	IL1RAP	0.0119282865545015	ok		0.505730752719724
Adult_cHSPCs_Ultima_majority_voting	HSC_MPP	8254	mAOC0589	mAOC-IL1RAP	gene	RNA	IL1RAP	0.0101565053301194	ok		0.52982977911318
Adult_cHSPCs_Ultima_majority_voting	MEBEMP-L	1898	mAOC0589	mAOC-IL1RAP	gene	RNA	IL1RAP	0.00867704196798764	ok		0.941198282426723
Adult_cHSPCs_Ultima_majority_voting	MKP	565	mAOC0589	mAOC-IL1RAP	gene	RNA	IL1RAP	0.0287765668560553	ok		0.609998932250662
Adult_cHSPCs_Ultima_majority_voting	Monocyte	195	mAOC0589	mAOC-IL1RAP	gene	RNA	IL1RAP	0.273602431088548	ok		0.137442931700057
Adult_cHSPCs_Ultima_majority_voting	NK/T	116	mAOC0589	mAOC-IL1RAP	gene	RNA	IL1RAP	0.0650199190896027	ok		0.0743424786270614
Adult_cHSPCs_Ultima_majority_voting	B	652	mAOC0590	mAOC-CD360	gene	RNA	IL21R	0.0499276319598577	ok		0.874769180384279
Adult_cHSPCs_Ultima_majority_voting	CLP	506	mAOC0590	mAOC-CD360	gene	RNA	IL21R	0.0241908385397443	ok		0.18886080997046
Adult_cHSPCs_Ultima_majority_voting	ERYP	440	mAOC0590	mAOC-CD360	gene	RNA	IL21R	0.012191981738872	ok		0.00763158165105118
Adult_cHSPCs_Ultima_majority_voting	GMP-L	663	mAOC0590	mAOC-CD360	gene	RNA	IL21R	0.0239537094141977	ok		0.00376046734529377
Adult_cHSPCs_Ultima_majority_voting	HSC_MPP	8254	mAOC0590	mAOC-CD360	gene	RNA	IL21R	0.0262527184433145	ok		0.0793642839491954
Adult_cHSPCs_Ultima_majority_voting	MEBEMP-L	1898	mAOC0590	mAOC-CD360	gene	RNA	IL21R	0.0171670546927984	ok		0.0140416862028639
Adult_cHSPCs_Ultima_majority_voting	MKP	565	mAOC0590	mAOC-CD360	gene	RNA	IL21R	0.0463235692731114	ok		0.0186943274311955
Adult_cHSPCs_Ultima_majority_voting	Monocyte	195	mAOC0590	mAOC-CD360	gene	RNA	IL21R	0.686270382361624	ok		0.0500994339108948
Adult_cHSPCs_Ultima_majority_voting	NK/T	116	mAOC0590	mAOC-CD360	gene	RNA	IL21R	0.179219882795229	ok		0.329800957698575
Adult_cHSPCs_Ultima_majority_voting	B	652	mAOC0591	mAOC-CD85f	gene	RNA	LILRA5	0.0458001780213486	ok		0
Adult_cHSPCs_Ultima_majority_voting	CLP	506	mAOC0591	mAOC-CD85f	gene	RNA	LILRA5	0.0441385908869599	ok		0.0241369790933051
Adult_cHSPCs_Ultima_majority_voting	ERYP	440	mAOC0591	mAOC-CD85f	gene	RNA	LILRA5	0.0185100077360064	ok		0
Adult_cHSPCs_Ultima_majority_voting	GMP-L	663	mAOC0591	mAOC-CD85f	gene	RNA	LILRA5	0.0364944031292096	ok		0
Adult_cHSPCs_Ultima_majority_voting	HSC_MPP	8254	mAOC0591	mAOC-CD85f	gene	RNA	LILRA5	0.0284603119529838	ok		0.000237893749442059
Adult_cHSPCs_Ultima_majority_voting	MEBEMP-L	1898	mAOC0591	mAOC-CD85f	gene	RNA	LILRA5	0.0173309477892952	ok		0
Adult_cHSPCs_Ultima_majority_voting	MKP	565	mAOC0591	mAOC-CD85f	gene	RNA	LILRA5	0.0581639112763216	ok		0.00191422010276988
Adult_cHSPCs_Ultima_majority_voting	Monocyte	195	mAOC0591	mAOC-CD85f	gene	RNA	LILRA5	1.52399215426676	ok		0.0828961484105194
Adult_cHSPCs_Ultima_majority_voting	NK/T	116	mAOC0591	mAOC-CD85f	gene	RNA	LILRA5	0.227234794694572	ok		0
Adult_cHSPCs_Ultima_majority_voting	B	652	mAOC0592	mAOC-CD85a	gene	RNA	LILRB3	0.0317088475582185	ok		0
Adult_cHSPCs_Ultima_majority_voting	CLP	506	mAOC0592	mAOC-CD85a	gene	RNA	LILRB3	0.0466883488529129	ok		0.00401101557624306
Adult_cHSPCs_Ultima_majority_voting	ERYP	440	mAOC0592	mAOC-CD85a	gene	RNA	LILRB3	0.0211318092068903	ok		0.00193735321822255
Adult_cHSPCs_Ultima_majority_voting	GMP-L	663	mAOC0592	mAOC-CD85a	gene	RNA	LILRB3	0.0265465461271027	ok		0.00777270226113695
Adult_cHSPCs_Ultima_majority_voting	HSC_MPP	8254	mAOC0592	mAOC-CD85a	gene	RNA	LILRB3	0.019166114757836	ok		0.00193867941852877
Adult_cHSPCs_Ultima_majority_voting	MEBEMP-L	1898	mAOC0592	mAOC-CD85a	gene	RNA	LILRB3	0.0151638632042338	ok		0.000499929447116288
Adult_cHSPCs_Ultima_majority_voting	MKP	565	mAOC0592	mAOC-CD85a	gene	RNA	LILRB3	0.0374857787725113	ok		0.000579163390175265
Adult_cHSPCs_Ultima_majority_voting	Monocyte	195	mAOC0592	mAOC-CD85a	gene	RNA	LILRB3	1.53950522309556	ok		0.0551410516904115
Adult_cHSPCs_Ultima_majority_voting	NK/T	116	mAOC0592	mAOC-CD85a	gene	RNA	LILRB3	0.151638326495321	ok		0
Adult_cHSPCs_Ultima_majority_voting	B	652	mAOC0593	mAOC-CD6	gene	RNA	CD6	0.0788930289593983	ok		0.0134435768421043
Adult_cHSPCs_Ultima_majority_voting	CLP	506	mAOC0593	mAOC-CD6	gene	RNA	CD6	0.0127222361120578	ok		0.0164512700690143
Adult_cHSPCs_Ultima_majority_voting	ERYP	440	mAOC0593	mAOC-CD6	gene	RNA	CD6	0.00911962222972407	ok		0
Adult_cHSPCs_Ultima_majority_voting	GMP-L	663	mAOC0593	mAOC-CD6	gene	RNA	CD6	0.0190470466120149	ok		0
Adult_cHSPCs_Ultima_majority_voting	HSC_MPP	8254	mAOC0593	mAOC-CD6	gene	RNA	CD6	0.0206076036823066	ok		0.00351611151344823
Adult_cHSPCs_Ultima_majority_voting	MEBEMP-L	1898	mAOC0593	mAOC-CD6	gene	RNA	CD6	0.0111340855801251	ok		0.000793453525894046
Adult_cHSPCs_Ultima_majority_voting	MKP	565	mAOC0593	mAOC-CD6	gene	RNA	CD6	0.0325107968890917	ok		0.00163531938932067
Adult_cHSPCs_Ultima_majority_voting	Monocyte	195	mAOC0593	mAOC-CD6	gene	RNA	CD6	0.0484086124770231	ok		0
Adult_cHSPCs_Ultima_majority_voting	NK/T	116	mAOC0593	mAOC-CD6	gene	RNA	CD6	0.535948543237548	ok		0.238152233640117
Adult_cHSPCs_Ultima_majority_voting	B	652	mAOC0598	mAOC-CD89	gene	RNA	FCAR	0.217117154675768	ok		0
Adult_cHSPCs_Ultima_majority_voting	CLP	506	mAOC0598	mAOC-CD89	gene	RNA	FCAR	0.149791568630866	ok		0
Adult_cHSPCs_Ultima_majority_voting	ERYP	440	mAOC0598	mAOC-CD89	gene	RNA	FCAR	0.159353283730619	ok		0
Adult_cHSPCs_Ultima_majority_voting	GMP-L	663	mAOC0598	mAOC-CD89	gene	RNA	FCAR	0.162056804621886	ok		0.00329509147017792
Adult_cHSPCs_Ultima_majority_voting	HSC_MPP	8254	mAOC0598	mAOC-CD89	gene	RNA	FCAR	0.161221730915571	ok		0.000294252364517117
Adult_cHSPCs_Ultima_majority_voting	MEBEMP-L	1898	mAOC0598	mAOC-CD89	gene	RNA	FCAR	0.141654803458593	ok		0
Adult_cHSPCs_Ultima_majority_voting	MKP	565	mAOC0598	mAOC-CD89	gene	RNA	FCAR	0.223499843010588	ok		0
Adult_cHSPCs_Ultima_majority_voting	Monocyte	195	mAOC0598	mAOC-CD89	gene	RNA	FCAR	0.335692026616422	ok		0.565028479565257
Adult_cHSPCs_Ultima_majority_voting	NK/T	116	mAOC0598	mAOC-CD89	gene	RNA	FCAR	0.516983929187425	ok		0
Adult_cHSPCs_Ultima_majority_voting	B	652	mAOC0599	mAOC-CD23	gene	RNA	FCER2	0.00127926881322207	ok		0.47082190746436
Adult_cHSPCs_Ultima_majority_voting	CLP	506	mAOC0599	mAOC-CD23	gene	RNA	FCER2	0.00062998012747142	ok		0.0076450826634101
Adult_cHSPCs_Ultima_majority_voting	ERYP	440	mAOC0599	mAOC-CD23	gene	RNA	FCER2	0.012072744385378	ok		0.00317700364918488
Adult_cHSPCs_Ultima_majority_voting	GMP-L	663	mAOC0599	mAOC-CD23	gene	RNA	FCER2	0.00227467981735616	ok		0.00815571051479513
Adult_cHSPCs_Ultima_majority_voting	HSC_MPP	8254	mAOC0599	mAOC-CD23	gene	RNA	FCER2	0.000812629297773761	ok		0.000829190232863841
Adult_cHSPCs_Ultima_majority_voting	MEBEMP-L	1898	mAOC0599	mAOC-CD23	gene	RNA	FCER2	0.00239965579686056	ok		0.000883864085228311
Adult_cHSPCs_Ultima_majority_voting	MKP	565	mAOC0599	mAOC-CD23	gene	RNA	FCER2	0.0100662038517711	ok		0.00185587642949799
Adult_cHSPCs_Ultima_majority_voting	Monocyte	195	mAOC0599	mAOC-CD23	gene	RNA	FCER2	0.00171402431346593	ok		0.0125802329998707
Adult_cHSPCs_Ultima_majority_voting	NK/T	116	mAOC0599	mAOC-CD23	gene	RNA	FCER2	0.00863215930278205	ok		0
Adult_cHSPCs_Ultima_majority_voting	B	652	mAOC0600	mAOC-CD316	gene	RNA	IGSF8	0.0641737222150012	ok		0.0200942957398934
Adult_cHSPCs_Ultima_majority_voting	CLP	506	mAOC0600	mAOC-CD316	gene	RNA	IGSF8	0.0384941396726038	ok		0.104597876877851
Adult_cHSPCs_Ultima_majority_voting	ERYP	440	mAOC0600	mAOC-CD316	gene	RNA	IGSF8	0.0365285037780642	ok		0.0735857674627297
Adult_cHSPCs_Ultima_majority_voting	GMP-L	663	mAOC0600	mAOC-CD316	gene	RNA	IGSF8	0.0578323312156074	ok		0.0769894124723393
Adult_cHSPCs_Ultima_majority_voting	HSC_MPP	8254	mAOC0600	mAOC-CD316	gene	RNA	IGSF8	0.0482711101876631	ok		0.0863715985768169
Adult_cHSPCs_Ultima_majority_voting	MEBEMP-L	1898	mAOC0600	mAOC-CD316	gene	RNA	IGSF8	0.0412600913851318	ok		0.060479872784771
Adult_cHSPCs_Ultima_majority_voting	MKP	565	mAOC0600	mAOC-CD316	gene	RNA	IGSF8	0.0679809637846278	ok		0.084796964116749
Adult_cHSPCs_Ultima_majority_voting	Monocyte	195	mAOC0600	mAOC-CD316	gene	RNA	IGSF8	0.0891378615059957	ok		0
Adult_cHSPCs_Ultima_majority_voting	NK/T	116	mAOC0600	mAOC-CD316	gene	RNA	IGSF8	0.251606534190579	ok		0.0884347478652591
Adult_cHSPCs_Ultima_majority_voting	B	652	mAOC0601	mAOC-CD126	gene	RNA	IL6R	0.0573568438615183	ok		0.0339371379887879
Adult_cHSPCs_Ultima_majority_voting	CLP	506	mAOC0601	mAOC-CD126	gene	RNA	IL6R	0.615572567337561	ok		0.179952713157724
Adult_cHSPCs_Ultima_majority_voting	ERYP	440	mAOC0601	mAOC-CD126	gene	RNA	IL6R	0.0226566687453698	ok		0.071722786103367
Adult_cHSPCs_Ultima_majority_voting	GMP-L	663	mAOC0601	mAOC-CD126	gene	RNA	IL6R	0.477307722475687	ok		0.211430013322438
Adult_cHSPCs_Ultima_majority_voting	HSC_MPP	8254	mAOC0601	mAOC-CD126	gene	RNA	IL6R	0.196427257456448	ok		0.14066967401721
Adult_cHSPCs_Ultima_majority_voting	MEBEMP-L	1898	mAOC0601	mAOC-CD126	gene	RNA	IL6R	0.017148245322057	ok		0.0774369487674042
Adult_cHSPCs_Ultima_majority_voting	MKP	565	mAOC0601	mAOC-CD126	gene	RNA	IL6R	0.100104518420725	ok		0.167949976191165
Adult_cHSPCs_Ultima_majority_voting	Monocyte	195	mAOC0601	mAOC-CD126	gene	RNA	IL6R	0.342192142151794	ok		1.06320747843205
Adult_cHSPCs_Ultima_majority_voting	NK/T	116	mAOC0601	mAOC-CD126	gene	RNA	IL6R	0.285955072310089	ok		0
Adult_cHSPCs_Ultima_majority_voting	B	652	mAOC0602	mAOC-CD132	gene	RNA	IL2RG	0.0366623178393952	ok		1.15707757305689
Adult_cHSPCs_Ultima_majority_voting	CLP	506	mAOC0602	mAOC-CD132	gene	RNA	IL2RG	0.243562274969012	ok		1.10101922693223
Adult_cHSPCs_Ultima_majority_voting	ERYP	440	mAOC0602	mAOC-CD132	gene	RNA	IL2RG	0.0137778159055429	ok		0.765976395975553
Adult_cHSPCs_Ultima_majority_voting	GMP-L	663	mAOC0602	mAOC-CD132	gene	RNA	IL2RG	0.118604220389585	ok		0.741138217515651
Adult_cHSPCs_Ultima_majority_voting	HSC_MPP	8254	mAOC0602	mAOC-CD132	gene	RNA	IL2RG	0.145561077726497	ok		0.716721321846564
Adult_cHSPCs_Ultima_majority_voting	MEBEMP-L	1898	mAOC0602	mAOC-CD132	gene	RNA	IL2RG	0.0124511550750463	ok		0.468786795867136
Adult_cHSPCs_Ultima_majority_voting	MKP	565	mAOC0602	mAOC-CD132	gene	RNA	IL2RG	0.0351534822155518	ok		0.46199822597923
Adult_cHSPCs_Ultima_majority_voting	Monocyte	195	mAOC0602	mAOC-CD132	gene	RNA	IL2RG	0.0506055996874974	ok		0.246606500674477
Adult_cHSPCs_Ultima_majority_voting	NK/T	116	mAOC0602	mAOC-CD132	gene	RNA	IL2RG	0.209157234132942	ok		1.020384496302
Adult_cHSPCs_Ultima_majority_voting	B	652	mAOC0603	mAOC-CD130	gene	RNA	IL6ST	0.0467177624148901	ok		0.0347287175579709
Adult_cHSPCs_Ultima_majority_voting	CLP	506	mAOC0603	mAOC-CD130	gene	RNA	IL6ST	0.015676521840795	ok		0.137607715226257
Adult_cHSPCs_Ultima_majority_voting	ERYP	440	mAOC0603	mAOC-CD130	gene	RNA	IL6ST	0.0223129438123446	ok		0.331147714040792
Adult_cHSPCs_Ultima_majority_voting	GMP-L	663	mAOC0603	mAOC-CD130	gene	RNA	IL6ST	0.0318833403805722	ok		0.174329474002508
Adult_cHSPCs_Ultima_majority_voting	HSC_MPP	8254	mAOC0603	mAOC-CD130	gene	RNA	IL6ST	0.0545891336992286	ok		0.327779756200958
Adult_cHSPCs_Ultima_majority_voting	MEBEMP-L	1898	mAOC0603	mAOC-CD130	gene	RNA	IL6ST	0.301567770098698	ok		0.480960479480671
Adult_cHSPCs_Ultima_majority_voting	MKP	565	mAOC0603	mAOC-CD130	gene	RNA	IL6ST	0.211482252596057	ok		0.618623209581109
Adult_cHSPCs_Ultima_majority_voting	Monocyte	195	mAOC0603	mAOC-CD130	gene	RNA	IL6ST	0.234260731212596	ok		0.410120386424512
Adult_cHSPCs_Ultima_majority_voting	NK/T	116	mAOC0603	mAOC-CD130	gene	RNA	IL6ST	0.268066056945134	ok		0.196906120516752
Adult_cHSPCs_Ultima_majority_voting	B	652	mAOC0604	mAOC-CD127	gene	RNA	IL7R	0.0121802645463201	ok		0.110580620753728
Adult_cHSPCs_Ultima_majority_voting	CLP	506	mAOC0604	mAOC-CD127	gene	RNA	IL7R	0.00407725383864061	ok		0.320092939170245
Adult_cHSPCs_Ultima_majority_voting	ERYP	440	mAOC0604	mAOC-CD127	gene	RNA	IL7R	0.00587019380324571	ok		0.035374978962405
Adult_cHSPCs_Ultima_majority_voting	GMP-L	663	mAOC0604	mAOC-CD127	gene	RNA	IL7R	0.00812046118585118	ok		0.0875197765844458
Adult_cHSPCs_Ultima_majority_voting	HSC_MPP	8254	mAOC0604	mAOC-CD127	gene	RNA	IL7R	0.00680712657850237	ok		0.0611908998469491
Adult_cHSPCs_Ultima_majority_voting	MEBEMP-L	1898	mAOC0604	mAOC-CD127	gene	RNA	IL7R	0.00787698076540449	ok		0.0878726949187978
Adult_cHSPCs_Ultima_majority_voting	MKP	565	mAOC0604	mAOC-CD127	gene	RNA	IL7R	0.0175498225945984	ok		0.08807595574238
Adult_cHSPCs_Ultima_majority_voting	Monocyte	195	mAOC0604	mAOC-CD127	gene	RNA	IL7R	0.0217469790903964	ok		0.350497948861209
Adult_cHSPCs_Ultima_majority_voting	NK/T	116	mAOC0604	mAOC-CD127	gene	RNA	IL7R	0.0574047532489048	ok		0.9422080714315
Adult_cHSPCs_Ultima_majority_voting	B	652	mAOC0605	mAOC-CD158k	gene	RNA	KIR3DL2	0.149126586840113	ok		0
Adult_cHSPCs_Ultima_majority_voting	CLP	506	mAOC0605	mAOC-CD158k	gene	RNA	KIR3DL2	0.0683413000209058	ok		0
Adult_cHSPCs_Ultima_majority_voting	ERYP	440	mAOC0605	mAOC-CD158k	gene	RNA	KIR3DL2	0.0293245680968517	ok		0
Adult_cHSPCs_Ultima_majority_voting	GMP-L	663	mAOC0605	mAOC-CD158k	gene	RNA	KIR3DL2	0.0724977202312133	ok		0.00140993504383043
Adult_cHSPCs_Ultima_majority_voting	HSC_MPP	8254	mAOC0605	mAOC-CD158k	gene	RNA	KIR3DL2	0.0748426432292038	ok		8.00794009924298e-05
Adult_cHSPCs_Ultima_majority_voting	MEBEMP-L	1898	mAOC0605	mAOC-CD158k	gene	RNA	KIR3DL2	0.047296704552207	ok		0
Adult_cHSPCs_Ultima_majority_voting	MKP	565	mAOC0605	mAOC-CD158k	gene	RNA	KIR3DL2	0.113268173674218	ok		0
Adult_cHSPCs_Ultima_majority_voting	Monocyte	195	mAOC0605	mAOC-CD158k	gene	RNA	KIR3DL2	0.376674940504308	ok		0.00513253538321232
Adult_cHSPCs_Ultima_majority_voting	NK/T	116	mAOC0605	mAOC-CD158k	gene	RNA	KIR3DL2	0.386416459459082	ok		0
Adult_cHSPCs_Ultima_majority_voting	B	652	mAOC0606	mAOC-CD98	gene	RNA	SLC3A2	0.333179713432096	ok		0.751408764687209
Adult_cHSPCs_Ultima_majority_voting	CLP	506	mAOC0606	mAOC-CD98	gene	RNA	SLC3A2	0.625894105527218	ok		1.00435770720003
Adult_cHSPCs_Ultima_majority_voting	ERYP	440	mAOC0606	mAOC-CD98	gene	RNA	SLC3A2	1.53087846958975	ok		0.779834556991955
Adult_cHSPCs_Ultima_majority_voting	GMP-L	663	mAOC0606	mAOC-CD98	gene	RNA	SLC3A2	1.21724409840432	ok		0.849660696870955
Adult_cHSPCs_Ultima_majority_voting	HSC_MPP	8254	mAOC0606	mAOC-CD98	gene	RNA	SLC3A2	0.797094904935844	ok		1.15021571453392
Adult_cHSPCs_Ultima_majority_voting	MEBEMP-L	1898	mAOC0606	mAOC-CD98	gene	RNA	SLC3A2	1.15318128461004	ok		0.856715765172065
Adult_cHSPCs_Ultima_majority_voting	MKP	565	mAOC0606	mAOC-CD98	gene	RNA	SLC3A2	1.34427402513929	ok		0.946791204263062
Adult_cHSPCs_Ultima_majority_voting	Monocyte	195	mAOC0606	mAOC-CD98	gene	RNA	SLC3A2	0.805720606408038	ok		0.456153910042266
Adult_cHSPCs_Ultima_majority_voting	NK/T	116	mAOC0606	mAOC-CD98	gene	RNA	SLC3A2	0.242150911432262	ok		0.214988949585398
Adult_cHSPCs_Ultima_majority_voting	B	652	mAOC0607	mAOC-TGFBR2	gene	RNA	TGFBR2	0.0537671761049594	ok		0.768267293077228
Adult_cHSPCs_Ultima_majority_voting	CLP	506	mAOC0607	mAOC-TGFBR2	gene	RNA	TGFBR2	0.0329100802933763	ok		0.439534400163884
Adult_cHSPCs_Ultima_majority_voting	ERYP	440	mAOC0607	mAOC-TGFBR2	gene	RNA	TGFBR2	0.0177849385702143	ok		0.360407075335185
Adult_cHSPCs_Ultima_majority_voting	GMP-L	663	mAOC0607	mAOC-TGFBR2	gene	RNA	TGFBR2	0.0434487928317498	ok		0.455572364251908
Adult_cHSPCs_Ultima_majority_voting	HSC_MPP	8254	mAOC0607	mAOC-TGFBR2	gene	RNA	TGFBR2	0.0417537775618647	ok		0.445065290792751
Adult_cHSPCs_Ultima_majority_voting	MEBEMP-L	1898	mAOC0607	mAOC-TGFBR2	gene	RNA	TGFBR2	0.0281744135947092	ok		0.529123828696864
Adult_cHSPCs_Ultima_majority_voting	MKP	565	mAOC0607	mAOC-TGFBR2	gene	RNA	TGFBR2	0.0493555672476888	ok		0.290151560280262
Adult_cHSPCs_Ultima_majority_voting	Monocyte	195	mAOC0607	mAOC-TGFBR2	gene	RNA	TGFBR2	0.0767370240510086	ok		0.0429069929731629
Adult_cHSPCs_Ultima_majority_voting	NK/T	116	mAOC0607	mAOC-TGFBR2	gene	RNA	TGFBR2	0.201752696297542	ok		0.593956377344482
Adult_cHSPCs_Ultima_majority_voting	B	652	mAOC0608	mAOC-CDH8	gene	RNA	CDH8	0.0527355397477234	ok		0
Adult_cHSPCs_Ultima_majority_voting	CLP	506	mAOC0608	mAOC-CDH8	gene	RNA	CDH8	0.0266317199290776	ok		0.00393303227555574
Adult_cHSPCs_Ultima_majority_voting	ERYP	440	mAOC0608	mAOC-CDH8	gene	RNA	CDH8	0.0128488656402452	ok		0
Adult_cHSPCs_Ultima_majority_voting	GMP-L	663	mAOC0608	mAOC-CDH8	gene	RNA	CDH8	0.0290081362239026	ok		0.00393869027554879
Adult_cHSPCs_Ultima_majority_voting	HSC_MPP	8254	mAOC0608	mAOC-CDH8	gene	RNA	CDH8	0.0208539993360441	ok		0.000628024320877915
Adult_cHSPCs_Ultima_majority_voting	MEBEMP-L	1898	mAOC0608	mAOC-CDH8	gene	RNA	CDH8	0.0178088696535812	ok		0.000338558597587661
Adult_cHSPCs_Ultima_majority_voting	MKP	565	mAOC0608	mAOC-CDH8	gene	RNA	CDH8	0.0464993349553256	ok		0
Adult_cHSPCs_Ultima_majority_voting	Monocyte	195	mAOC0608	mAOC-CDH8	gene	RNA	CDH8	0.249671605385576	ok		0
Adult_cHSPCs_Ultima_majority_voting	NK/T	116	mAOC0608	mAOC-CDH8	gene	RNA	CDH8	0.244597797597543	ok		0
Adult_cHSPCs_Ultima_majority_voting	B	652	mAOC0610	mAOC-CD334	gene	RNA	FGFR4	0.054811731618143	ok		0
Adult_cHSPCs_Ultima_majority_voting	CLP	506	mAOC0610	mAOC-CD334	gene	RNA	FGFR4	0.0411581270985788	ok		0.000822625035161313
Adult_cHSPCs_Ultima_majority_voting	ERYP	440	mAOC0610	mAOC-CD334	gene	RNA	FGFR4	0.0142470478269816	ok		0.0021658258638138
Adult_cHSPCs_Ultima_majority_voting	GMP-L	663	mAOC0610	mAOC-CD334	gene	RNA	FGFR4	0.0369053436328634	ok		0.000963696640190509
Adult_cHSPCs_Ultima_majority_voting	HSC_MPP	8254	mAOC0610	mAOC-CD334	gene	RNA	FGFR4	0.0320965015955249	ok		0.0008795275700162
Adult_cHSPCs_Ultima_majority_voting	MEBEMP-L	1898	mAOC0610	mAOC-CD334	gene	RNA	FGFR4	0.0214951162268049	ok		0.0015237209482558
Adult_cHSPCs_Ultima_majority_voting	MKP	565	mAOC0610	mAOC-CD334	gene	RNA	FGFR4	0.0687387492437183	ok		0.00237732591719313
Adult_cHSPCs_Ultima_majority_voting	Monocyte	195	mAOC0610	mAOC-CD334	gene	RNA	FGFR4	0.767960729090986	ok		0
Adult_cHSPCs_Ultima_majority_voting	NK/T	116	mAOC0610	mAOC-CD334	gene	RNA	FGFR4	0.22722661513294	ok		0
Adult_cHSPCs_Ultima_majority_voting	B	652	mAOC0611	mAOC-CD166	gene	RNA	ALCAM	0.110969668094134	ok		0.355912391660224
Adult_cHSPCs_Ultima_majority_voting	CLP	506	mAOC0611	mAOC-CD166	gene	RNA	ALCAM	1.12847376005263	ok		0.770605624024805
Adult_cHSPCs_Ultima_majority_voting	ERYP	440	mAOC0611	mAOC-CD166	gene	RNA	ALCAM	0.479596207337635	ok		0.291228179881281
Adult_cHSPCs_Ultima_majority_voting	GMP-L	663	mAOC0611	mAOC-CD166	gene	RNA	ALCAM	1.38914698649726	ok		0.597933301839064
Adult_cHSPCs_Ultima_majority_voting	HSC_MPP	8254	mAOC0611	mAOC-CD166	gene	RNA	ALCAM	1.29523675631061	ok		0.503017777605943
Adult_cHSPCs_Ultima_majority_voting	MEBEMP-L	1898	mAOC0611	mAOC-CD166	gene	RNA	ALCAM	0.191180304444051	ok		0.208884691897454
Adult_cHSPCs_Ultima_majority_voting	MKP	565	mAOC0611	mAOC-CD166	gene	RNA	ALCAM	0.666770927466105	ok		0.239131106512314
Adult_cHSPCs_Ultima_majority_voting	Monocyte	195	mAOC0611	mAOC-CD166	gene	RNA	ALCAM	0.270389847119214	ok		2.15994138917465
Adult_cHSPCs_Ultima_majority_voting	NK/T	116	mAOC0611	mAOC-CD166	gene	RNA	ALCAM	0.318331273903953	ok		0.116378117488723
Adult_cHSPCs_Ultima_majority_voting	B	652	mAOC0613	mAOC-CD66a	gene	RNA	CEACAM1	0.0988727616498111	ok		0.00695434624257249
Adult_cHSPCs_Ultima_majority_voting	CLP	506	mAOC0613	mAOC-CD66a	gene	RNA	CEACAM1	0.0688963029279221	ok		0.0302395842484255
Adult_cHSPCs_Ultima_majority_voting	ERYP	440	mAOC0613	mAOC-CD66a	gene	RNA	CEACAM1	0.052486798304311	ok		0
Adult_cHSPCs_Ultima_majority_voting	GMP-L	663	mAOC0613	mAOC-CD66a	gene	RNA	CEACAM1	0.0650626237292753	ok		0.00199428302218282
Adult_cHSPCs_Ultima_majority_voting	HSC_MPP	8254	mAOC0613	mAOC-CD66a	gene	RNA	CEACAM1	0.07843194378811	ok		0.0124025997268049
Adult_cHSPCs_Ultima_majority_voting	MEBEMP-L	1898	mAOC0613	mAOC-CD66a	gene	RNA	CEACAM1	0.056104407201559	ok		0.000169403417106079
Adult_cHSPCs_Ultima_majority_voting	MKP	565	mAOC0613	mAOC-CD66a	gene	RNA	CEACAM1	0.129858688986552	ok		0.00755927212097034
Adult_cHSPCs_Ultima_majority_voting	Monocyte	195	mAOC0613	mAOC-CD66a	gene	RNA	CEACAM1	0.195084052264061	ok		0
Adult_cHSPCs_Ultima_majority_voting	NK/T	116	mAOC0613	mAOC-CD66a	gene	RNA	CEACAM1	0.299279734755106	ok		0.0119845438141356
Adult_cHSPCs_Ultima_majority_voting	B	652	mAOC0614	mAOC-F2	gene	RNA	F2	0.110725307834583	ok		0
Adult_cHSPCs_Ultima_majority_voting	CLP	506	mAOC0614	mAOC-F2	gene	RNA	F2	0.11748361718688	ok		0
Adult_cHSPCs_Ultima_majority_voting	ERYP	440	mAOC0614	mAOC-F2	gene	RNA	F2	0.125930274243495	ok		0
Adult_cHSPCs_Ultima_majority_voting	GMP-L	663	mAOC0614	mAOC-F2	gene	RNA	F2	0.124756254360806	ok		0.00273609038696568
Adult_cHSPCs_Ultima_majority_voting	HSC_MPP	8254	mAOC0614	mAOC-F2	gene	RNA	F2	0.130244114255702	ok		0.00104246054612807
Adult_cHSPCs_Ultima_majority_voting	MEBEMP-L	1898	mAOC0614	mAOC-F2	gene	RNA	F2	0.101193391905239	ok		0.000518864542780789
Adult_cHSPCs_Ultima_majority_voting	MKP	565	mAOC0614	mAOC-F2	gene	RNA	F2	0.130012900445356	ok		0.00294719124523979
Adult_cHSPCs_Ultima_majority_voting	Monocyte	195	mAOC0614	mAOC-F2	gene	RNA	F2	0.250495366794903	ok		0
Adult_cHSPCs_Ultima_majority_voting	NK/T	116	mAOC0614	mAOC-F2	gene	RNA	F2	0.39640235575989	ok		0
Adult_cHSPCs_Ultima_majority_voting	B	652	mAOC0615	mAOC-SIGIRR	gene	RNA	SIGIRR	0.0523739807803842	ok		0.036578777341289
Adult_cHSPCs_Ultima_majority_voting	CLP	506	mAOC0615	mAOC-SIGIRR	gene	RNA	SIGIRR	0.226925866005132	ok		0.0898494233254214
Adult_cHSPCs_Ultima_majority_voting	ERYP	440	mAOC0615	mAOC-SIGIRR	gene	RNA	SIGIRR	0.0294141927582866	ok		0.142884627385727
Adult_cHSPCs_Ultima_majority_voting	GMP-L	663	mAOC0615	mAOC-SIGIRR	gene	RNA	SIGIRR	0.0544283880182211	ok		0.196377954944265
Adult_cHSPCs_Ultima_majority_voting	HSC_MPP	8254	mAOC0615	mAOC-SIGIRR	gene	RNA	SIGIRR	0.0902307649803224	ok		0.127265866332326
Adult_cHSPCs_Ultima_majority_voting	MEBEMP-L	1898	mAOC0615	mAOC-SIGIRR	gene	RNA	SIGIRR	0.0215379086638969	ok		0.155448586177335
Adult_cHSPCs_Ultima_majority_voting	MKP	565	mAOC0615	mAOC-SIGIRR	gene	RNA	SIGIRR	0.114517238027162	ok		0.130613126016538
Adult_cHSPCs_Ultima_majority_voting	Monocyte	195	mAOC0615	mAOC-SIGIRR	gene	RNA	SIGIRR	1.10813964149085	ok		0.0535401114098545
Adult_cHSPCs_Ultima_majority_voting	NK/T	116	mAOC0615	mAOC-SIGIRR	gene	RNA	SIGIRR	0.530791423154968	ok		0.0884219567631983
Adult_cHSPCs_Ultima_majority_voting	B	652	mAOC0616	mAOC-CTSS	gene	RNA	CTSS	0.0158658232350539	ok		0.845915358493649
Adult_cHSPCs_Ultima_majority_voting	CLP	506	mAOC0616	mAOC-CTSS	gene	RNA	CTSS	0.00823311902727794	ok		0.614810858336693
Adult_cHSPCs_Ultima_majority_voting	ERYP	440	mAOC0616	mAOC-CTSS	gene	RNA	CTSS	0.00719687648046392	ok		0.26525013839512
Adult_cHSPCs_Ultima_majority_voting	GMP-L	663	mAOC0616	mAOC-CTSS	gene	RNA	CTSS	0.011982631803013	ok		0.29856534940644
Adult_cHSPCs_Ultima_majority_voting	HSC_MPP	8254	mAOC0616	mAOC-CTSS	gene	RNA	CTSS	0.00905439498994453	ok		0.362808413559507
Adult_cHSPCs_Ultima_majority_voting	MEBEMP-L	1898	mAOC0616	mAOC-CTSS	gene	RNA	CTSS	0.00968332780038691	ok		0.235032723318972
Adult_cHSPCs_Ultima_majority_voting	MKP	565	mAOC0616	mAOC-CTSS	gene	RNA	CTSS	0.0186030345520033	ok		0.175886987062578
Adult_cHSPCs_Ultima_majority_voting	Monocyte	195	mAOC0616	mAOC-CTSS	gene	RNA	CTSS	0.0146950389672819	ok		2.22597388012262
Adult_cHSPCs_Ultima_majority_voting	NK/T	116	mAOC0616	mAOC-CTSS	gene	RNA	CTSS	0.080771559808023	ok		0.233646733954755
Adult_cHSPCs_Ultima_majority_voting	B	652	mAOC0617	mAOC-CSF3	gene	RNA	CSF3	0.0249125814100452	ok		0
Adult_cHSPCs_Ultima_majority_voting	CLP	506	mAOC0617	mAOC-CSF3	gene	RNA	CSF3	0.0256793614979532	ok		0
Adult_cHSPCs_Ultima_majority_voting	ERYP	440	mAOC0617	mAOC-CSF3	gene	RNA	CSF3	0.0190343771555954	ok		0
Adult_cHSPCs_Ultima_majority_voting	GMP-L	663	mAOC0617	mAOC-CSF3	gene	RNA	CSF3	0.0249986642846962	ok		0
Adult_cHSPCs_Ultima_majority_voting	HSC_MPP	8254	mAOC0617	mAOC-CSF3	gene	RNA	CSF3	0.0329584651425694	ok		0.000839208664117362
Adult_cHSPCs_Ultima_majority_voting	MEBEMP-L	1898	mAOC0617	mAOC-CSF3	gene	RNA	CSF3	0.0302617980956301	ok		0
Adult_cHSPCs_Ultima_majority_voting	MKP	565	mAOC0617	mAOC-CSF3	gene	RNA	CSF3	0.054261623057075	ok		0.0016014275380748
Adult_cHSPCs_Ultima_majority_voting	Monocyte	195	mAOC0617	mAOC-CSF3	gene	RNA	CSF3	0.0401834243155625	ok		0.0680724119925864
Adult_cHSPCs_Ultima_majority_voting	NK/T	116	mAOC0617	mAOC-CSF3	gene	RNA	CSF3	0.122013228152837	ok		0
Adult_cHSPCs_Ultima_majority_voting	B	652	mAOC0618	mAOC-SORT1	gene	RNA	SORT1	0.529328144048123	ok		0.003657658972369
Adult_cHSPCs_Ultima_majority_voting	CLP	506	mAOC0618	mAOC-SORT1	gene	RNA	SORT1	0.588811595185678	ok		0.0483675370156234
Adult_cHSPCs_Ultima_majority_voting	ERYP	440	mAOC0618	mAOC-SORT1	gene	RNA	SORT1	0.548745886879596	ok		0.0728430963132391
Adult_cHSPCs_Ultima_majority_voting	GMP-L	663	mAOC0618	mAOC-SORT1	gene	RNA	SORT1	0.539606072904732	ok		0.0683875361537603
Adult_cHSPCs_Ultima_majority_voting	HSC_MPP	8254	mAOC0618	mAOC-SORT1	gene	RNA	SORT1	0.546627880031344	ok		0.0567779754803608
Adult_cHSPCs_Ultima_majority_voting	MEBEMP-L	1898	mAOC0618	mAOC-SORT1	gene	RNA	SORT1	0.524492575156598	ok		0.0979490867347913
Adult_cHSPCs_Ultima_majority_voting	MKP	565	mAOC0618	mAOC-SORT1	gene	RNA	SORT1	0.6396836592827	ok		0.0782420381519951
Adult_cHSPCs_Ultima_majority_voting	Monocyte	195	mAOC0618	mAOC-SORT1	gene	RNA	SORT1	1.60467786161533	ok		0.0744381788448207
Adult_cHSPCs_Ultima_majority_voting	NK/T	116	mAOC0618	mAOC-SORT1	gene	RNA	SORT1	1.04224510541401	ok		0
Adult_cHSPCs_Ultima_majority_voting	B	652	mAOC0619	mAOC-ROR2	gene	RNA	ROR2	0.045566291238109	ok		0
Adult_cHSPCs_Ultima_majority_voting	CLP	506	mAOC0619	mAOC-ROR2	gene	RNA	ROR2	0.037165113579525	ok		0.0166878719124861
Adult_cHSPCs_Ultima_majority_voting	ERYP	440	mAOC0619	mAOC-ROR2	gene	RNA	ROR2	0.0287283882704252	ok		0.0194873857342911
Adult_cHSPCs_Ultima_majority_voting	GMP-L	663	mAOC0619	mAOC-ROR2	gene	RNA	ROR2	0.0413712576273548	ok		0.0080265516786932
Adult_cHSPCs_Ultima_majority_voting	HSC_MPP	8254	mAOC0619	mAOC-ROR2	gene	RNA	ROR2	0.0384817706354359	ok		0.0182315786970347
Adult_cHSPCs_Ultima_majority_voting	MEBEMP-L	1898	mAOC0619	mAOC-ROR2	gene	RNA	ROR2	0.0337561680991027	ok		0.0210416003047937
Adult_cHSPCs_Ultima_majority_voting	MKP	565	mAOC0619	mAOC-ROR2	gene	RNA	ROR2	0.0484083819461899	ok		0.0317585614213813
Adult_cHSPCs_Ultima_majority_voting	Monocyte	195	mAOC0619	mAOC-ROR2	gene	RNA	ROR2	0.0730238873628363	ok		0
Adult_cHSPCs_Ultima_majority_voting	NK/T	116	mAOC0619	mAOC-ROR2	gene	RNA	ROR2	0.21028040820034	ok		0
Adult_cHSPCs_Ultima_majority_voting	B	652	mAOC0629	mAOC-TSPAN8	gene	RNA	TSPAN8	0.205835754537071	ok		0
Adult_cHSPCs_Ultima_majority_voting	CLP	506	mAOC0629	mAOC-TSPAN8	gene	RNA	TSPAN8	0.214805267793703	ok		0
Adult_cHSPCs_Ultima_majority_voting	ERYP	440	mAOC0629	mAOC-TSPAN8	gene	RNA	TSPAN8	0.223225984633414	ok		0
Adult_cHSPCs_Ultima_majority_voting	GMP-L	663	mAOC0629	mAOC-TSPAN8	gene	RNA	TSPAN8	0.214419358406153	ok		0
Adult_cHSPCs_Ultima_majority_voting	HSC_MPP	8254	mAOC0629	mAOC-TSPAN8	gene	RNA	TSPAN8	0.235532242970723	ok		0.000713221529394908
Adult_cHSPCs_Ultima_majority_voting	MEBEMP-L	1898	mAOC0629	mAOC-TSPAN8	gene	RNA	TSPAN8	0.184585021114176	ok		0.000210922986993637
Adult_cHSPCs_Ultima_majority_voting	MKP	565	mAOC0629	mAOC-TSPAN8	gene	RNA	TSPAN8	0.268508846647274	ok		0.030686360147731
Adult_cHSPCs_Ultima_majority_voting	Monocyte	195	mAOC0629	mAOC-TSPAN8	gene	RNA	TSPAN8	0.215267289690782	ok		0
Adult_cHSPCs_Ultima_majority_voting	NK/T	116	mAOC0629	mAOC-TSPAN8	gene	RNA	TSPAN8	0.575787737492025	ok		0
Adult_cHSPCs_Ultima_majority_voting	B	652	mAOC0630	mAOC-CD84	gene	RNA	CD84	0.000876639202491821	ok		0.12350638436489
Adult_cHSPCs_Ultima_majority_voting	CLP	506	mAOC0630	mAOC-CD84	gene	RNA	CD84	0	ok		0.0318382426324264
Adult_cHSPCs_Ultima_majority_voting	ERYP	440	mAOC0630	mAOC-CD84	gene	RNA	CD84	0	ok		0.0845344962247249
Adult_cHSPCs_Ultima_majority_voting	GMP-L	663	mAOC0630	mAOC-CD84	gene	RNA	CD84	0	ok		0.0954855477976523
Adult_cHSPCs_Ultima_majority_voting	HSC_MPP	8254	mAOC0630	mAOC-CD84	gene	RNA	CD84	0	ok		0.0300998947327938
Adult_cHSPCs_Ultima_majority_voting	MEBEMP-L	1898	mAOC0630	mAOC-CD84	gene	RNA	CD84	0	ok		0.141006074715328
Adult_cHSPCs_Ultima_majority_voting	MKP	565	mAOC0630	mAOC-CD84	gene	RNA	CD84	0.00112028091343788	ok		0.181140088700859
Adult_cHSPCs_Ultima_majority_voting	Monocyte	195	mAOC0630	mAOC-CD84	gene	RNA	CD84	9.80543499511404e-05	ok		0.0643391328267468
Adult_cHSPCs_Ultima_majority_voting	NK/T	116	mAOC0630	mAOC-CD84	gene	RNA	CD84	0	ok		0
Adult_cHSPCs_Ultima_majority_voting	B	652	mAOC363	mAOC-CD47	gene	RNA	CD47	0.0848888846865492	ok		0.641286325458475
Adult_cHSPCs_Ultima_majority_voting	CLP	506	mAOC363	mAOC-CD47	gene	RNA	CD47	0.131021514549807	ok		0.658449776632907
Adult_cHSPCs_Ultima_majority_voting	ERYP	440	mAOC363	mAOC-CD47	gene	RNA	CD47	0.00596610120332879	ok		0.340104830537263
Adult_cHSPCs_Ultima_majority_voting	GMP-L	663	mAOC363	mAOC-CD47	gene	RNA	CD47	0.0275822088257236	ok		0.340164880035795
Adult_cHSPCs_Ultima_majority_voting	HSC_MPP	8254	mAOC363	mAOC-CD47	gene	RNA	CD47	0.0408490866382771	ok		0.462357743240191
Adult_cHSPCs_Ultima_majority_voting	MEBEMP-L	1898	mAOC363	mAOC-CD47	gene	RNA	CD47	0.0155819293709531	ok		0.265891783799335
Adult_cHSPCs_Ultima_majority_voting	MKP	565	mAOC363	mAOC-CD47	gene	RNA	CD47	0.131625531265897	ok		0.337954533157066
Adult_cHSPCs_Ultima_majority_voting	Monocyte	195	mAOC363	mAOC-CD47	gene	RNA	CD47	0.531079908964158	ok		0.807351300221234
Adult_cHSPCs_Ultima_majority_voting	NK/T	116	mAOC363	mAOC-CD47	gene	RNA	CD47	0.271928363120123	ok		0.458303903497904
Adult_cHSPCs_Ultima_majority_voting	B	652	mAOC365	mAOC-CD29	gene	RNA	ITGB1	0.000476598722409901	ok		0.164746491174182
Adult_cHSPCs_Ultima_majority_voting	CLP	506	mAOC365	mAOC-CD29	gene	RNA	ITGB1	0.000363629977621687	ok		0.5761929133153
Adult_cHSPCs_Ultima_majority_voting	ERYP	440	mAOC365	mAOC-CD29	gene	RNA	ITGB1	0.000445220351731573	ok		0.761965120656073
Adult_cHSPCs_Ultima_majority_voting	GMP-L	663	mAOC365	mAOC-CD29	gene	RNA	ITGB1	0.00127962225362631	ok		0.539779891764078
Adult_cHSPCs_Ultima_majority_voting	HSC_MPP	8254	mAOC365	mAOC-CD29	gene	RNA	ITGB1	0.000268436433745375	ok		0.616215084155865
Adult_cHSPCs_Ultima_majority_voting	MEBEMP-L	1898	mAOC365	mAOC-CD29	gene	RNA	ITGB1	0.000289231908700468	ok		0.711555732107452
Adult_cHSPCs_Ultima_majority_voting	MKP	565	mAOC365	mAOC-CD29	gene	RNA	ITGB1	0.00114318616521688	ok		0.782472619910113
Adult_cHSPCs_Ultima_majority_voting	Monocyte	195	mAOC365	mAOC-CD29	gene	RNA	ITGB1	0.000184053352931346	ok		1.18645636112719
Adult_cHSPCs_Ultima_majority_voting	NK/T	116	mAOC365	mAOC-CD29	gene	RNA	ITGB1	0	ok		0.177537809722289
Adult_cHSPCs_Ultima_majority_voting	B	652	mAOC366	mAOC-CD244	gene	RNA	CD244	0.0100926903619022	ok		0.00328959166051399
Adult_cHSPCs_Ultima_majority_voting	CLP	506	mAOC366	mAOC-CD244	gene	RNA	CD244	0.825036544454445	ok		0.130370033191762
Adult_cHSPCs_Ultima_majority_voting	ERYP	440	mAOC366	mAOC-CD244	gene	RNA	CD244	0.106414588536144	ok		0.0198785840988641
Adult_cHSPCs_Ultima_majority_voting	GMP-L	663	mAOC366	mAOC-CD244	gene	RNA	CD244	0.487623999078582	ok		0.0861540920074808
Adult_cHSPCs_Ultima_majority_voting	HSC_MPP	8254	mAOC366	mAOC-CD244	gene	RNA	CD244	0.687658137835415	ok		0.0813523760361923
Adult_cHSPCs_Ultima_majority_voting	MEBEMP-L	1898	mAOC366	mAOC-CD244	gene	RNA	CD244	0.12098079119667	ok		0.0183981124104196
Adult_cHSPCs_Ultima_majority_voting	MKP	565	mAOC366	mAOC-CD244	gene	RNA	CD244	0.251360202910669	ok		0.042126503173188
Adult_cHSPCs_Ultima_majority_voting	Monocyte	195	mAOC366	mAOC-CD244	gene	RNA	CD244	0.147177638139818	ok		0
Adult_cHSPCs_Ultima_majority_voting	NK/T	116	mAOC366	mAOC-CD244	gene	RNA	CD244	0.171055790851466	ok		0.0705781262144337
Adult_cHSPCs_Ultima_majority_voting	B	652	mAOC373	mAOC-CD81	gene	RNA	CD81	0.0754560208235193	ok		0.0649865431090678
Adult_cHSPCs_Ultima_majority_voting	CLP	506	mAOC373	mAOC-CD81	gene	RNA	CD81	0.0958118050953912	ok		0.0585988868724608
Adult_cHSPCs_Ultima_majority_voting	ERYP	440	mAOC373	mAOC-CD81	gene	RNA	CD81	0.0237018075827254	ok		0.0830511944645406
Adult_cHSPCs_Ultima_majority_voting	GMP-L	663	mAOC373	mAOC-CD81	gene	RNA	CD81	0.0422477543363595	ok		0.132876534479163
Adult_cHSPCs_Ultima_majority_voting	HSC_MPP	8254	mAOC373	mAOC-CD81	gene	RNA	CD81	0.0698391618069362	ok		0.0748599294459475
Adult_cHSPCs_Ultima_majority_voting	MEBEMP-L	1898	mAOC373	mAOC-CD81	gene	RNA	CD81	0.0358253339310893	ok		0.0846578965535053
Adult_cHSPCs_Ultima_majority_voting	MKP	565	mAOC373	mAOC-CD81	gene	RNA	CD81	0.109689462512493	ok		0.0565749194990196
Adult_cHSPCs_Ultima_majority_voting	Monocyte	195	mAOC373	mAOC-CD81	gene	RNA	CD81	0.109165308727515	ok		0.0571758430323691
Adult_cHSPCs_Ultima_majority_voting	NK/T	116	mAOC373	mAOC-CD81	gene	RNA	CD81	0.562109903098337	ok		0.114974785040454
Adult_cHSPCs_Ultima_majority_voting	B	652	mAOC374	mAOC-CD32	gene	RNA	FCGR2A	0.00751909653226423	ok		0
Adult_cHSPCs_Ultima_majority_voting	CLP	506	mAOC374	mAOC-CD32	gene	RNA	FCGR2A	0	ok		0.0151017482793708
Adult_cHSPCs_Ultima_majority_voting	ERYP	440	mAOC374	mAOC-CD32	gene	RNA	FCGR2A	0	ok		0.305452830265815
Adult_cHSPCs_Ultima_majority_voting	GMP-L	663	mAOC374	mAOC-CD32	gene	RNA	FCGR2A	0.0010197063779519	ok		0.0993545330223029
Adult_cHSPCs_Ultima_majority_voting	HSC_MPP	8254	mAOC374	mAOC-CD32	gene	RNA	FCGR2A	0.000682038121745209	ok		0.0669786038259386
Adult_cHSPCs_Ultima_majority_voting	MEBEMP-L	1898	mAOC374	mAOC-CD32	gene	RNA	FCGR2A	0.00570935843207864	ok		0.267387833483976
Adult_cHSPCs_Ultima_majority_voting	MKP	565	mAOC374	mAOC-CD32	gene	RNA	FCGR2A	0.00897729623457723	ok		0.509520327687246
Adult_cHSPCs_Ultima_majority_voting	Monocyte	195	mAOC374	mAOC-CD32	gene	RNA	FCGR2A	0	ok		0.298107965203267
Adult_cHSPCs_Ultima_majority_voting	NK/T	116	mAOC374	mAOC-CD32	gene	RNA	FCGR2A	0.0114782231404809	ok		0
Adult_cHSPCs_Ultima_majority_voting	B	652	mAOC375	mAOC-CD162	gene	RNA	SELPLG	0	ok		0.0345236559368153
Adult_cHSPCs_Ultima_majority_voting	CLP	506	mAOC375	mAOC-CD162	gene	RNA	SELPLG	0	ok		0.0623433303989915
Adult_cHSPCs_Ultima_majority_voting	ERYP	440	mAOC375	mAOC-CD162	gene	RNA	SELPLG	0	ok		0.032241200280998
Adult_cHSPCs_Ultima_majority_voting	GMP-L	663	mAOC375	mAOC-CD162	gene	RNA	SELPLG	0.00075474092334381	ok		0.0415267203275874
Adult_cHSPCs_Ultima_majority_voting	HSC_MPP	8254	mAOC375	mAOC-CD162	gene	RNA	SELPLG	0.000555862482680067	ok		0.0195209149836125
Adult_cHSPCs_Ultima_majority_voting	MEBEMP-L	1898	mAOC375	mAOC-CD162	gene	RNA	SELPLG	0	ok		0.0156760295647185
Adult_cHSPCs_Ultima_majority_voting	MKP	565	mAOC375	mAOC-CD162	gene	RNA	SELPLG	0	ok		0.0513748021411263
Adult_cHSPCs_Ultima_majority_voting	Monocyte	195	mAOC375	mAOC-CD162	gene	RNA	SELPLG	0	ok		0.0579602359594347
Adult_cHSPCs_Ultima_majority_voting	NK/T	116	mAOC375	mAOC-CD162	gene	RNA	SELPLG	0	ok		0.267965754807475
Adult_cHSPCs_Ultima_majority_voting	B	652	mAOC376	mAOC-CD357	gene	RNA	TNFRSF18	0.00358835206970362	ok		0.140113753049464
Adult_cHSPCs_Ultima_majority_voting	CLP	506	mAOC376	mAOC-CD357	gene	RNA	TNFRSF18	0.00141938009468819	ok		0.12605251623245
Adult_cHSPCs_Ultima_majority_voting	ERYP	440	mAOC376	mAOC-CD357	gene	RNA	TNFRSF18	0.00170122193078441	ok		0.0289912669098957
Adult_cHSPCs_Ultima_majority_voting	GMP-L	663	mAOC376	mAOC-CD357	gene	RNA	TNFRSF18	0.00433016661473886	ok		0.0682650020192008
Adult_cHSPCs_Ultima_majority_voting	HSC_MPP	8254	mAOC376	mAOC-CD357	gene	RNA	TNFRSF18	0.00121292472117244	ok		0.0893080089764204
Adult_cHSPCs_Ultima_majority_voting	MEBEMP-L	1898	mAOC376	mAOC-CD357	gene	RNA	TNFRSF18	0.0014457185919246	ok		0.0525551435887014
Adult_cHSPCs_Ultima_majority_voting	MKP	565	mAOC376	mAOC-CD357	gene	RNA	TNFRSF18	0.00367344603994065	ok		0.0129488923001248
Adult_cHSPCs_Ultima_majority_voting	Monocyte	195	mAOC376	mAOC-CD357	gene	RNA	TNFRSF18	0.0023485485736185	ok		0
Adult_cHSPCs_Ultima_majority_voting	NK/T	116	mAOC376	mAOC-CD357	gene	RNA	TNFRSF18	0.00865683585367831	ok		0.0554704640625543
Adult_cHSPCs_Ultima_majority_voting	B	652	mAOC377	mAOC-CD326	gene	RNA	EPCAM	0	ok		0
Adult_cHSPCs_Ultima_majority_voting	CLP	506	mAOC377	mAOC-CD326	gene	RNA	EPCAM	0	ok		0.0223364259207404
Adult_cHSPCs_Ultima_majority_voting	ERYP	440	mAOC377	mAOC-CD326	gene	RNA	EPCAM	0	ok		0.610005132455264
Adult_cHSPCs_Ultima_majority_voting	GMP-L	663	mAOC377	mAOC-CD326	gene	RNA	EPCAM	0	ok		0.213941981271943
Adult_cHSPCs_Ultima_majority_voting	HSC_MPP	8254	mAOC377	mAOC-CD326	gene	RNA	EPCAM	0.000531585465792752	ok		0.112494962897672
Adult_cHSPCs_Ultima_majority_voting	MEBEMP-L	1898	mAOC377	mAOC-CD326	gene	RNA	EPCAM	0.000332826940550924	ok		0.253993635705662
Adult_cHSPCs_Ultima_majority_voting	MKP	565	mAOC377	mAOC-CD326	gene	RNA	EPCAM	0	ok		0.250197489105575
Adult_cHSPCs_Ultima_majority_voting	Monocyte	195	mAOC377	mAOC-CD326	gene	RNA	EPCAM	0.00508287025360188	ok		0
Adult_cHSPCs_Ultima_majority_voting	NK/T	116	mAOC377	mAOC-CD326	gene	RNA	EPCAM	0	ok		0
Adult_cHSPCs_Ultima_majority_voting	B	652	mAOC378	mAOC-TGFBI	gene	RNA	TGFBI	0.0529960657710603	ok		0.00176008146604879
Adult_cHSPCs_Ultima_majority_voting	CLP	506	mAOC378	mAOC-TGFBI	gene	RNA	TGFBI	0.00495949366309535	ok		0.0469054177316549
Adult_cHSPCs_Ultima_majority_voting	ERYP	440	mAOC378	mAOC-TGFBI	gene	RNA	TGFBI	0.00535233456922429	ok		0
Adult_cHSPCs_Ultima_majority_voting	GMP-L	663	mAOC378	mAOC-TGFBI	gene	RNA	TGFBI	0.00492262375842189	ok		0.00262926429346977
Adult_cHSPCs_Ultima_majority_voting	HSC_MPP	8254	mAOC378	mAOC-TGFBI	gene	RNA	TGFBI	0.0025046647787727	ok		0.000105699846558757
Adult_cHSPCs_Ultima_majority_voting	MEBEMP-L	1898	mAOC378	mAOC-TGFBI	gene	RNA	TGFBI	0.00287222993062682	ok		0
Adult_cHSPCs_Ultima_majority_voting	MKP	565	mAOC378	mAOC-TGFBI	gene	RNA	TGFBI	0.0111673726363999	ok		0
Adult_cHSPCs_Ultima_majority_voting	Monocyte	195	mAOC378	mAOC-TGFBI	gene	RNA	TGFBI	0.0182622263682179	ok		0.119860018558372
Adult_cHSPCs_Ultima_majority_voting	NK/T	116	mAOC378	mAOC-TGFBI	gene	RNA	TGFBI	0.114028937903547	ok		0
Adult_cHSPCs_Ultima_majority_voting	B	652	mAOC379	mAOC-CD68	gene	RNA	CD68	0	ok		0.0251117420214351
Adult_cHSPCs_Ultima_majority_voting	CLP	506	mAOC379	mAOC-CD68	gene	RNA	CD68	0	ok		0.219698109860909
Adult_cHSPCs_Ultima_majority_voting	ERYP	440	mAOC379	mAOC-CD68	gene	RNA	CD68	0	ok		0.0449128569297865
Adult_cHSPCs_Ultima_majority_voting	GMP-L	663	mAOC379	mAOC-CD68	gene	RNA	CD68	0	ok		0.0656191220925873
Adult_cHSPCs_Ultima_majority_voting	HSC_MPP	8254	mAOC379	mAOC-CD68	gene	RNA	CD68	0.000240743590903806	ok		0.0473167147375431
Adult_cHSPCs_Ultima_majority_voting	MEBEMP-L	1898	mAOC379	mAOC-CD68	gene	RNA	CD68	0	ok		0.0667720254927709
Adult_cHSPCs_Ultima_majority_voting	MKP	565	mAOC379	mAOC-CD68	gene	RNA	CD68	0	ok		0.166873615777335
Adult_cHSPCs_Ultima_majority_voting	Monocyte	195	mAOC379	mAOC-CD68	gene	RNA	CD68	0	ok		0.965938820594598
Adult_cHSPCs_Ultima_majority_voting	NK/T	116	mAOC379	mAOC-CD68	gene	RNA	CD68	0	ok		0
Adult_cHSPCs_Ultima_majority_voting	B	652	mAOC381	mAOC-CD102	gene	RNA	ICAM2	0	ok		0.254929892509713
Adult_cHSPCs_Ultima_majority_voting	CLP	506	mAOC381	mAOC-CD102	gene	RNA	ICAM2	0	ok		0.0972184437030407
Adult_cHSPCs_Ultima_majority_voting	ERYP	440	mAOC381	mAOC-CD102	gene	RNA	ICAM2	0	ok		0.45617897292563
Adult_cHSPCs_Ultima_majority_voting	GMP-L	663	mAOC381	mAOC-CD102	gene	RNA	ICAM2	0	ok		0.293749694902293
Adult_cHSPCs_Ultima_majority_voting	HSC_MPP	8254	mAOC381	mAOC-CD102	gene	RNA	ICAM2	0.000291102822114245	ok		0.201575609959618
Adult_cHSPCs_Ultima_majority_voting	MEBEMP-L	1898	mAOC381	mAOC-CD102	gene	RNA	ICAM2	2.31122725532352e-05	ok		0.361388916579506
Adult_cHSPCs_Ultima_majority_voting	MKP	565	mAOC381	mAOC-CD102	gene	RNA	ICAM2	0	ok		0.380497828296274
Adult_cHSPCs_Ultima_majority_voting	Monocyte	195	mAOC381	mAOC-CD102	gene	RNA	ICAM2	0	ok		0.0180584028547113
Adult_cHSPCs_Ultima_majority_voting	NK/T	116	mAOC381	mAOC-CD102	gene	RNA	ICAM2	0	ok		0.159576217568535
Adult_cHSPCs_Ultima_majority_voting	B	652	mAOC382	mAOC-TIGIT	gene	RNA	TIGIT	0.00841674487062876	ok		0.0265944486424142
Adult_cHSPCs_Ultima_majority_voting	CLP	506	mAOC382	mAOC-TIGIT	gene	RNA	TIGIT	0.00313719747909699	ok		0.0109987775470626
Adult_cHSPCs_Ultima_majority_voting	ERYP	440	mAOC382	mAOC-TIGIT	gene	RNA	TIGIT	0.00358575322116017	ok		0.000986494586290153
Adult_cHSPCs_Ultima_majority_voting	GMP-L	663	mAOC382	mAOC-TIGIT	gene	RNA	TIGIT	0.00609267248863196	ok		0
Adult_cHSPCs_Ultima_majority_voting	HSC_MPP	8254	mAOC382	mAOC-TIGIT	gene	RNA	TIGIT	0.00426108031478068	ok		0.00127854209200604
Adult_cHSPCs_Ultima_majority_voting	MEBEMP-L	1898	mAOC382	mAOC-TIGIT	gene	RNA	TIGIT	0.00628637394888674	ok		0.000540158393661353
Adult_cHSPCs_Ultima_majority_voting	MKP	565	mAOC382	mAOC-TIGIT	gene	RNA	TIGIT	0.014783118300228	ok		0
Adult_cHSPCs_Ultima_majority_voting	Monocyte	195	mAOC382	mAOC-TIGIT	gene	RNA	TIGIT	0.0359434834785175	ok		0
Adult_cHSPCs_Ultima_majority_voting	NK/T	116	mAOC382	mAOC-TIGIT	gene	RNA	TIGIT	0.0531371895423408	ok		0.0700087839516749
Adult_cHSPCs_Ultima_majority_voting	B	652	mAOC383	mAOC-CD146	gene	RNA	MCAM	0.011585191887507	ok		0
Adult_cHSPCs_Ultima_majority_voting	CLP	506	mAOC383	mAOC-CD146	gene	RNA	MCAM	0.00555975059427516	ok		0.00184471741920384
Adult_cHSPCs_Ultima_majority_voting	ERYP	440	mAOC383	mAOC-CD146	gene	RNA	MCAM	0.00699851577959772	ok		0
Adult_cHSPCs_Ultima_majority_voting	GMP-L	663	mAOC383	mAOC-CD146	gene	RNA	MCAM	0.00998320502646871	ok		0.000878638823798821
Adult_cHSPCs_Ultima_majority_voting	HSC_MPP	8254	mAOC383	mAOC-CD146	gene	RNA	MCAM	0.00751763119054788	ok		0.00185168665130253
Adult_cHSPCs_Ultima_majority_voting	MEBEMP-L	1898	mAOC383	mAOC-CD146	gene	RNA	MCAM	0.00782437968068152	ok		0.000248197380071614
Adult_cHSPCs_Ultima_majority_voting	MKP	565	mAOC383	mAOC-CD146	gene	RNA	MCAM	0.017294058515622	ok		0.00583968905434368
Adult_cHSPCs_Ultima_majority_voting	Monocyte	195	mAOC383	mAOC-CD146	gene	RNA	MCAM	0.00897873791764422	ok		0
Adult_cHSPCs_Ultima_majority_voting	NK/T	116	mAOC383	mAOC-CD146	gene	RNA	MCAM	0.0443051715010593	ok		0
Adult_cHSPCs_Ultima_majority_voting	B	652	mAOC384	mAOC-CD158b2	gene	RNA	KIR2DL3	0	ok		0
Adult_cHSPCs_Ultima_majority_voting	CLP	506	mAOC384	mAOC-CD158b2	gene	RNA	KIR2DL3	7.53696389795627e-05	ok		0
Adult_cHSPCs_Ultima_majority_voting	ERYP	440	mAOC384	mAOC-CD158b2	gene	RNA	KIR2DL3	0	ok		0
Adult_cHSPCs_Ultima_majority_voting	GMP-L	663	mAOC384	mAOC-CD158b2	gene	RNA	KIR2DL3	0	ok		0
Adult_cHSPCs_Ultima_majority_voting	HSC_MPP	8254	mAOC384	mAOC-CD158b2	gene	RNA	KIR2DL3	0.000176471405407709	ok		7.13310054170538e-05
Adult_cHSPCs_Ultima_majority_voting	MEBEMP-L	1898	mAOC384	mAOC-CD158b2	gene	RNA	KIR2DL3	0	ok		0
Adult_cHSPCs_Ultima_majority_voting	MKP	565	mAOC384	mAOC-CD158b2	gene	RNA	KIR2DL3	0	ok		0
Adult_cHSPCs_Ultima_majority_voting	Monocyte	195	mAOC384	mAOC-CD158b2	gene	RNA	KIR2DL3	0	ok		0
Adult_cHSPCs_Ultima_majority_voting	NK/T	116	mAOC384	mAOC-CD158b2	gene	RNA	KIR2DL3	0	ok		0.0277048382027079
Adult_cHSPCs_Ultima_majority_voting	B	652	mAOC386	mAOC-CD85j	gene	RNA	LILRB1	0.000576157879564363	ok		0.140301815464055
Adult_cHSPCs_Ultima_majority_voting	CLP	506	mAOC386	mAOC-CD85j	gene	RNA	LILRB1	0.00018613978038675	ok		0.0704043366706997
Adult_cHSPCs_Ultima_majority_voting	ERYP	440	mAOC386	mAOC-CD85j	gene	RNA	LILRB1	0	ok		0
Adult_cHSPCs_Ultima_majority_voting	GMP-L	663	mAOC386	mAOC-CD85j	gene	RNA	LILRB1	0.000293520973729261	ok		0.00348567613124139
Adult_cHSPCs_Ultima_majority_voting	HSC_MPP	8254	mAOC386	mAOC-CD85j	gene	RNA	LILRB1	0.000578477874530682	ok		0.00252770192415577
Adult_cHSPCs_Ultima_majority_voting	MEBEMP-L	1898	mAOC386	mAOC-CD85j	gene	RNA	LILRB1	0.000223283020513388	ok		0
Adult_cHSPCs_Ultima_majority_voting	MKP	565	mAOC386	mAOC-CD85j	gene	RNA	LILRB1	0.000377631296111346	ok		0.0121242809401673
Adult_cHSPCs_Ultima_majority_voting	Monocyte	195	mAOC386	mAOC-CD85j	gene	RNA	LILRB1	8.59990029802055e-05	ok		0.770163093205367
Adult_cHSPCs_Ultima_majority_voting	NK/T	116	mAOC386	mAOC-CD85j	gene	RNA	LILRB1	0	ok		0.038507175725875
Adult_cHSPCs_Ultima_majority_voting	B	652	mAOC387	mAOC-CD119	gene	RNA	IFNGR1	1.48050852289708	ok		0.484417231736682
Adult_cHSPCs_Ultima_majority_voting	CLP	506	mAOC387	mAOC-CD119	gene	RNA	IFNGR1	1.70717077959533	ok		0.332786437411724
Adult_cHSPCs_Ultima_majority_voting	ERYP	440	mAOC387	mAOC-CD119	gene	RNA	IFNGR1	1.32905834343428	ok		0.217196765046467
Adult_cHSPCs_Ultima_majority_voting	GMP-L	663	mAOC387	mAOC-CD119	gene	RNA	IFNGR1	1.92046978459872	ok		0.262052372642971
Adult_cHSPCs_Ultima_majority_voting	HSC_MPP	8254	mAOC387	mAOC-CD119	gene	RNA	IFNGR1	2.07700295964295	ok		0.349868469111241
Adult_cHSPCs_Ultima_majority_voting	MEBEMP-L	1898	mAOC387	mAOC-CD119	gene	RNA	IFNGR1	1.80618110785607	ok		0.276857187223369
Adult_cHSPCs_Ultima_majority_voting	MKP	565	mAOC387	mAOC-CD119	gene	RNA	IFNGR1	1.52874663243842	ok		0.239480671393865
Adult_cHSPCs_Ultima_majority_voting	Monocyte	195	mAOC387	mAOC-CD119	gene	RNA	IFNGR1	1.41472601266661	ok		0.470542344927252
Adult_cHSPCs_Ultima_majority_voting	NK/T	116	mAOC387	mAOC-CD119	gene	RNA	IFNGR1	1.03620425582332	ok		0.24137743085821
Adult_cHSPCs_Ultima_majority_voting	B	652	mAOC388	mAOC-CD305	gene	RNA	LAIR1	0	ok		0.0257785476641752
Adult_cHSPCs_Ultima_majority_voting	CLP	506	mAOC388	mAOC-CD305	gene	RNA	LAIR1	0	ok		0.192310512054534
Adult_cHSPCs_Ultima_majority_voting	ERYP	440	mAOC388	mAOC-CD305	gene	RNA	LAIR1	0	ok		0.0218647348437462
Adult_cHSPCs_Ultima_majority_voting	GMP-L	663	mAOC388	mAOC-CD305	gene	RNA	LAIR1	0	ok		0.114888215017998
Adult_cHSPCs_Ultima_majority_voting	HSC_MPP	8254	mAOC388	mAOC-CD305	gene	RNA	LAIR1	4.61668382356726e-05	ok		0.0909116108295287
Adult_cHSPCs_Ultima_majority_voting	MEBEMP-L	1898	mAOC388	mAOC-CD305	gene	RNA	LAIR1	0	ok		0.0102545366638876
Adult_cHSPCs_Ultima_majority_voting	MKP	565	mAOC388	mAOC-CD305	gene	RNA	LAIR1	0	ok		0.0475127948598062
Adult_cHSPCs_Ultima_majority_voting	Monocyte	195	mAOC388	mAOC-CD305	gene	RNA	LAIR1	0	ok		0.444384931009093
Adult_cHSPCs_Ultima_majority_voting	NK/T	116	mAOC388	mAOC-CD305	gene	RNA	LAIR1	0	ok		0.303917080687911
Adult_cHSPCs_Ultima_majority_voting	B	652	mAOC391	mAOC-CD304	gene	RNA	NRP1	0	ok		0.000970655555227983
Adult_cHSPCs_Ultima_majority_voting	CLP	506	mAOC391	mAOC-CD304	gene	RNA	NRP1	0	ok		0.145110811981517
Adult_cHSPCs_Ultima_majority_voting	ERYP	440	mAOC391	mAOC-CD304	gene	RNA	NRP1	0	ok		0.120660757217445
Adult_cHSPCs_Ultima_majority_voting	GMP-L	663	mAOC391	mAOC-CD304	gene	RNA	NRP1	0	ok		0.110770089422436
Adult_cHSPCs_Ultima_majority_voting	HSC_MPP	8254	mAOC391	mAOC-CD304	gene	RNA	NRP1	0.000967474071196091	ok		0.0643145240397178
Adult_cHSPCs_Ultima_majority_voting	MEBEMP-L	1898	mAOC391	mAOC-CD304	gene	RNA	NRP1	0.00347142063205101	ok		0.13379661120765
Adult_cHSPCs_Ultima_majority_voting	MKP	565	mAOC391	mAOC-CD304	gene	RNA	NRP1	0	ok		0.104767016587712
Adult_cHSPCs_Ultima_majority_voting	Monocyte	195	mAOC391	mAOC-CD304	gene	RNA	NRP1	0.000184053352931346	ok		0.704297885881982
Adult_cHSPCs_Ultima_majority_voting	NK/T	116	mAOC391	mAOC-CD304	gene	RNA	NRP1	0	ok		0
Adult_cHSPCs_Ultima_majority_voting	B	652	mAOC392	mAOC-CD352	gene	RNA	SLAMF6	0	ok		0.110288633601007
Adult_cHSPCs_Ultima_majority_voting	CLP	506	mAOC392	mAOC-CD352	gene	RNA	SLAMF6	0.00220844209422234	ok		0
Adult_cHSPCs_Ultima_majority_voting	ERYP	440	mAOC392	mAOC-CD352	gene	RNA	SLAMF6	0	ok		0.00348860148478701
Adult_cHSPCs_Ultima_majority_voting	GMP-L	663	mAOC392	mAOC-CD352	gene	RNA	SLAMF6	0	ok		0.00694993431460861
Adult_cHSPCs_Ultima_majority_voting	HSC_MPP	8254	mAOC392	mAOC-CD352	gene	RNA	SLAMF6	0.00014996289089454	ok		0.00148754970197869
Adult_cHSPCs_Ultima_majority_voting	MEBEMP-L	1898	mAOC392	mAOC-CD352	gene	RNA	SLAMF6	0	ok		0.00199780296228158
Adult_cHSPCs_Ultima_majority_voting	MKP	565	mAOC392	mAOC-CD352	gene	RNA	SLAMF6	0.00225531062184367	ok		0.00482104625011095
Adult_cHSPCs_Ultima_majority_voting	Monocyte	195	mAOC392	mAOC-CD352	gene	RNA	SLAMF6	0.00404609490285185	ok		0
Adult_cHSPCs_Ultima_majority_voting	NK/T	116	mAOC392	mAOC-CD352	gene	RNA	SLAMF6	0	ok		0.0507515791571646
Adult_cHSPCs_Ultima_majority_voting	B	652	mAOC411	mAOC-CD122	gene	RNA	IL2RB	0.038023470817713	ok		0
Adult_cHSPCs_Ultima_majority_voting	CLP	506	mAOC411	mAOC-CD122	gene	RNA	IL2RB	0.356245400919701	ok		0.00442839238833756
Adult_cHSPCs_Ultima_majority_voting	ERYP	440	mAOC411	mAOC-CD122	gene	RNA	IL2RB	0.00451877580198372	ok		0.00200709197654486
Adult_cHSPCs_Ultima_majority_voting	GMP-L	663	mAOC411	mAOC-CD122	gene	RNA	IL2RB	0.031836263688618	ok		0.00281584113705669
Adult_cHSPCs_Ultima_majority_voting	HSC_MPP	8254	mAOC411	mAOC-CD122	gene	RNA	IL2RB	0.0511256092054093	ok		0.0147917755582867
Adult_cHSPCs_Ultima_majority_voting	MEBEMP-L	1898	mAOC411	mAOC-CD122	gene	RNA	IL2RB	0.0137353463249499	ok		0.0106820898234128
Adult_cHSPCs_Ultima_majority_voting	MKP	565	mAOC411	mAOC-CD122	gene	RNA	IL2RB	0.0370753240420306	ok		0.0112225250892232
Adult_cHSPCs_Ultima_majority_voting	Monocyte	195	mAOC411	mAOC-CD122	gene	RNA	IL2RB	0.0732916154130137	ok		0
Adult_cHSPCs_Ultima_majority_voting	NK/T	116	mAOC411	mAOC-CD122	gene	RNA	IL2RB	0.396815353638225	ok		0.141788689851176
Adult_cHSPCs_Ultima_majority_voting	B	652	mAOC413	mAOC-CD116	gene	RNA	CSF2RA	0.139076693693882	ok		0.00282320175757413
Adult_cHSPCs_Ultima_majority_voting	CLP	506	mAOC413	mAOC-CD116	gene	RNA	CSF2RA	0.800351126084645	ok		0.236071864999157
Adult_cHSPCs_Ultima_majority_voting	ERYP	440	mAOC413	mAOC-CD116	gene	RNA	CSF2RA	0.12564849355145	ok		0.0569480613642155
Adult_cHSPCs_Ultima_majority_voting	GMP-L	663	mAOC413	mAOC-CD116	gene	RNA	CSF2RA	0.217343700785497	ok		0.139763745102971
Adult_cHSPCs_Ultima_majority_voting	HSC_MPP	8254	mAOC413	mAOC-CD116	gene	RNA	CSF2RA	0.154437871339332	ok		0.0765656042009544
Adult_cHSPCs_Ultima_majority_voting	MEBEMP-L	1898	mAOC413	mAOC-CD116	gene	RNA	CSF2RA	0.098765567479324	ok		0.0668448621170372
Adult_cHSPCs_Ultima_majority_voting	MKP	565	mAOC413	mAOC-CD116	gene	RNA	CSF2RA	0.124062568307284	ok		0.0575606199924055
Adult_cHSPCs_Ultima_majority_voting	Monocyte	195	mAOC413	mAOC-CD116	gene	RNA	CSF2RA	2.93831365308018	ok		0.673653005094455
Adult_cHSPCs_Ultima_majority_voting	NK/T	116	mAOC413	mAOC-CD116	gene	RNA	CSF2RA	0.382427766227591	ok		0
Adult_cHSPCs_Ultima_majority_voting	B	652	mAOC415	mAOC-CD158b1	gene	RNA	KIR2DL2	0.0684382117322673	missing_validation_feature	Feature not found in RNA: KIR2DL2	NA
Adult_cHSPCs_Ultima_majority_voting	CLP	506	mAOC415	mAOC-CD158b1	gene	RNA	KIR2DL2	0.0409504794702836	missing_validation_feature	Feature not found in RNA: KIR2DL2	NA
Adult_cHSPCs_Ultima_majority_voting	ERYP	440	mAOC415	mAOC-CD158b1	gene	RNA	KIR2DL2	0.00918085893267378	missing_validation_feature	Feature not found in RNA: KIR2DL2	NA
Adult_cHSPCs_Ultima_majority_voting	GMP-L	663	mAOC415	mAOC-CD158b1	gene	RNA	KIR2DL2	0.0295256504296505	missing_validation_feature	Feature not found in RNA: KIR2DL2	NA
Adult_cHSPCs_Ultima_majority_voting	HSC_MPP	8254	mAOC415	mAOC-CD158b1	gene	RNA	KIR2DL2	0.0260074475240175	missing_validation_feature	Feature not found in RNA: KIR2DL2	NA
Adult_cHSPCs_Ultima_majority_voting	MEBEMP-L	1898	mAOC415	mAOC-CD158b1	gene	RNA	KIR2DL2	0.0178343088405033	missing_validation_feature	Feature not found in RNA: KIR2DL2	NA
Adult_cHSPCs_Ultima_majority_voting	MKP	565	mAOC415	mAOC-CD158b1	gene	RNA	KIR2DL2	0.0318754081876023	missing_validation_feature	Feature not found in RNA: KIR2DL2	NA
Adult_cHSPCs_Ultima_majority_voting	Monocyte	195	mAOC415	mAOC-CD158b1	gene	RNA	KIR2DL2	0.187945337165478	missing_validation_feature	Feature not found in RNA: KIR2DL2	NA
Adult_cHSPCs_Ultima_majority_voting	NK/T	116	mAOC415	mAOC-CD158b1	gene	RNA	KIR2DL2	0.363549375562469	missing_validation_feature	Feature not found in RNA: KIR2DL2	NA
Adult_cHSPCs_Ultima_majority_voting	B	652	mAOC416	mAOC-CD278	gene	RNA	ICOS	0.0207698710944423	ok		0
Adult_cHSPCs_Ultima_majority_voting	CLP	506	mAOC416	mAOC-CD278	gene	RNA	ICOS	0.0208830473342175	ok		0.00446244538519022
Adult_cHSPCs_Ultima_majority_voting	ERYP	440	mAOC416	mAOC-CD278	gene	RNA	ICOS	0.00763941614433771	ok		0.00827425718717814
Adult_cHSPCs_Ultima_majority_voting	GMP-L	663	mAOC416	mAOC-CD278	gene	RNA	ICOS	0.013610989313849	ok		0.000664534442783202
Adult_cHSPCs_Ultima_majority_voting	HSC_MPP	8254	mAOC416	mAOC-CD278	gene	RNA	ICOS	0.0141145726025892	ok		0.00598888142448068
Adult_cHSPCs_Ultima_majority_voting	MEBEMP-L	1898	mAOC416	mAOC-CD278	gene	RNA	ICOS	0.0094384701876224	ok		0.00545507900295283
Adult_cHSPCs_Ultima_majority_voting	MKP	565	mAOC416	mAOC-CD278	gene	RNA	ICOS	0.0180304140780621	ok		0.00649194386787207
Adult_cHSPCs_Ultima_majority_voting	Monocyte	195	mAOC416	mAOC-CD278	gene	RNA	ICOS	0.137868250338803	ok		0
Adult_cHSPCs_Ultima_majority_voting	NK/T	116	mAOC416	mAOC-CD278	gene	RNA	ICOS	0.145965065244835	ok		0.257931538457387
Adult_cHSPCs_Ultima_majority_voting	B	652	mAOC417	mAOC-CD18	gene	RNA	ITGB2	2.77082416372267	ok		0.153981180673735
Adult_cHSPCs_Ultima_majority_voting	CLP	506	mAOC417	mAOC-CD18	gene	RNA	ITGB2	4.15085764539536	ok		0.380602566025376
Adult_cHSPCs_Ultima_majority_voting	ERYP	440	mAOC417	mAOC-CD18	gene	RNA	ITGB2	1.04540886932037	ok		0.158929914647172
Adult_cHSPCs_Ultima_majority_voting	GMP-L	663	mAOC417	mAOC-CD18	gene	RNA	ITGB2	2.45367461141606	ok		0.249324293386868
Adult_cHSPCs_Ultima_majority_voting	HSC_MPP	8254	mAOC417	mAOC-CD18	gene	RNA	ITGB2	2.59462615324285	ok		0.198468895916166
Adult_cHSPCs_Ultima_majority_voting	MEBEMP-L	1898	mAOC417	mAOC-CD18	gene	RNA	ITGB2	0.88993447727311	ok		0.120882168502378
Adult_cHSPCs_Ultima_majority_voting	MKP	565	mAOC417	mAOC-CD18	gene	RNA	ITGB2	1.37668428519059	ok		0.156429024635642
Adult_cHSPCs_Ultima_majority_voting	Monocyte	195	mAOC417	mAOC-CD18	gene	RNA	ITGB2	4.43003999911278	ok		0.914230812843369
Adult_cHSPCs_Ultima_majority_voting	NK/T	116	mAOC417	mAOC-CD18	gene	RNA	ITGB2	2.29021174310473	ok		0.327507339577399
Adult_cHSPCs_Ultima_majority_voting	B	652	mAOC419	mAOC-CD11a	gene	RNA	ITGAL	2.36996020200169	ok		0.0650973947656252
Adult_cHSPCs_Ultima_majority_voting	CLP	506	mAOC419	mAOC-CD11a	gene	RNA	ITGAL	3.78164675565779	ok		0.432568311833491
Adult_cHSPCs_Ultima_majority_voting	ERYP	440	mAOC419	mAOC-CD11a	gene	RNA	ITGAL	0.573833280485788	ok		0.0190217840198917
Adult_cHSPCs_Ultima_majority_voting	GMP-L	663	mAOC419	mAOC-CD11a	gene	RNA	ITGAL	2.07198950275614	ok		0.212708142262064
Adult_cHSPCs_Ultima_majority_voting	HSC_MPP	8254	mAOC419	mAOC-CD11a	gene	RNA	ITGAL	2.16702367875897	ok		0.0811737803398781
Adult_cHSPCs_Ultima_majority_voting	MEBEMP-L	1898	mAOC419	mAOC-CD11a	gene	RNA	ITGAL	0.535438112538585	ok		0.00720615432096097
Adult_cHSPCs_Ultima_majority_voting	MKP	565	mAOC419	mAOC-CD11a	gene	RNA	ITGAL	0.998458488922969	ok		0.0298720618206625
Adult_cHSPCs_Ultima_majority_voting	Monocyte	195	mAOC419	mAOC-CD11a	gene	RNA	ITGAL	4.24904288318155	ok		0.146343565017314
Adult_cHSPCs_Ultima_majority_voting	NK/T	116	mAOC419	mAOC-CD11a	gene	RNA	ITGAL	2.20901766990022	ok		0.185625033058357
Adult_cHSPCs_Ultima_majority_voting	B	652	mAOC421	mAOC-CD37	gene	RNA	CD37	1.61257384266261	ok		2.41620635228064
Adult_cHSPCs_Ultima_majority_voting	CLP	506	mAOC421	mAOC-CD37	gene	RNA	CD37	0.100933958956464	ok		1.28360492967395
Adult_cHSPCs_Ultima_majority_voting	ERYP	440	mAOC421	mAOC-CD37	gene	RNA	CD37	0.0111748512968324	ok		0.846709046376529
Adult_cHSPCs_Ultima_majority_voting	GMP-L	663	mAOC421	mAOC-CD37	gene	RNA	CD37	0.0353151265994862	ok		0.906571425583512
Adult_cHSPCs_Ultima_majority_voting	HSC_MPP	8254	mAOC421	mAOC-CD37	gene	RNA	CD37	0.0175146735824333	ok		1.11974272311884
Adult_cHSPCs_Ultima_majority_voting	MEBEMP-L	1898	mAOC421	mAOC-CD37	gene	RNA	CD37	0.0135785122815157	ok		1.04712170583844
Adult_cHSPCs_Ultima_majority_voting	MKP	565	mAOC421	mAOC-CD37	gene	RNA	CD37	0.0411243171350458	ok		0.656304208486357
Adult_cHSPCs_Ultima_majority_voting	Monocyte	195	mAOC421	mAOC-CD37	gene	RNA	CD37	0.124993010993967	ok		0.280952499883163
Adult_cHSPCs_Ultima_majority_voting	NK/T	116	mAOC421	mAOC-CD37	gene	RNA	CD37	0.373999478096371	ok		1.15450588976674
Adult_cHSPCs_Ultima_majority_voting	B	652	mAOC422	mAOC-CD26	gene	RNA	DPP4	0.137258337058916	ok		0
Adult_cHSPCs_Ultima_majority_voting	CLP	506	mAOC422	mAOC-CD26	gene	RNA	DPP4	0.378688973317804	ok		0.0219829859681991
Adult_cHSPCs_Ultima_majority_voting	ERYP	440	mAOC422	mAOC-CD26	gene	RNA	DPP4	0.00928069293782531	ok		0.00386821864540796
Adult_cHSPCs_Ultima_majority_voting	GMP-L	663	mAOC422	mAOC-CD26	gene	RNA	DPP4	0.0508381274868976	ok		0.00785929517382399
Adult_cHSPCs_Ultima_majority_voting	HSC_MPP	8254	mAOC422	mAOC-CD26	gene	RNA	DPP4	0.107727063740062	ok		0.00955083393002817
Adult_cHSPCs_Ultima_majority_voting	MEBEMP-L	1898	mAOC422	mAOC-CD26	gene	RNA	DPP4	0.0109859459798129	ok		0.00662932616099603
Adult_cHSPCs_Ultima_majority_voting	MKP	565	mAOC422	mAOC-CD26	gene	RNA	DPP4	0.0794661425985071	ok		0.00961891901316285
Adult_cHSPCs_Ultima_majority_voting	Monocyte	195	mAOC422	mAOC-CD26	gene	RNA	DPP4	0.507901655518717	ok		0
Adult_cHSPCs_Ultima_majority_voting	NK/T	116	mAOC422	mAOC-CD26	gene	RNA	DPP4	0.858927148117363	ok		0.0999722519650456
Adult_cHSPCs_Ultima_majority_voting	B	652	mAOC423	mAOC-CD39	gene	RNA	ENTPD1	0.0309797864681838	ok		0.0480747914483082
Adult_cHSPCs_Ultima_majority_voting	CLP	506	mAOC423	mAOC-CD39	gene	RNA	ENTPD1	0.00673331027168802	ok		0.0711710579347407
Adult_cHSPCs_Ultima_majority_voting	ERYP	440	mAOC423	mAOC-CD39	gene	RNA	ENTPD1	0.00838382531736398	ok		0
Adult_cHSPCs_Ultima_majority_voting	GMP-L	663	mAOC423	mAOC-CD39	gene	RNA	ENTPD1	0.0167690774062602	ok		0.00758738625427958
Adult_cHSPCs_Ultima_majority_voting	HSC_MPP	8254	mAOC423	mAOC-CD39	gene	RNA	ENTPD1	0.014212848473026	ok		0.00281029839519065
Adult_cHSPCs_Ultima_majority_voting	MEBEMP-L	1898	mAOC423	mAOC-CD39	gene	RNA	ENTPD1	0.0111867200487789	ok		0
Adult_cHSPCs_Ultima_majority_voting	MKP	565	mAOC423	mAOC-CD39	gene	RNA	ENTPD1	0.0399657657963241	ok		0.00404274280764422
Adult_cHSPCs_Ultima_majority_voting	Monocyte	195	mAOC423	mAOC-CD39	gene	RNA	ENTPD1	0.0881795777088931	ok		0.0730121081171723
Adult_cHSPCs_Ultima_majority_voting	NK/T	116	mAOC423	mAOC-CD39	gene	RNA	ENTPD1	0.126079283224629	ok		0.00984504122071917
Adult_cHSPCs_Ultima_majority_voting	B	652	mAOC426	mAOC-CD172a	gene	RNA	SIRPA	0.199547029747857	ok		0.019223248481314
Adult_cHSPCs_Ultima_majority_voting	CLP	506	mAOC426	mAOC-CD172a	gene	RNA	SIRPA	0.785913547273804	ok		0.01754099619305
Adult_cHSPCs_Ultima_majority_voting	ERYP	440	mAOC426	mAOC-CD172a	gene	RNA	SIRPA	0.0996259890722013	ok		0.00162775543524855
Adult_cHSPCs_Ultima_majority_voting	GMP-L	663	mAOC426	mAOC-CD172a	gene	RNA	SIRPA	0.563072024242206	ok		0.0243529073670774
Adult_cHSPCs_Ultima_majority_voting	HSC_MPP	8254	mAOC426	mAOC-CD172a	gene	RNA	SIRPA	0.701276638706004	ok		0.00759377410753663
Adult_cHSPCs_Ultima_majority_voting	MEBEMP-L	1898	mAOC426	mAOC-CD172a	gene	RNA	SIRPA	0.290424417331644	ok		0.00421628116254909
Adult_cHSPCs_Ultima_majority_voting	MKP	565	mAOC426	mAOC-CD172a	gene	RNA	SIRPA	0.369231840801204	ok		0.00588967857681221
Adult_cHSPCs_Ultima_majority_voting	Monocyte	195	mAOC426	mAOC-CD172a	gene	RNA	SIRPA	3.95329219898163	ok		0.42248909529839
Adult_cHSPCs_Ultima_majority_voting	NK/T	116	mAOC426	mAOC-CD172a	gene	RNA	SIRPA	0.981547663078187	ok		0
Standardpcaclusters	1	116	FADT0041	mAOC-CD80	gene	RNA	CD80	0.167587218062953	ok		0
Standardpcaclusters	2	652	FADT0041	mAOC-CD80	gene	RNA	CD80	0.0461405394154555	ok		0.0290399456063094
Standardpcaclusters	3	2689	FADT0041	mAOC-CD80	gene	RNA	CD80	0.0124803534317923	ok		0.000490641168358069
Standardpcaclusters	4	506	FADT0041	mAOC-CD80	gene	RNA	CD80	0.0164174772594065	ok		0.0110690016838002
Standardpcaclusters	5	690	FADT0041	mAOC-CD80	gene	RNA	CD80	0.015357567461561	ok		0.003521525977251
Standardpcaclusters	6	663	FADT0041	mAOC-CD80	gene	RNA	CD80	0.0210140407299048	ok		0.0014072506176295
Standardpcaclusters	7	1552	FADT0041	mAOC-CD80	gene	RNA	CD80	0.00968384158430599	ok		0.000583955222975987
Standardpcaclusters	8	2101	FADT0041	mAOC-CD80	gene	RNA	CD80	0.0140868284069734	ok		0.00576610533946075
Standardpcaclusters	9	440	FADT0041	mAOC-CD80	gene	RNA	CD80	0.00550584468228644	ok		0.0104930165556421
Standardpcaclusters	10	1898	FADT0041	mAOC-CD80	gene	RNA	CD80	0.015184866743222	ok		0.0123410404446057
Standardpcaclusters	11	346	FADT0041	mAOC-CD80	gene	RNA	CD80	0.0031395707441194	ok		0.00392732577575297
Standardpcaclusters	12	135	FADT0041	mAOC-CD80	gene	RNA	CD80	0.0675729648660429	ok		0.0052513268493944
Standardpcaclusters	13	1222	FADT0041	mAOC-CD80	gene	RNA	CD80	0.106893487436725	ok		0.00465081670847715
Standardpcaclusters	14	84	FADT0041	mAOC-CD80	gene	RNA	CD80	0.108692656109477	ok		0
Standardpcaclusters	15	195	FADT0041	mAOC-CD80	gene	RNA	CD80	0.0745930984839727	ok		0.226264589842911
Standardpcaclusters	1	116	FADT0042	mAOC-CD21	gene	RNA	CR2	1.80368756331458	ok		0.0105201859076969
Standardpcaclusters	2	652	FADT0042	mAOC-CD21	gene	RNA	CR2	3.52003778013939	ok		0.164088006412352
Standardpcaclusters	3	2689	FADT0042	mAOC-CD21	gene	RNA	CR2	0.0960547852881577	ok		0.00117121308223762
Standardpcaclusters	4	506	FADT0042	mAOC-CD21	gene	RNA	CR2	0.654783634146385	ok		0.00187308863267561
Standardpcaclusters	5	690	FADT0042	mAOC-CD21	gene	RNA	CR2	0.0701740076202784	ok		0
Standardpcaclusters	6	663	FADT0042	mAOC-CD21	gene	RNA	CR2	0.219289466153151	ok		0.00213077214382544
Standardpcaclusters	7	1552	FADT0042	mAOC-CD21	gene	RNA	CR2	0.0263531286187189	ok		0
Standardpcaclusters	8	2101	FADT0042	mAOC-CD21	gene	RNA	CR2	0.0361799600998495	ok		0.000312523114060206
Standardpcaclusters	9	440	FADT0042	mAOC-CD21	gene	RNA	CR2	0.0194132647337176	ok		0.000613515772293451
Standardpcaclusters	10	1898	FADT0042	mAOC-CD21	gene	RNA	CR2	0.0182559794062787	ok		0
Standardpcaclusters	11	346	FADT0042	mAOC-CD21	gene	RNA	CR2	0.0135052632441074	ok		0.00104487838114731
Standardpcaclusters	12	135	FADT0042	mAOC-CD21	gene	RNA	CR2	0.059243014839989	ok		0
Standardpcaclusters	13	1222	FADT0042	mAOC-CD21	gene	RNA	CR2	0.167907158181422	ok		0.000527495199891078
Standardpcaclusters	14	84	FADT0042	mAOC-CD21	gene	RNA	CR2	0.0803716030411602	ok		0.0156194025815636
Standardpcaclusters	15	195	FADT0042	mAOC-CD21	gene	RNA	CR2	0.217156119964452	ok		0.0192581208687651
Standardpcaclusters	1	116	FADT0043	mAOC-CD19	gene	RNA	CD19	0	ok		0.0779375800129352
Standardpcaclusters	2	652	FADT0043	mAOC-CD19	gene	RNA	CD19	0.00159659603790393	ok		0.276915490635946
Standardpcaclusters	3	2689	FADT0043	mAOC-CD19	gene	RNA	CD19	0	ok		0.00183219040843458
Standardpcaclusters	4	506	FADT0043	mAOC-CD19	gene	RNA	CD19	0	ok		0.00850476294660813
Standardpcaclusters	5	690	FADT0043	mAOC-CD19	gene	RNA	CD19	0	ok		0.00193825794283473
Standardpcaclusters	6	663	FADT0043	mAOC-CD19	gene	RNA	CD19	1.71341994563443e-05	ok		0.000758326994263941
Standardpcaclusters	7	1552	FADT0043	mAOC-CD19	gene	RNA	CD19	0	ok		0.00257166622231997
Standardpcaclusters	8	2101	FADT0043	mAOC-CD19	gene	RNA	CD19	4.67560197220819e-05	ok		0.00266521060860879
Standardpcaclusters	9	440	FADT0043	mAOC-CD19	gene	RNA	CD19	0	ok		0
Standardpcaclusters	10	1898	FADT0043	mAOC-CD19	gene	RNA	CD19	5.69655885027469e-05	ok		0
Standardpcaclusters	11	346	FADT0043	mAOC-CD19	gene	RNA	CD19	0	ok		0.00227865238884197
Standardpcaclusters	12	135	FADT0043	mAOC-CD19	gene	RNA	CD19	0	ok		0.00243459701148508
Standardpcaclusters	13	1222	FADT0043	mAOC-CD19	gene	RNA	CD19	0.000119220082986671	ok		0.00584555225995027
Standardpcaclusters	14	84	FADT0043	mAOC-CD19	gene	RNA	CD19	0	ok		0
Standardpcaclusters	15	195	FADT0043	mAOC-CD19	gene	RNA	CD19	0.00266927876735108	ok		0.00454768870865798
Standardpcaclusters	1	116	FADT0046	mAOC-CD4	gene	RNA	CD4	1.41069471139761	ok		0.086580718248096
Standardpcaclusters	2	652	FADT0046	mAOC-CD4	gene	RNA	CD4	0.272546455381825	ok		0
Standardpcaclusters	3	2689	FADT0046	mAOC-CD4	gene	RNA	CD4	0.996166761057375	ok		0.00656697511234631
Standardpcaclusters	4	506	FADT0046	mAOC-CD4	gene	RNA	CD4	1.04875935662766	ok		0.0325124429518906
Standardpcaclusters	5	690	FADT0046	mAOC-CD4	gene	RNA	CD4	0.563333234739685	ok		0.0127368865381447
Standardpcaclusters	6	663	FADT0046	mAOC-CD4	gene	RNA	CD4	0.724000779472757	ok		0.0112845771316788
Standardpcaclusters	7	1552	FADT0046	mAOC-CD4	gene	RNA	CD4	1.81435817437424	ok		0.0157703721830278
Standardpcaclusters	8	2101	FADT0046	mAOC-CD4	gene	RNA	CD4	1.18345248305023	ok		0.0127422058029392
Standardpcaclusters	9	440	FADT0046	mAOC-CD4	gene	RNA	CD4	1.37708978663311	ok		0.029081500656297
Standardpcaclusters	10	1898	FADT0046	mAOC-CD4	gene	RNA	CD4	0.518849518510379	ok		0.00762950397719229
Standardpcaclusters	11	346	FADT0046	mAOC-CD4	gene	RNA	CD4	0.781582711661775	ok		0.0139201765980846
Standardpcaclusters	12	135	FADT0046	mAOC-CD4	gene	RNA	CD4	0.712998957392996	ok		0.0201915422190738
Standardpcaclusters	13	1222	FADT0046	mAOC-CD4	gene	RNA	CD4	1.03713162897958	ok		0.0228092287775742
Standardpcaclusters	14	84	FADT0046	mAOC-CD4	gene	RNA	CD4	0.260513078706262	ok		0.0310559831983112
Standardpcaclusters	15	195	FADT0046	mAOC-CD4	gene	RNA	CD4	2.23986589228484	ok		0.276087494304599
Standardpcaclusters	1	116	FADT0158	mAOC-CD27	gene	RNA	CD27	0.801182832683861	ok		0.260605124055249
Standardpcaclusters	2	652	FADT0158	mAOC-CD27	gene	RNA	CD27	0.0516757039968351	ok		0.00181145129658598
Standardpcaclusters	3	2689	FADT0158	mAOC-CD27	gene	RNA	CD27	0.00261291432233893	ok		0.00469200810950818
Standardpcaclusters	4	506	FADT0158	mAOC-CD27	gene	RNA	CD27	0.00416785648882505	ok		0.003094897934593
Standardpcaclusters	5	690	FADT0158	mAOC-CD27	gene	RNA	CD27	0.00386065488153272	ok		0
Standardpcaclusters	6	663	FADT0158	mAOC-CD27	gene	RNA	CD27	0.00592560134551563	ok		0
Standardpcaclusters	7	1552	FADT0158	mAOC-CD27	gene	RNA	CD27	0.00193070839516453	ok		0.00366913888847522
Standardpcaclusters	8	2101	FADT0158	mAOC-CD27	gene	RNA	CD27	0.00593552377629756	ok		0.00203095405515567
Standardpcaclusters	9	440	FADT0158	mAOC-CD27	gene	RNA	CD27	0.00447520963701837	ok		0
Standardpcaclusters	10	1898	FADT0158	mAOC-CD27	gene	RNA	CD27	0.00678533090966944	ok		0.000579970430464376
Standardpcaclusters	11	346	FADT0158	mAOC-CD27	gene	RNA	CD27	0.00105396614016565	ok		0.00479792907599541
Standardpcaclusters	12	135	FADT0158	mAOC-CD27	gene	RNA	CD27	0.0284930438718313	ok		0.00670227080749823
Standardpcaclusters	13	1222	FADT0158	mAOC-CD27	gene	RNA	CD27	0.0414849624277657	ok		0.00573443511336421
Standardpcaclusters	14	84	FADT0158	mAOC-CD27	gene	RNA	CD27	0.0497694487711394	ok		0
Standardpcaclusters	15	195	FADT0158	mAOC-CD27	gene	RNA	CD27	0.00814334298301012	ok		0.00597221930599189
Standardpcaclusters	1	116	FADT0159	mAOC-CD28	gene	RNA	CD28	0.464264681811318	ok		0.0866468302201781
Standardpcaclusters	2	652	FADT0159	mAOC-CD28	gene	RNA	CD28	0.12558717954346	ok		0.0037406205787294
Standardpcaclusters	3	2689	FADT0159	mAOC-CD28	gene	RNA	CD28	0.0144499267132014	ok		0.000395469558536846
Standardpcaclusters	4	506	FADT0159	mAOC-CD28	gene	RNA	CD28	0.0314655767604982	ok		0.00218123471972451
Standardpcaclusters	5	690	FADT0159	mAOC-CD28	gene	RNA	CD28	0.0210536922659627	ok		0
Standardpcaclusters	6	663	FADT0159	mAOC-CD28	gene	RNA	CD28	0.0226528868825314	ok		0
Standardpcaclusters	7	1552	FADT0159	mAOC-CD28	gene	RNA	CD28	0.00604981892816095	ok		0
Standardpcaclusters	8	2101	FADT0159	mAOC-CD28	gene	RNA	CD28	0.0133365966760097	ok		0
Standardpcaclusters	9	440	FADT0159	mAOC-CD28	gene	RNA	CD28	0.00727356149288093	ok		0.00103865338176538
Standardpcaclusters	10	1898	FADT0159	mAOC-CD28	gene	RNA	CD28	0.0151610895190229	ok		0
Standardpcaclusters	11	346	FADT0159	mAOC-CD28	gene	RNA	CD28	0.0053933818671593	ok		0
Standardpcaclusters	12	135	FADT0159	mAOC-CD28	gene	RNA	CD28	0.0819936853586777	ok		0.0194003735518093
Standardpcaclusters	13	1222	FADT0159	mAOC-CD28	gene	RNA	CD28	0.0690655166984735	ok		0.00291430871186683
Standardpcaclusters	14	84	FADT0159	mAOC-CD28	gene	RNA	CD28	0.183867111320936	ok		0
Standardpcaclusters	15	195	FADT0159	mAOC-CD28	gene	RNA	CD28	0.113609300325569	ok		0
Standardpcaclusters	1	116	FADT0160	mAOC-CD161	gene	RNA	KLRB1	0.573450650397814	ok		0.303584965860912
Standardpcaclusters	2	652	FADT0160	mAOC-CD161	gene	RNA	KLRB1	0.133462993679972	ok		0
Standardpcaclusters	3	2689	FADT0160	mAOC-CD161	gene	RNA	KLRB1	0.0180901451420513	ok		0.000819251701922795
Standardpcaclusters	4	506	FADT0160	mAOC-CD161	gene	RNA	KLRB1	0.0599861803306031	ok		0.00886752807808782
Standardpcaclusters	5	690	FADT0160	mAOC-CD161	gene	RNA	KLRB1	0.0235272051255073	ok		0
Standardpcaclusters	6	663	FADT0160	mAOC-CD161	gene	RNA	KLRB1	0.0443086898991079	ok		0.000728251346614615
Standardpcaclusters	7	1552	FADT0160	mAOC-CD161	gene	RNA	KLRB1	0.0094479630619247	ok		0.00179292733583853
Standardpcaclusters	8	2101	FADT0160	mAOC-CD161	gene	RNA	KLRB1	0.0144611334449639	ok		0.00116161329081729
Standardpcaclusters	9	440	FADT0160	mAOC-CD161	gene	RNA	KLRB1	0.0156754144548264	ok		0
Standardpcaclusters	10	1898	FADT0160	mAOC-CD161	gene	RNA	KLRB1	0.0205100201477626	ok		0.000344285671976053
Standardpcaclusters	11	346	FADT0160	mAOC-CD161	gene	RNA	KLRB1	0.00909795700653704	ok		0
Standardpcaclusters	12	135	FADT0160	mAOC-CD161	gene	RNA	KLRB1	0.0492697934488844	ok		0.0140374410423546
Standardpcaclusters	13	1222	FADT0160	mAOC-CD161	gene	RNA	KLRB1	0.0893481331534817	ok		0.00407840222471963
Standardpcaclusters	14	84	FADT0160	mAOC-CD161	gene	RNA	KLRB1	0.25696443825504	ok		0
Standardpcaclusters	15	195	FADT0160	mAOC-CD161	gene	RNA	KLRB1	0.130189734786463	ok		0
Standardpcaclusters	1	116	FADT0161	mAOC-CD38	gene	RNA	CD38	4.27309115220156	ok		0.45550813944898
Standardpcaclusters	2	652	FADT0161	mAOC-CD38	gene	RNA	CD38	3.98129160003969	ok		0.193506680125956
Standardpcaclusters	3	2689	FADT0161	mAOC-CD38	gene	RNA	CD38	3.47945902623412	ok		0.0866105433270999
Standardpcaclusters	4	506	FADT0161	mAOC-CD38	gene	RNA	CD38	3.29220517568028	ok		0.131669491183293
Standardpcaclusters	5	690	FADT0161	mAOC-CD38	gene	RNA	CD38	3.44488205292695	ok		0.100943625244524
Standardpcaclusters	6	663	FADT0161	mAOC-CD38	gene	RNA	CD38	4.61683111506275	ok		0.340178409953825
Standardpcaclusters	7	1552	FADT0161	mAOC-CD38	gene	RNA	CD38	2.69632046562932	ok		0.0232781105069189
Standardpcaclusters	8	2101	FADT0161	mAOC-CD38	gene	RNA	CD38	2.53707119437448	ok		0.0391155939661819
Standardpcaclusters	9	440	FADT0161	mAOC-CD38	gene	RNA	CD38	4.46531720363702	ok		0.392460069741266
Standardpcaclusters	10	1898	FADT0161	mAOC-CD38	gene	RNA	CD38	3.26670639931547	ok		0.122570604293703
Standardpcaclusters	11	346	FADT0161	mAOC-CD38	gene	RNA	CD38	3.92922336968558	ok		0.198251243122163
Standardpcaclusters	12	135	FADT0161	mAOC-CD38	gene	RNA	CD38	3.11441757400143	ok		0.10613638732547
Standardpcaclusters	13	1222	FADT0161	mAOC-CD38	gene	RNA	CD38	2.95515952433247	ok		0.153821322609569
Standardpcaclusters	14	84	FADT0161	mAOC-CD38	gene	RNA	CD38	1.77242856981945	ok		0.015778624399364
Standardpcaclusters	15	195	FADT0161	mAOC-CD38	gene	RNA	CD38	2.82106963579745	ok		0.0531320652086208
Standardpcaclusters	1	116	FADT0166	mAOC-CD1d	gene	RNA	CD1D	0.377846610329887	ok		0
Standardpcaclusters	2	652	FADT0166	mAOC-CD1d	gene	RNA	CD1D	0.106946045290603	ok		0.00145799919388839
Standardpcaclusters	3	2689	FADT0166	mAOC-CD1d	gene	RNA	CD1D	0.0281514624083985	ok		0.000324600995337571
Standardpcaclusters	4	506	FADT0166	mAOC-CD1d	gene	RNA	CD1D	0.0632460840096357	ok		0.00279477668892911
Standardpcaclusters	5	690	FADT0166	mAOC-CD1d	gene	RNA	CD1D	0.0297816408676952	ok		0
Standardpcaclusters	6	663	FADT0166	mAOC-CD1d	gene	RNA	CD1D	0.0422393019186813	ok		0.00183150382218386
Standardpcaclusters	7	1552	FADT0166	mAOC-CD1d	gene	RNA	CD1D	0.0212450829322601	ok		0
Standardpcaclusters	8	2101	FADT0166	mAOC-CD1d	gene	RNA	CD1D	0.0252662336481211	ok		0
Standardpcaclusters	9	440	FADT0166	mAOC-CD1d	gene	RNA	CD1D	0.0230124702737063	ok		0
Standardpcaclusters	10	1898	FADT0166	mAOC-CD1d	gene	RNA	CD1D	0.0237370129807142	ok		0
Standardpcaclusters	11	346	FADT0166	mAOC-CD1d	gene	RNA	CD1D	0.00449553056338235	ok		0.0014139142546253
Standardpcaclusters	12	135	FADT0166	mAOC-CD1d	gene	RNA	CD1D	0.082356580218448	ok		0.00351834556893269
Standardpcaclusters	13	1222	FADT0166	mAOC-CD1d	gene	RNA	CD1D	0.124650218563832	ok		0.00105291708973288
Standardpcaclusters	14	84	FADT0166	mAOC-CD1d	gene	RNA	CD1D	0.184279350326824	ok		0
Standardpcaclusters	15	195	FADT0166	mAOC-CD1d	gene	RNA	CD1D	0.128261686551632	ok		0.0156802055815629
Standardpcaclusters	1	116	FADT0167	mAOC-CD22	gene	RNA	CD22	1.07729233799779	ok		0.203359685137447
Standardpcaclusters	2	652	FADT0167	mAOC-CD22	gene	RNA	CD22	3.03392432329295	ok		0.643726503704199
Standardpcaclusters	3	2689	FADT0167	mAOC-CD22	gene	RNA	CD22	0.178499192280767	ok		0.023758753997572
Standardpcaclusters	4	506	FADT0167	mAOC-CD22	gene	RNA	CD22	1.22903368148732	ok		0.0727799509679015
Standardpcaclusters	5	690	FADT0167	mAOC-CD22	gene	RNA	CD22	0.0321429690385565	ok		0.0111045009201377
Standardpcaclusters	6	663	FADT0167	mAOC-CD22	gene	RNA	CD22	0.104939875812475	ok		0.00471305450972363
Standardpcaclusters	7	1552	FADT0167	mAOC-CD22	gene	RNA	CD22	0.127989098055155	ok		0.0345512459789358
Standardpcaclusters	8	2101	FADT0167	mAOC-CD22	gene	RNA	CD22	0.0275142009334913	ok		0.0220140989917291
Standardpcaclusters	9	440	FADT0167	mAOC-CD22	gene	RNA	CD22	0.0294527316884023	ok		0.0019248115666391
Standardpcaclusters	10	1898	FADT0167	mAOC-CD22	gene	RNA	CD22	0.0200390833064656	ok		0.00207646837532983
Standardpcaclusters	11	346	FADT0167	mAOC-CD22	gene	RNA	CD22	0.00893806334585936	ok		0.0085705409028446
Standardpcaclusters	12	135	FADT0167	mAOC-CD22	gene	RNA	CD22	0.114225187033462	ok		0.009734344492371
Standardpcaclusters	13	1222	FADT0167	mAOC-CD22	gene	RNA	CD22	0.148424778492027	ok		0.0302981292563625
Standardpcaclusters	14	84	FADT0167	mAOC-CD22	gene	RNA	CD22	0.140998322025634	ok		0
Standardpcaclusters	15	195	FADT0167	mAOC-CD22	gene	RNA	CD22	0.240964962718188	ok		0.0686969858216695
Standardpcaclusters	1	116	FADT0170	Tag-ALFA	gene	RNA	Tag-ALFA	0.272398355336194	missing_validation_feature	Feature not found in RNA: Tag-ALFA	NA
Standardpcaclusters	2	652	FADT0170	Tag-ALFA	gene	RNA	Tag-ALFA	0.0747924121492042	missing_validation_feature	Feature not found in RNA: Tag-ALFA	NA
Standardpcaclusters	3	2689	FADT0170	Tag-ALFA	gene	RNA	Tag-ALFA	0.0159857982464148	missing_validation_feature	Feature not found in RNA: Tag-ALFA	NA
Standardpcaclusters	4	506	FADT0170	Tag-ALFA	gene	RNA	Tag-ALFA	0.029318374607635	missing_validation_feature	Feature not found in RNA: Tag-ALFA	NA
Standardpcaclusters	5	690	FADT0170	Tag-ALFA	gene	RNA	Tag-ALFA	0.0256681193888104	missing_validation_feature	Feature not found in RNA: Tag-ALFA	NA
Standardpcaclusters	6	663	FADT0170	Tag-ALFA	gene	RNA	Tag-ALFA	0.0253621577406186	missing_validation_feature	Feature not found in RNA: Tag-ALFA	NA
Standardpcaclusters	7	1552	FADT0170	Tag-ALFA	gene	RNA	Tag-ALFA	0.011383751740024	missing_validation_feature	Feature not found in RNA: Tag-ALFA	NA
Standardpcaclusters	8	2101	FADT0170	Tag-ALFA	gene	RNA	Tag-ALFA	0.016611425945147	missing_validation_feature	Feature not found in RNA: Tag-ALFA	NA
Standardpcaclusters	9	440	FADT0170	Tag-ALFA	gene	RNA	Tag-ALFA	0.0174713011118076	missing_validation_feature	Feature not found in RNA: Tag-ALFA	NA
Standardpcaclusters	10	1898	FADT0170	Tag-ALFA	gene	RNA	Tag-ALFA	0.0219207556714184	missing_validation_feature	Feature not found in RNA: Tag-ALFA	NA
Standardpcaclusters	11	346	FADT0170	Tag-ALFA	gene	RNA	Tag-ALFA	0.0139299658790199	missing_validation_feature	Feature not found in RNA: Tag-ALFA	NA
Standardpcaclusters	12	135	FADT0170	Tag-ALFA	gene	RNA	Tag-ALFA	0.0848821327854342	missing_validation_feature	Feature not found in RNA: Tag-ALFA	NA
Standardpcaclusters	13	1222	FADT0170	Tag-ALFA	gene	RNA	Tag-ALFA	0.0942944250210256	missing_validation_feature	Feature not found in RNA: Tag-ALFA	NA
Standardpcaclusters	14	84	FADT0170	Tag-ALFA	gene	RNA	Tag-ALFA	0.442756506382919	missing_validation_feature	Feature not found in RNA: Tag-ALFA	NA
Standardpcaclusters	15	195	FADT0170	Tag-ALFA	gene	RNA	Tag-ALFA	0.0737547674348454	missing_validation_feature	Feature not found in RNA: Tag-ALFA	NA
Standardpcaclusters	1	116	FADT0175	mAOC-CD340	gene	RNA	ERBB2	0.0674054451469735	ok		0
Standardpcaclusters	2	652	FADT0175	mAOC-CD340	gene	RNA	ERBB2	0.0129300845733347	ok		0.00362584061391658
Standardpcaclusters	3	2689	FADT0175	mAOC-CD340	gene	RNA	ERBB2	0.00465522826047915	ok		0.00425937017887704
Standardpcaclusters	4	506	FADT0175	mAOC-CD340	gene	RNA	ERBB2	0.00590961189817672	ok		0.0121424344381397
Standardpcaclusters	5	690	FADT0175	mAOC-CD340	gene	RNA	ERBB2	0.00413434806816716	ok		0.00195032320925961
Standardpcaclusters	6	663	FADT0175	mAOC-CD340	gene	RNA	ERBB2	0.00801648286781345	ok		0.0049598993769773
Standardpcaclusters	7	1552	FADT0175	mAOC-CD340	gene	RNA	ERBB2	0.0014731082212616	ok		0.00134903135092038
Standardpcaclusters	8	2101	FADT0175	mAOC-CD340	gene	RNA	ERBB2	0.005813358703862	ok		0.003425668416053
Standardpcaclusters	9	440	FADT0175	mAOC-CD340	gene	RNA	ERBB2	0.00182901781485014	ok		0.00487043036946873
Standardpcaclusters	10	1898	FADT0175	mAOC-CD340	gene	RNA	ERBB2	0.00686233446256308	ok		0.00301185645466703
Standardpcaclusters	11	346	FADT0175	mAOC-CD340	gene	RNA	ERBB2	0.000914796735146701	ok		0.00569161979094802
Standardpcaclusters	12	135	FADT0175	mAOC-CD340	gene	RNA	ERBB2	0.0169783303108645	ok		0.0168091708431422
Standardpcaclusters	13	1222	FADT0175	mAOC-CD340	gene	RNA	ERBB2	0.0274329205389835	ok		0.023962698280714
Standardpcaclusters	14	84	FADT0175	mAOC-CD340	gene	RNA	ERBB2	0.122078532836429	ok		0
Standardpcaclusters	15	195	FADT0175	mAOC-CD340	gene	RNA	ERBB2	0.0388598173045672	ok		0
Standardpcaclusters	1	116	FADT0180	mAOC-CD86	gene	RNA	CD86	0.35846786812459	ok		0
Standardpcaclusters	2	652	FADT0180	mAOC-CD86	gene	RNA	CD86	0.207997504532432	ok		0.0850999261289485
Standardpcaclusters	3	2689	FADT0180	mAOC-CD86	gene	RNA	CD86	0.0305208036336939	ok		0.00130786668050027
Standardpcaclusters	4	506	FADT0180	mAOC-CD86	gene	RNA	CD86	0.554090263807187	ok		0.107812134019235
Standardpcaclusters	5	690	FADT0180	mAOC-CD86	gene	RNA	CD86	0.043325942512313	ok		0.00440829464528975
Standardpcaclusters	6	663	FADT0180	mAOC-CD86	gene	RNA	CD86	0.16087237070487	ok		0.00508171660812703
Standardpcaclusters	7	1552	FADT0180	mAOC-CD86	gene	RNA	CD86	0.0190138617419653	ok		0.000649216676559781
Standardpcaclusters	8	2101	FADT0180	mAOC-CD86	gene	RNA	CD86	0.0191311520528873	ok		0.00284591470223128
Standardpcaclusters	9	440	FADT0180	mAOC-CD86	gene	RNA	CD86	0.0139549782609013	ok		0.00121221068707166
Standardpcaclusters	10	1898	FADT0180	mAOC-CD86	gene	RNA	CD86	0.0199489909185034	ok		0.00046980821095124
Standardpcaclusters	11	346	FADT0180	mAOC-CD86	gene	RNA	CD86	0.0180344866000077	ok		0.00450878080273394
Standardpcaclusters	12	135	FADT0180	mAOC-CD86	gene	RNA	CD86	0.0765290759949559	ok		0.0440463884297302
Standardpcaclusters	13	1222	FADT0180	mAOC-CD86	gene	RNA	CD86	0.121799749393511	ok		0.0146950365808581
Standardpcaclusters	14	84	FADT0180	mAOC-CD86	gene	RNA	CD86	0.162961055277982	ok		0.00557225321279812
Standardpcaclusters	15	195	FADT0180	mAOC-CD86	gene	RNA	CD86	2.11194659398435	ok		0.186651717082552
Standardpcaclusters	1	116	FADT0186	mAOC-CD223	gene	RNA	LAG3	0.105576919754754	ok		0
Standardpcaclusters	2	652	FADT0186	mAOC-CD223	gene	RNA	LAG3	0.0280812224397322	ok		0
Standardpcaclusters	3	2689	FADT0186	mAOC-CD223	gene	RNA	LAG3	0.0653060780573614	ok		0.00446378066993725
Standardpcaclusters	4	506	FADT0186	mAOC-CD223	gene	RNA	LAG3	0.0991207333796769	ok		0.00112347626456217
Standardpcaclusters	5	690	FADT0186	mAOC-CD223	gene	RNA	LAG3	0.0233711157054004	ok		0.00341793229993702
Standardpcaclusters	6	663	FADT0186	mAOC-CD223	gene	RNA	LAG3	0.0255693191037238	ok		0.00208542966579355
Standardpcaclusters	7	1552	FADT0186	mAOC-CD223	gene	RNA	LAG3	0.166421276654633	ok		0.00278071250008313
Standardpcaclusters	8	2101	FADT0186	mAOC-CD223	gene	RNA	LAG3	0.0417879259574142	ok		0.00374730414687686
Standardpcaclusters	9	440	FADT0186	mAOC-CD223	gene	RNA	LAG3	0.00499659861721308	ok		0
Standardpcaclusters	10	1898	FADT0186	mAOC-CD223	gene	RNA	LAG3	0.0142799523106347	ok		0.000838049946478984
Standardpcaclusters	11	346	FADT0186	mAOC-CD223	gene	RNA	LAG3	0.00404272773659289	ok		0.00170127535983929
Standardpcaclusters	12	135	FADT0186	mAOC-CD223	gene	RNA	LAG3	0.0644224293212989	ok		0.00438314618496009
Standardpcaclusters	13	1222	FADT0186	mAOC-CD223	gene	RNA	LAG3	0.0541745006641844	ok		0.0102656294237497
Standardpcaclusters	14	84	FADT0186	mAOC-CD223	gene	RNA	LAG3	0.165171344574639	ok		0
Standardpcaclusters	15	195	FADT0186	mAOC-CD223	gene	RNA	LAG3	0.266651109324577	ok		0
Standardpcaclusters	1	116	mAOC0297	mAOC-CD100	gene	RNA	SEMA4D	0.238549714110891	ok		0.103032848553228
Standardpcaclusters	2	652	mAOC0297	mAOC-CD100	gene	RNA	SEMA4D	0.0178773904073247	ok		0.00950056758421008
Standardpcaclusters	3	2689	mAOC0297	mAOC-CD100	gene	RNA	SEMA4D	0.589132812655546	ok		0.356532808945454
Standardpcaclusters	4	506	mAOC0297	mAOC-CD100	gene	RNA	SEMA4D	0.452031786063341	ok		0.351970000400491
Standardpcaclusters	5	690	mAOC0297	mAOC-CD100	gene	RNA	SEMA4D	0.480989368714984	ok		0.336987010458027
Standardpcaclusters	6	663	mAOC0297	mAOC-CD100	gene	RNA	SEMA4D	0.626759536522239	ok		0.489796453707128
Standardpcaclusters	7	1552	mAOC0297	mAOC-CD100	gene	RNA	SEMA4D	0.663498845566855	ok		0.332009196316092
Standardpcaclusters	8	2101	mAOC0297	mAOC-CD100	gene	RNA	SEMA4D	0.670562717840556	ok		0.322464636194106
Standardpcaclusters	9	440	mAOC0297	mAOC-CD100	gene	RNA	SEMA4D	1.40751010498484	ok		0.304174388673911
Standardpcaclusters	10	1898	mAOC0297	mAOC-CD100	gene	RNA	SEMA4D	1.10517603251418	ok		0.323476819037123
Standardpcaclusters	11	346	mAOC0297	mAOC-CD100	gene	RNA	SEMA4D	1.10448920129962	ok		0.358788186030511
Standardpcaclusters	12	135	mAOC0297	mAOC-CD100	gene	RNA	SEMA4D	0.636681117164106	ok		0.163198919197691
Standardpcaclusters	13	1222	mAOC0297	mAOC-CD100	gene	RNA	SEMA4D	0.102293160760623	ok		0.239971244397729
Standardpcaclusters	14	84	mAOC0297	mAOC-CD100	gene	RNA	SEMA4D	0.762797740564224	ok		0.322681349841071
Standardpcaclusters	15	195	mAOC0297	mAOC-CD100	gene	RNA	SEMA4D	0.0339789540694419	ok		0.650136244116815
Standardpcaclusters	1	116	mAOC0301	mAOC-CD16	gene	RNA	FCGR3A	0.143989490517096	ok		0.156031964961208
Standardpcaclusters	2	652	mAOC0301	mAOC-CD16	gene	RNA	FCGR3A	0.00710538138293779	ok		0
Standardpcaclusters	3	2689	mAOC0301	mAOC-CD16	gene	RNA	FCGR3A	0.000527247103230595	ok		0
Standardpcaclusters	4	506	mAOC0301	mAOC-CD16	gene	RNA	FCGR3A	0.00139788158991948	ok		0
Standardpcaclusters	5	690	mAOC0301	mAOC-CD16	gene	RNA	FCGR3A	0.00153930028580034	ok		0
Standardpcaclusters	6	663	mAOC0301	mAOC-CD16	gene	RNA	FCGR3A	0.00263219160800674	ok		0
Standardpcaclusters	7	1552	mAOC0301	mAOC-CD16	gene	RNA	FCGR3A	0	ok		0
Standardpcaclusters	8	2101	mAOC0301	mAOC-CD16	gene	RNA	FCGR3A	0.00131896957080406	ok		0
Standardpcaclusters	9	440	mAOC0301	mAOC-CD16	gene	RNA	FCGR3A	0.00254547921013304	ok		0
Standardpcaclusters	10	1898	mAOC0301	mAOC-CD16	gene	RNA	FCGR3A	0.00193430536482546	ok		0.000915321035917819
Standardpcaclusters	11	346	mAOC0301	mAOC-CD16	gene	RNA	FCGR3A	0.00144013338061889	ok		0
Standardpcaclusters	12	135	mAOC0301	mAOC-CD16	gene	RNA	FCGR3A	0.00633279707529707	ok		0
Standardpcaclusters	13	1222	mAOC0301	mAOC-CD16	gene	RNA	FCGR3A	0.00391582887329592	ok		0
Standardpcaclusters	14	84	mAOC0301	mAOC-CD16	gene	RNA	FCGR3A	0.0394240251159236	ok		0
Standardpcaclusters	15	195	mAOC0301	mAOC-CD16	gene	RNA	FCGR3A	0.0147275877539539	ok		0.0864336524623052
Standardpcaclusters	1	116	mAOC0303	mAOC-CD56	gene	RNA	NCAM1	0.0355977689465348	ok		0.0115558561685601
Standardpcaclusters	2	652	mAOC0303	mAOC-CD56	gene	RNA	NCAM1	0.0051967517675551	ok		0
Standardpcaclusters	3	2689	mAOC0303	mAOC-CD56	gene	RNA	NCAM1	0.0015467822033498	ok		0.00323041281606541
Standardpcaclusters	4	506	mAOC0303	mAOC-CD56	gene	RNA	NCAM1	0.0026130165150544	ok		0.00846908632917602
Standardpcaclusters	5	690	mAOC0303	mAOC-CD56	gene	RNA	NCAM1	0.00296121582645491	ok		0.00278106728518487
Standardpcaclusters	6	663	mAOC0303	mAOC-CD56	gene	RNA	NCAM1	0.00347857061151602	ok		0.000806156832932506
Standardpcaclusters	7	1552	mAOC0303	mAOC-CD56	gene	RNA	NCAM1	0.000317280192595804	ok		0.000513198594275676
Standardpcaclusters	8	2101	mAOC0303	mAOC-CD56	gene	RNA	NCAM1	0.00254169361476489	ok		0.00192776428266447
Standardpcaclusters	9	440	mAOC0303	mAOC-CD56	gene	RNA	NCAM1	0.000445220351731573	ok		0
Standardpcaclusters	10	1898	mAOC0303	mAOC-CD56	gene	RNA	NCAM1	0.00386326077930304	ok		0
Standardpcaclusters	11	346	mAOC0303	mAOC-CD56	gene	RNA	NCAM1	0.0124121042565559	ok		0.00481112127189189
Standardpcaclusters	12	135	mAOC0303	mAOC-CD56	gene	RNA	NCAM1	0.0122330222242395	ok		0
Standardpcaclusters	13	1222	mAOC0303	mAOC-CD56	gene	RNA	NCAM1	0.00567234433929871	ok		0.00351505505695612
Standardpcaclusters	14	84	mAOC0303	mAOC-CD56	gene	RNA	NCAM1	0.0205235655036235	ok		0
Standardpcaclusters	15	195	mAOC0303	mAOC-CD56	gene	RNA	NCAM1	0.00861925874463794	ok		0.0187652811347021
Standardpcaclusters	1	116	mAOC0305	mAOC-CD8a	gene	RNA	CD8A	0.826864092450635	ok		0.143402919979738
Standardpcaclusters	2	652	mAOC0305	mAOC-CD8a	gene	RNA	CD8A	0.0562466758197277	ok		0
Standardpcaclusters	3	2689	mAOC0305	mAOC-CD8a	gene	RNA	CD8A	0.00519546452310716	ok		0.00864723868288312
Standardpcaclusters	4	506	mAOC0305	mAOC-CD8a	gene	RNA	CD8A	0.0223344840815607	ok		0.00151505330735201
Standardpcaclusters	5	690	mAOC0305	mAOC-CD8a	gene	RNA	CD8A	0.00725969617493987	ok		0.00664017309132625
Standardpcaclusters	6	663	mAOC0305	mAOC-CD8a	gene	RNA	CD8A	0.031218026227536	ok		0.00762796398188333
Standardpcaclusters	7	1552	mAOC0305	mAOC-CD8a	gene	RNA	CD8A	0.000129871384324785	ok		0.0112351971819684
Standardpcaclusters	8	2101	mAOC0305	mAOC-CD8a	gene	RNA	CD8A	0.00396044130819278	ok		0.00722654966342093
Standardpcaclusters	9	440	mAOC0305	mAOC-CD8a	gene	RNA	CD8A	0.00610649498621437	ok		0.00348525653197998
Standardpcaclusters	10	1898	mAOC0305	mAOC-CD8a	gene	RNA	CD8A	0.00556667772121041	ok		0.0039849463616367
Standardpcaclusters	11	346	mAOC0305	mAOC-CD8a	gene	RNA	CD8A	0.00262510427707402	ok		0.00676886526630106
Standardpcaclusters	12	135	mAOC0305	mAOC-CD8a	gene	RNA	CD8A	0.0272305447263465	ok		0.00510936614332546
Standardpcaclusters	13	1222	mAOC0305	mAOC-CD8a	gene	RNA	CD8A	0.0853036686967121	ok		0.0034180033625579
Standardpcaclusters	14	84	mAOC0305	mAOC-CD8a	gene	RNA	CD8A	0.0738461829147149	ok		0
Standardpcaclusters	15	195	mAOC0305	mAOC-CD8a	gene	RNA	CD8A	0.0233783088423467	ok		0
Standardpcaclusters	1	116	mAOC0315	mAOC-CD3	gene	RNA	CD3E	1.15085208855427	ok		0.521605418192987
Standardpcaclusters	2	652	mAOC0315	mAOC-CD3	gene	RNA	CD3E	0.200354265085517	ok		0.00417367892631336
Standardpcaclusters	3	2689	mAOC0315	mAOC-CD3	gene	RNA	CD3E	0.0331559129446063	ok		0.0315173966821738
Standardpcaclusters	4	506	mAOC0315	mAOC-CD3	gene	RNA	CD3E	0.02850471884601	ok		0.0723982482307995
Standardpcaclusters	5	690	mAOC0315	mAOC-CD3	gene	RNA	CD3E	0.0498949391476677	ok		0.00656212282787243
Standardpcaclusters	6	663	mAOC0315	mAOC-CD3	gene	RNA	CD3E	0.057557130506192	ok		0.00286116931476533
Standardpcaclusters	7	1552	mAOC0315	mAOC-CD3	gene	RNA	CD3E	0.0308556595738217	ok		0.0123255514001186
Standardpcaclusters	8	2101	mAOC0315	mAOC-CD3	gene	RNA	CD3E	0.029367702975238	ok		0.00339270931815806
Standardpcaclusters	9	440	mAOC0315	mAOC-CD3	gene	RNA	CD3E	0.0379219110817812	ok		0.00154986074042908
Standardpcaclusters	10	1898	mAOC0315	mAOC-CD3	gene	RNA	CD3E	0.0310412601557281	ok		0.000235111753024467
Standardpcaclusters	11	346	mAOC0315	mAOC-CD3	gene	RNA	CD3E	0.00994188103711451	ok		0.0053817312094629
Standardpcaclusters	12	135	mAOC0315	mAOC-CD3	gene	RNA	CD3E	0.165485913910687	ok		0.00989438086602471
Standardpcaclusters	13	1222	mAOC0315	mAOC-CD3	gene	RNA	CD3E	0.187889147889243	ok		0.0170171349965933
Standardpcaclusters	14	84	mAOC0315	mAOC-CD3	gene	RNA	CD3E	0.175759974659589	ok		0
Standardpcaclusters	15	195	mAOC0315	mAOC-CD3	gene	RNA	CD3E	0.0598056510159697	ok		0.00341466615368624
Standardpcaclusters	1	116	mAOC0319	mAOC-CD79b	gene	RNA	CD79B	0.0772287664967989	ok		1.09862232996543
Standardpcaclusters	2	652	mAOC0319	mAOC-CD79b	gene	RNA	CD79B	0.153962196716304	ok		0.676737702893963
Standardpcaclusters	3	2689	mAOC0319	mAOC-CD79b	gene	RNA	CD79B	0.00352479822537404	ok		0.0236373868174303
Standardpcaclusters	4	506	mAOC0319	mAOC-CD79b	gene	RNA	CD79B	0.00613603003829838	ok		0.0440288589835161
Standardpcaclusters	5	690	mAOC0319	mAOC-CD79b	gene	RNA	CD79B	0.00954671248404302	ok		0.0223643848909917
Standardpcaclusters	6	663	mAOC0319	mAOC-CD79b	gene	RNA	CD79B	0.00910574350517136	ok		0.0230838495226803
Standardpcaclusters	7	1552	mAOC0319	mAOC-CD79b	gene	RNA	CD79B	0.00089054464965249	ok		0.0103130477244368
Standardpcaclusters	8	2101	mAOC0319	mAOC-CD79b	gene	RNA	CD79B	0.004462684294115	ok		0.00980709808223472
Standardpcaclusters	9	440	mAOC0319	mAOC-CD79b	gene	RNA	CD79B	0.00370872059088701	ok		0.0114253162445307
Standardpcaclusters	10	1898	mAOC0319	mAOC-CD79b	gene	RNA	CD79B	0.00586028076038351	ok		0.00344443198469694
Standardpcaclusters	11	346	mAOC0319	mAOC-CD79b	gene	RNA	CD79B	0.00553046056928466	ok		0.0361973760044587
Standardpcaclusters	12	135	mAOC0319	mAOC-CD79b	gene	RNA	CD79B	0.0218393271193911	ok		0.0465399324601505
Standardpcaclusters	13	1222	mAOC0319	mAOC-CD79b	gene	RNA	CD79B	0.0144076189044547	ok		0.0695267562352372
Standardpcaclusters	14	84	mAOC0319	mAOC-CD79b	gene	RNA	CD79B	0.0550420170397582	ok		0.0233997064052151
Standardpcaclusters	15	195	mAOC0319	mAOC-CD79b	gene	RNA	CD79B	0.0305385916193588	ok		0.0130695974926586
Standardpcaclusters	1	116	mAOC0321	mAOC-CD57	gene	RNA	B3GAT1	0	ok		0
Standardpcaclusters	2	652	mAOC0321	mAOC-CD57	gene	RNA	B3GAT1	0.00355354732331572	ok		0
Standardpcaclusters	3	2689	mAOC0321	mAOC-CD57	gene	RNA	B3GAT1	0.000672424973229522	ok		0.000173885806424718
Standardpcaclusters	4	506	mAOC0321	mAOC-CD57	gene	RNA	B3GAT1	0	ok		0
Standardpcaclusters	5	690	mAOC0321	mAOC-CD57	gene	RNA	B3GAT1	0.0192159153143206	ok		0
Standardpcaclusters	6	663	mAOC0321	mAOC-CD57	gene	RNA	B3GAT1	0.00475927140962783	ok		0
Standardpcaclusters	7	1552	mAOC0321	mAOC-CD57	gene	RNA	B3GAT1	0	ok		0
Standardpcaclusters	8	2101	mAOC0321	mAOC-CD57	gene	RNA	B3GAT1	0.00421701873231644	ok		0
Standardpcaclusters	9	440	mAOC0321	mAOC-CD57	gene	RNA	B3GAT1	0.00127962291144179	ok		0
Standardpcaclusters	10	1898	mAOC0321	mAOC-CD57	gene	RNA	B3GAT1	5.69655885027469e-05	ok		0.000707247975810575
Standardpcaclusters	11	346	mAOC0321	mAOC-CD57	gene	RNA	B3GAT1	0.00596905839596465	ok		0
Standardpcaclusters	12	135	mAOC0321	mAOC-CD57	gene	RNA	B3GAT1	0.00447001846376354	ok		0
Standardpcaclusters	13	1222	mAOC0321	mAOC-CD57	gene	RNA	B3GAT1	0.000750797676499858	ok		0
Standardpcaclusters	14	84	mAOC0321	mAOC-CD57	gene	RNA	B3GAT1	0	ok		0
Standardpcaclusters	15	195	mAOC0321	mAOC-CD57	gene	RNA	B3GAT1	0.00681121288515419	ok		0
Standardpcaclusters	1	116	mAOC0324	mAOC-CD49d	gene	RNA	ITGA4	0.0571854443712492	ok		0.728275971563461
Standardpcaclusters	2	652	mAOC0324	mAOC-CD49d	gene	RNA	ITGA4	0.0123476772007166	ok		0.293386964615
Standardpcaclusters	3	2689	mAOC0324	mAOC-CD49d	gene	RNA	ITGA4	0.00343691289030991	ok		0.588568091539597
Standardpcaclusters	4	506	mAOC0324	mAOC-CD49d	gene	RNA	ITGA4	0.00513125014291592	ok		0.604371931803195
Standardpcaclusters	5	690	mAOC0324	mAOC-CD49d	gene	RNA	ITGA4	0.00904247018186758	ok		0.519400096919373
Standardpcaclusters	6	663	mAOC0324	mAOC-CD49d	gene	RNA	ITGA4	0.00950138004346555	ok		0.82102050626178
Standardpcaclusters	7	1552	mAOC0324	mAOC-CD49d	gene	RNA	ITGA4	0.000705910056354891	ok		0.382660521225102
Standardpcaclusters	8	2101	mAOC0324	mAOC-CD49d	gene	RNA	ITGA4	0.00347740856908318	ok		0.392115141718122
Standardpcaclusters	9	440	mAOC0324	mAOC-CD49d	gene	RNA	ITGA4	0.00670307483627266	ok		0.798096756984323
Standardpcaclusters	10	1898	mAOC0324	mAOC-CD49d	gene	RNA	ITGA4	0.00709788023133596	ok		0.44613732137505
Standardpcaclusters	11	346	mAOC0324	mAOC-CD49d	gene	RNA	ITGA4	0.00225987185078752	ok		0.552375332843974
Standardpcaclusters	12	135	mAOC0324	mAOC-CD49d	gene	RNA	ITGA4	0.028978163006955	ok		0.698831246924313
Standardpcaclusters	13	1222	mAOC0324	mAOC-CD49d	gene	RNA	ITGA4	0.012136473203835	ok		1.26763054634295
Standardpcaclusters	14	84	mAOC0324	mAOC-CD49d	gene	RNA	ITGA4	0.0558860587687039	ok		0.195999522231968
Standardpcaclusters	15	195	mAOC0324	mAOC-CD49d	gene	RNA	ITGA4	0.0189994115754559	ok		0.0409114061813406
Standardpcaclusters	1	116	mAOC0326	mAOC-CD5	gene	RNA	CD5	1.69391591780313	ok		0.168129284025949
Standardpcaclusters	2	652	mAOC0326	mAOC-CD5	gene	RNA	CD5	2.02863652333099	ok		0.0582634289978554
Standardpcaclusters	3	2689	mAOC0326	mAOC-CD5	gene	RNA	CD5	0.0424491196299482	ok		0.000937679107417872
Standardpcaclusters	4	506	mAOC0326	mAOC-CD5	gene	RNA	CD5	0.223270573557714	ok		0.00777452382199562
Standardpcaclusters	5	690	mAOC0326	mAOC-CD5	gene	RNA	CD5	0.0293046338885595	ok		0
Standardpcaclusters	6	663	mAOC0326	mAOC-CD5	gene	RNA	CD5	0.0797312840056885	ok		0
Standardpcaclusters	7	1552	mAOC0326	mAOC-CD5	gene	RNA	CD5	0.0235206038394029	ok		0.001083356237681
Standardpcaclusters	8	2101	mAOC0326	mAOC-CD5	gene	RNA	CD5	0.0170787349462908	ok		0.000367158199647641
Standardpcaclusters	9	440	mAOC0326	mAOC-CD5	gene	RNA	CD5	0.0296923461379368	ok		0
Standardpcaclusters	10	1898	mAOC0326	mAOC-CD5	gene	RNA	CD5	0.0117631704596615	ok		0.00030496685866206
Standardpcaclusters	11	346	mAOC0326	mAOC-CD5	gene	RNA	CD5	0.00433835235928898	ok		0
Standardpcaclusters	12	135	mAOC0326	mAOC-CD5	gene	RNA	CD5	0.0928729957119533	ok		0
Standardpcaclusters	13	1222	mAOC0326	mAOC-CD5	gene	RNA	CD5	0.154198663559469	ok		0.001079388178426
Standardpcaclusters	14	84	mAOC0326	mAOC-CD5	gene	RNA	CD5	0.0974382422911578	ok		0
Standardpcaclusters	15	195	mAOC0326	mAOC-CD5	gene	RNA	CD5	0.126415058119903	ok		0.00905631632048273
Standardpcaclusters	1	116	mAOC0330	mAOC-CD49b	gene	RNA	ITGA2	0.00756893577189409	ok		0
Standardpcaclusters	2	652	mAOC0330	mAOC-CD49b	gene	RNA	ITGA2	0.00432823941989051	ok		0
Standardpcaclusters	3	2689	mAOC0330	mAOC-CD49b	gene	RNA	ITGA2	0.00257658166922342	ok		0.320816162191381
Standardpcaclusters	4	506	mAOC0330	mAOC-CD49b	gene	RNA	ITGA2	0.000944105209866658	ok		0.0900985975486408
Standardpcaclusters	5	690	mAOC0330	mAOC-CD49b	gene	RNA	ITGA2	0.00470381278911658	ok		0.753556698590817
Standardpcaclusters	6	663	mAOC0330	mAOC-CD49b	gene	RNA	ITGA2	0.00274042430614636	ok		0.191290825728427
Standardpcaclusters	7	1552	mAOC0330	mAOC-CD49b	gene	RNA	ITGA2	6.82022839981548e-05	ok		0.472106985899454
Standardpcaclusters	8	2101	mAOC0330	mAOC-CD49b	gene	RNA	ITGA2	0.000592435701524053	ok		1.23208250320946
Standardpcaclusters	9	440	mAOC0330	mAOC-CD49b	gene	RNA	ITGA2	0.00131045022991917	ok		0.151660321527244
Standardpcaclusters	10	1898	mAOC0330	mAOC-CD49b	gene	RNA	ITGA2	0.000716256679931399	ok		1.13069261718634
Standardpcaclusters	11	346	mAOC0330	mAOC-CD49b	gene	RNA	ITGA2	0.000367002443877329	ok		0.701023976548157
Standardpcaclusters	12	135	mAOC0330	mAOC-CD49b	gene	RNA	ITGA2	0.0167172299367421	ok		0.105831946944538
Standardpcaclusters	13	1222	mAOC0330	mAOC-CD49b	gene	RNA	ITGA2	0.00191526697783386	ok		0.0476152284481829
Standardpcaclusters	14	84	mAOC0330	mAOC-CD49b	gene	RNA	ITGA2	0.0205059619097968	ok		0.540825086740638
Standardpcaclusters	15	195	mAOC0330	mAOC-CD49b	gene	RNA	ITGA2	0.00297236381107572	ok		0.0127036672186771
Standardpcaclusters	1	116	mAOC0331	mAOC-CD226	gene	RNA	CD226	0.187735219901635	ok		0.0529045794033422
Standardpcaclusters	2	652	mAOC0331	mAOC-CD226	gene	RNA	CD226	0.0451541307151122	ok		0
Standardpcaclusters	3	2689	mAOC0331	mAOC-CD226	gene	RNA	CD226	0.0105535645518359	ok		0.00288379602876343
Standardpcaclusters	4	506	mAOC0331	mAOC-CD226	gene	RNA	CD226	0.0254649651945018	ok		0.036711419364771
Standardpcaclusters	5	690	mAOC0331	mAOC-CD226	gene	RNA	CD226	0.0285444067466838	ok		0.00721988780965794
Standardpcaclusters	6	663	mAOC0331	mAOC-CD226	gene	RNA	CD226	0.0316896666073881	ok		0.0116832066428106
Standardpcaclusters	7	1552	mAOC0331	mAOC-CD226	gene	RNA	CD226	0.00809029600640422	ok		0.00205632036489759
Standardpcaclusters	8	2101	mAOC0331	mAOC-CD226	gene	RNA	CD226	0.0205163112257194	ok		0.00691836353114132
Standardpcaclusters	9	440	mAOC0331	mAOC-CD226	gene	RNA	CD226	0.0102548671667763	ok		0.00721158843967263
Standardpcaclusters	10	1898	mAOC0331	mAOC-CD226	gene	RNA	CD226	0.0275244578551081	ok		0.030453030409774
Standardpcaclusters	11	346	mAOC0331	mAOC-CD226	gene	RNA	CD226	0.00646910572575213	ok		0.0723471177109981
Standardpcaclusters	12	135	mAOC0331	mAOC-CD226	gene	RNA	CD226	0.0962303612713155	ok		0.0965389347327382
Standardpcaclusters	13	1222	mAOC0331	mAOC-CD226	gene	RNA	CD226	0.0772729579972572	ok		0.00960885096300623
Standardpcaclusters	14	84	mAOC0331	mAOC-CD226	gene	RNA	CD226	1.64972703434908	ok		1.11612092152812
Standardpcaclusters	15	195	mAOC0331	mAOC-CD226	gene	RNA	CD226	0.824611992191456	ok		0.41255859167549
Standardpcaclusters	1	116	mAOC0334	mAOC-CD96	gene	RNA	CD96	0.00334778725013812	ok		0.906116770296689
Standardpcaclusters	2	652	mAOC0334	mAOC-CD96	gene	RNA	CD96	0.0123634172878167	ok		0.0458923191332738
Standardpcaclusters	3	2689	mAOC0334	mAOC-CD96	gene	RNA	CD96	0.00435453412002049	ok		0.0226190745096762
Standardpcaclusters	4	506	mAOC0334	mAOC-CD96	gene	RNA	CD96	0.004126778474374	ok		0.0399630797251941
Standardpcaclusters	5	690	mAOC0334	mAOC-CD96	gene	RNA	CD96	0.00773128140081316	ok		0.000817392413186166
Standardpcaclusters	6	663	mAOC0334	mAOC-CD96	gene	RNA	CD96	0.00441099983162411	ok		0.0187814066534761
Standardpcaclusters	7	1552	mAOC0334	mAOC-CD96	gene	RNA	CD96	0.00722396981618733	ok		0.00961873497858321
Standardpcaclusters	8	2101	mAOC0334	mAOC-CD96	gene	RNA	CD96	0.00898603991250722	ok		0.00331037132106798
Standardpcaclusters	9	440	mAOC0334	mAOC-CD96	gene	RNA	CD96	0.00750181878050657	ok		0.00244511919525678
Standardpcaclusters	10	1898	mAOC0334	mAOC-CD96	gene	RNA	CD96	0.00681365905462285	ok		0.00244222128938558
Standardpcaclusters	11	346	mAOC0334	mAOC-CD96	gene	RNA	CD96	0.00534844890430127	ok		0.0122641853243214
Standardpcaclusters	12	135	mAOC0334	mAOC-CD96	gene	RNA	CD96	0.00451630122991341	ok		0.00385229482427921
Standardpcaclusters	13	1222	mAOC0334	mAOC-CD96	gene	RNA	CD96	0.00452849586792958	ok		0.0200138658538649
Standardpcaclusters	14	84	mAOC0334	mAOC-CD96	gene	RNA	CD96	0	ok		0.0697862560446995
Standardpcaclusters	15	195	mAOC0334	mAOC-CD96	gene	RNA	CD96	0.00506976019359963	ok		0
Standardpcaclusters	1	116	mAOC0336	mAOC-CD34	gene	RNA	CD34	0.274633312184628	ok		0.0889464664245403
Standardpcaclusters	2	652	mAOC0336	mAOC-CD34	gene	RNA	CD34	0.0240277033592879	ok		0.00347057147412785
Standardpcaclusters	3	2689	mAOC0336	mAOC-CD34	gene	RNA	CD34	1.16197106784933	ok		0.490272648058701
Standardpcaclusters	4	506	mAOC0336	mAOC-CD34	gene	RNA	CD34	1.00295914691958	ok		0.371559822677758
Standardpcaclusters	5	690	mAOC0336	mAOC-CD34	gene	RNA	CD34	0.978174012776815	ok		0.489266278497596
Standardpcaclusters	6	663	mAOC0336	mAOC-CD34	gene	RNA	CD34	0.699966642937723	ok		0.266385888798138
Standardpcaclusters	7	1552	mAOC0336	mAOC-CD34	gene	RNA	CD34	1.20404732966339	ok		0.298669257522023
Standardpcaclusters	8	2101	mAOC0336	mAOC-CD34	gene	RNA	CD34	1.16720376776846	ok		0.361566752753954
Standardpcaclusters	9	440	mAOC0336	mAOC-CD34	gene	RNA	CD34	0.648975136080405	ok		0.248270875979872
Standardpcaclusters	10	1898	mAOC0336	mAOC-CD34	gene	RNA	CD34	0.613629220796424	ok		0.188734718950916
Standardpcaclusters	11	346	mAOC0336	mAOC-CD34	gene	RNA	CD34	0.89055674025764	ok		0.323583527670124
Standardpcaclusters	12	135	mAOC0336	mAOC-CD34	gene	RNA	CD34	0.793576784882178	ok		0.386112689900826
Standardpcaclusters	13	1222	mAOC0336	mAOC-CD34	gene	RNA	CD34	0.954398746276631	ok		0.76053448299773
Standardpcaclusters	14	84	mAOC0336	mAOC-CD34	gene	RNA	CD34	0.494186150435457	ok		0.0517844457000186
Standardpcaclusters	15	195	mAOC0336	mAOC-CD34	gene	RNA	CD34	0.191952995344959	ok		0
Standardpcaclusters	1	116	mAOC0339	mAOC-CD133	gene	RNA	PROM1	0	ok		0.0290979306318836
Standardpcaclusters	2	652	mAOC0339	mAOC-CD133	gene	RNA	PROM1	0.00168522814675623	ok		0.00175491994863043
Standardpcaclusters	3	2689	mAOC0339	mAOC-CD133	gene	RNA	PROM1	0	ok		0.301447585486866
Standardpcaclusters	4	506	mAOC0339	mAOC-CD133	gene	RNA	PROM1	0	ok		0.17893456757219
Standardpcaclusters	5	690	mAOC0339	mAOC-CD133	gene	RNA	PROM1	0.00111192752477031	ok		0.094519567627549
Standardpcaclusters	6	663	mAOC0339	mAOC-CD133	gene	RNA	PROM1	0.00175696882185337	ok		0.175197617118955
Standardpcaclusters	7	1552	mAOC0339	mAOC-CD133	gene	RNA	PROM1	0	ok		0.211276301184275
Standardpcaclusters	8	2101	mAOC0339	mAOC-CD133	gene	RNA	PROM1	0.000286416938389409	ok		0.0702364900274049
Standardpcaclusters	9	440	mAOC0339	mAOC-CD133	gene	RNA	PROM1	0.00112606136213886	ok		0.0271949517423649
Standardpcaclusters	10	1898	mAOC0339	mAOC-CD133	gene	RNA	PROM1	0	ok		0.01773975869131
Standardpcaclusters	11	346	mAOC0339	mAOC-CD133	gene	RNA	PROM1	0	ok		0.0752567371730947
Standardpcaclusters	12	135	mAOC0339	mAOC-CD133	gene	RNA	PROM1	0.00440627640604983	ok		0.121261454248201
Standardpcaclusters	13	1222	mAOC0339	mAOC-CD133	gene	RNA	PROM1	0.000499375104652479	ok		0.512538098465917
Standardpcaclusters	14	84	mAOC0339	mAOC-CD133	gene	RNA	PROM1	0	ok		0
Standardpcaclusters	15	195	mAOC0339	mAOC-CD133	gene	RNA	PROM1	0	ok		0.00530668387046931
Standardpcaclusters	1	116	mAOC0341	mAOC-HLA-DRA	gene	RNA	HLA-DRA	0	ok		1.67467335250043
Standardpcaclusters	2	652	mAOC0341	mAOC-HLA-DRA	gene	RNA	HLA-DRA	0.00437942301504277	ok		3.76409456085444
Standardpcaclusters	3	2689	mAOC0341	mAOC-HLA-DRA	gene	RNA	HLA-DRA	0	ok		1.92604976692664
Standardpcaclusters	4	506	mAOC0341	mAOC-HLA-DRA	gene	RNA	HLA-DRA	0	ok		2.6062614592889
Standardpcaclusters	5	690	mAOC0341	mAOC-HLA-DRA	gene	RNA	HLA-DRA	0	ok		2.44680034714199
Standardpcaclusters	6	663	mAOC0341	mAOC-HLA-DRA	gene	RNA	HLA-DRA	0.000670984529210929	ok		1.40752211350775
Standardpcaclusters	7	1552	mAOC0341	mAOC-HLA-DRA	gene	RNA	HLA-DRA	0	ok		2.11314743544462
Standardpcaclusters	8	2101	mAOC0341	mAOC-HLA-DRA	gene	RNA	HLA-DRA	0	ok		2.64501744668376
Standardpcaclusters	9	440	mAOC0341	mAOC-HLA-DRA	gene	RNA	HLA-DRA	0	ok		1.53302875544613
Standardpcaclusters	10	1898	mAOC0341	mAOC-HLA-DRA	gene	RNA	HLA-DRA	0	ok		1.97215910494753
Standardpcaclusters	11	346	mAOC0341	mAOC-HLA-DRA	gene	RNA	HLA-DRA	0	ok		1.63810402250612
Standardpcaclusters	12	135	mAOC0341	mAOC-HLA-DRA	gene	RNA	HLA-DRA	0	ok		1.5531645949315
Standardpcaclusters	13	1222	mAOC0341	mAOC-HLA-DRA	gene	RNA	HLA-DRA	0	ok		1.69538713570626
Standardpcaclusters	14	84	mAOC0341	mAOC-HLA-DRA	gene	RNA	HLA-DRA	0	ok		0.0769849724236471
Standardpcaclusters	15	195	mAOC0341	mAOC-HLA-DRA	gene	RNA	HLA-DRA	0	ok		2.64462724130072
Standardpcaclusters	1	116	mAOC0440	mAOC-CD70	gene	RNA	CD70	0.387417156005868	ok		0.013957824215966
Standardpcaclusters	2	652	mAOC0440	mAOC-CD70	gene	RNA	CD70	0.179753961039681	ok		0.168279142461019
Standardpcaclusters	3	2689	mAOC0440	mAOC-CD70	gene	RNA	CD70	0.0818967371546055	ok		0.102522750843489
Standardpcaclusters	4	506	mAOC0440	mAOC-CD70	gene	RNA	CD70	0.100204870280697	ok		0.0371219072127357
Standardpcaclusters	5	690	mAOC0440	mAOC-CD70	gene	RNA	CD70	0.161245763786444	ok		0.445805917636096
Standardpcaclusters	6	663	mAOC0440	mAOC-CD70	gene	RNA	CD70	0.210616239675184	ok		0.156840851727017
Standardpcaclusters	7	1552	mAOC0440	mAOC-CD70	gene	RNA	CD70	0.120044909941352	ok		0.143177631430703
Standardpcaclusters	8	2101	mAOC0440	mAOC-CD70	gene	RNA	CD70	0.214045872871199	ok		0.44240683327509
Standardpcaclusters	9	440	mAOC0440	mAOC-CD70	gene	RNA	CD70	1.39261401334177	ok		0.550680025831467
Standardpcaclusters	10	1898	mAOC0440	mAOC-CD70	gene	RNA	CD70	0.913600513783812	ok		0.269104315727017
Standardpcaclusters	11	346	mAOC0440	mAOC-CD70	gene	RNA	CD70	0.704081588855058	ok		0.285858999669695
Standardpcaclusters	12	135	mAOC0440	mAOC-CD70	gene	RNA	CD70	1.26967720249004	ok		0.0802336174615285
Standardpcaclusters	13	1222	mAOC0440	mAOC-CD70	gene	RNA	CD70	0.520779954529744	ok		0.0829564543496095
Standardpcaclusters	14	84	mAOC0440	mAOC-CD70	gene	RNA	CD70	1.28798977353051	ok		0.019414395269803
Standardpcaclusters	15	195	mAOC0440	mAOC-CD70	gene	RNA	CD70	0.220289235439805	ok		0.0314102512953476
Standardpcaclusters	1	116	mAOC0442	mAOC-CD105	gene	RNA	ENG	0.0965807422677088	ok		0.0199071357535932
Standardpcaclusters	2	652	mAOC0442	mAOC-CD105	gene	RNA	ENG	0.0232315465829115	ok		0
Standardpcaclusters	3	2689	mAOC0442	mAOC-CD105	gene	RNA	ENG	0.00824743571111493	ok		0.112642358579046
Standardpcaclusters	4	506	mAOC0442	mAOC-CD105	gene	RNA	ENG	0.00774360493674329	ok		0.142204976361828
Standardpcaclusters	5	690	mAOC0442	mAOC-CD105	gene	RNA	ENG	0.0122265148805445	ok		0.16435323848429
Standardpcaclusters	6	663	mAOC0442	mAOC-CD105	gene	RNA	ENG	0.0163373052514971	ok		0.0794479473200217
Standardpcaclusters	7	1552	mAOC0442	mAOC-CD105	gene	RNA	ENG	0.00464082418756527	ok		0.0904631841187727
Standardpcaclusters	8	2101	mAOC0442	mAOC-CD105	gene	RNA	ENG	0.00983115902503833	ok		0.160832082849649
Standardpcaclusters	9	440	mAOC0442	mAOC-CD105	gene	RNA	ENG	0.00884223891673154	ok		0.0270596419951868
Standardpcaclusters	10	1898	mAOC0442	mAOC-CD105	gene	RNA	ENG	0.0134112373850111	ok		0.0448325467502044
Standardpcaclusters	11	346	mAOC0442	mAOC-CD105	gene	RNA	ENG	0.00597862107919865	ok		0.0583823075986539
Standardpcaclusters	12	135	mAOC0442	mAOC-CD105	gene	RNA	ENG	0.0472806642252134	ok		0.0240783964818747
Standardpcaclusters	13	1222	mAOC0442	mAOC-CD105	gene	RNA	ENG	0.0452885717851009	ok		0.116091039656915
Standardpcaclusters	14	84	mAOC0442	mAOC-CD105	gene	RNA	ENG	0.174034291457159	ok		0.0893459691760372
Standardpcaclusters	15	195	mAOC0442	mAOC-CD105	gene	RNA	ENG	0.0472205329965684	ok		0.566321447171105
Standardpcaclusters	1	116	mAOC0444	mAOC-CD124	gene	RNA	IL4R	0.393119410735916	ok		0.291129979582757
Standardpcaclusters	2	652	mAOC0444	mAOC-CD124	gene	RNA	IL4R	0.533261817280095	ok		0.480208912245414
Standardpcaclusters	3	2689	mAOC0444	mAOC-CD124	gene	RNA	IL4R	0.0727546318964262	ok		0.2723605420956
Standardpcaclusters	4	506	mAOC0444	mAOC-CD124	gene	RNA	IL4R	0.129134759492593	ok		0.357363942393553
Standardpcaclusters	5	690	mAOC0444	mAOC-CD124	gene	RNA	IL4R	0.0415258484214721	ok		0.251241195724176
Standardpcaclusters	6	663	mAOC0444	mAOC-CD124	gene	RNA	IL4R	0.0805993210375124	ok		0.218105409976964
Standardpcaclusters	7	1552	mAOC0444	mAOC-CD124	gene	RNA	IL4R	0.0545325603140513	ok		0.445117536223261
Standardpcaclusters	8	2101	mAOC0444	mAOC-CD124	gene	RNA	IL4R	0.0287223435991245	ok		0.360859439930184
Standardpcaclusters	9	440	mAOC0444	mAOC-CD124	gene	RNA	IL4R	0.0200773907785536	ok		0.228067794084456
Standardpcaclusters	10	1898	mAOC0444	mAOC-CD124	gene	RNA	IL4R	0.0343636430787748	ok		0.234741264593788
Standardpcaclusters	11	346	mAOC0444	mAOC-CD124	gene	RNA	IL4R	0.00758419267784638	ok		0.242866042582956
Standardpcaclusters	12	135	mAOC0444	mAOC-CD124	gene	RNA	IL4R	0.103967981957123	ok		0.231040968991534
Standardpcaclusters	13	1222	mAOC0444	mAOC-CD124	gene	RNA	IL4R	0.0913348734673206	ok		0.184011129965407
Standardpcaclusters	14	84	mAOC0444	mAOC-CD124	gene	RNA	IL4R	0.205229208936822	ok		0.118421030020535
Standardpcaclusters	15	195	mAOC0444	mAOC-CD124	gene	RNA	IL4R	0.80927655468667	ok		0.839963724940074
Standardpcaclusters	1	116	mAOC0448	mAOC-CD155	gene	RNA	PVR	0.108242019755518	ok		0
Standardpcaclusters	2	652	mAOC0448	mAOC-CD155	gene	RNA	PVR	0.0233471049590159	ok		0
Standardpcaclusters	3	2689	mAOC0448	mAOC-CD155	gene	RNA	PVR	0.0101999333779506	ok		0.0613835987340535
Standardpcaclusters	4	506	mAOC0448	mAOC-CD155	gene	RNA	PVR	0.011370033766545	ok		0.0231891213728266
Standardpcaclusters	5	690	mAOC0448	mAOC-CD155	gene	RNA	PVR	0.0126161052185401	ok		0.0391684047465995
Standardpcaclusters	6	663	mAOC0448	mAOC-CD155	gene	RNA	PVR	0.0163894758090749	ok		0.0495665152799302
Standardpcaclusters	7	1552	mAOC0448	mAOC-CD155	gene	RNA	PVR	0.00279376262227405	ok		0.062456271833151
Standardpcaclusters	8	2101	mAOC0448	mAOC-CD155	gene	RNA	PVR	0.00958308911138076	ok		0.042645739512854
Standardpcaclusters	9	440	mAOC0448	mAOC-CD155	gene	RNA	PVR	0.00635761359623989	ok		0.0283005335819323
Standardpcaclusters	10	1898	mAOC0448	mAOC-CD155	gene	RNA	PVR	0.0132563826117055	ok		0.0143737646415758
Standardpcaclusters	11	346	mAOC0448	mAOC-CD155	gene	RNA	PVR	0.00574086958180802	ok		0.0324802855159796
Standardpcaclusters	12	135	mAOC0448	mAOC-CD155	gene	RNA	PVR	0.093083463981476	ok		0.0239924914512666
Standardpcaclusters	13	1222	mAOC0448	mAOC-CD155	gene	RNA	PVR	0.0631710967675911	ok		0.033276215425196
Standardpcaclusters	14	84	mAOC0448	mAOC-CD155	gene	RNA	PVR	0.132434387872535	ok		0.0422636151166925
Standardpcaclusters	15	195	mAOC0448	mAOC-CD155	gene	RNA	PVR	0.069098007937258	ok		0.0700819579583146
Standardpcaclusters	1	116	mAOC0450	mAOC-CD40	gene	RNA	CD40	0.401791110161264	ok		0.134328080416142
Standardpcaclusters	2	652	mAOC0450	mAOC-CD40	gene	RNA	CD40	2.17064231726569	ok		0.764981849683083
Standardpcaclusters	3	2689	mAOC0450	mAOC-CD40	gene	RNA	CD40	0.0129434106398395	ok		0.0235022070723049
Standardpcaclusters	4	506	mAOC0450	mAOC-CD40	gene	RNA	CD40	0.154870632518443	ok		0.0521339360435611
Standardpcaclusters	5	690	mAOC0450	mAOC-CD40	gene	RNA	CD40	0.0264068618238837	ok		0.0416926231145853
Standardpcaclusters	6	663	mAOC0450	mAOC-CD40	gene	RNA	CD40	0.0728173353743825	ok		0.013241877535566
Standardpcaclusters	7	1552	mAOC0450	mAOC-CD40	gene	RNA	CD40	0.0079192863947843	ok		0.061984356649103
Standardpcaclusters	8	2101	mAOC0450	mAOC-CD40	gene	RNA	CD40	0.04623523237276	ok		0.108430180553502
Standardpcaclusters	9	440	mAOC0450	mAOC-CD40	gene	RNA	CD40	0.196911097590301	ok		0.0325486492617683
Standardpcaclusters	10	1898	mAOC0450	mAOC-CD40	gene	RNA	CD40	0.268581452101156	ok		0.0444631282223474
Standardpcaclusters	11	346	mAOC0450	mAOC-CD40	gene	RNA	CD40	0.363777143217911	ok		0.0713325793412042
Standardpcaclusters	12	135	mAOC0450	mAOC-CD40	gene	RNA	CD40	0.524708557357845	ok		0.0749836355058886
Standardpcaclusters	13	1222	mAOC0450	mAOC-CD40	gene	RNA	CD40	0.10827270189254	ok		0.057140822986294
Standardpcaclusters	14	84	mAOC0450	mAOC-CD40	gene	RNA	CD40	1.51236689930284	ok		0.116624276751218
Standardpcaclusters	15	195	mAOC0450	mAOC-CD40	gene	RNA	CD40	0.992330247668418	ok		0.0892410882724423
Standardpcaclusters	1	116	mAOC0451	mAOC-CD40	gene	RNA	CD40	0.401791110161264	ok		0.134328080416142
Standardpcaclusters	2	652	mAOC0451	mAOC-CD40	gene	RNA	CD40	2.17064231726569	ok		0.764981849683083
Standardpcaclusters	3	2689	mAOC0451	mAOC-CD40	gene	RNA	CD40	0.0129434106398395	ok		0.0235022070723049
Standardpcaclusters	4	506	mAOC0451	mAOC-CD40	gene	RNA	CD40	0.154870632518443	ok		0.0521339360435611
Standardpcaclusters	5	690	mAOC0451	mAOC-CD40	gene	RNA	CD40	0.0264068618238837	ok		0.0416926231145853
Standardpcaclusters	6	663	mAOC0451	mAOC-CD40	gene	RNA	CD40	0.0728173353743825	ok		0.013241877535566
Standardpcaclusters	7	1552	mAOC0451	mAOC-CD40	gene	RNA	CD40	0.0079192863947843	ok		0.061984356649103
Standardpcaclusters	8	2101	mAOC0451	mAOC-CD40	gene	RNA	CD40	0.04623523237276	ok		0.108430180553502
Standardpcaclusters	9	440	mAOC0451	mAOC-CD40	gene	RNA	CD40	0.196911097590301	ok		0.0325486492617683
Standardpcaclusters	10	1898	mAOC0451	mAOC-CD40	gene	RNA	CD40	0.268581452101156	ok		0.0444631282223474
Standardpcaclusters	11	346	mAOC0451	mAOC-CD40	gene	RNA	CD40	0.363777143217911	ok		0.0713325793412042
Standardpcaclusters	12	135	mAOC0451	mAOC-CD40	gene	RNA	CD40	0.524708557357845	ok		0.0749836355058886
Standardpcaclusters	13	1222	mAOC0451	mAOC-CD40	gene	RNA	CD40	0.10827270189254	ok		0.057140822986294
Standardpcaclusters	14	84	mAOC0451	mAOC-CD40	gene	RNA	CD40	1.51236689930284	ok		0.116624276751218
Standardpcaclusters	15	195	mAOC0451	mAOC-CD40	gene	RNA	CD40	0.992330247668418	ok		0.0892410882724423
Standardpcaclusters	1	116	mAOC0452	mAOC-CD154	gene	RNA	CD40LG	0.125099533372082	ok		0
Standardpcaclusters	2	652	mAOC0452	mAOC-CD154	gene	RNA	CD40LG	0.0291821739179724	ok		0
Standardpcaclusters	3	2689	mAOC0452	mAOC-CD154	gene	RNA	CD40LG	0.00767516890435831	ok		0
Standardpcaclusters	4	506	mAOC0452	mAOC-CD154	gene	RNA	CD40LG	0.0100049615891093	ok		0
Standardpcaclusters	5	690	mAOC0452	mAOC-CD154	gene	RNA	CD40LG	0.0154041640476411	ok		0.00060226648395523
Standardpcaclusters	6	663	mAOC0452	mAOC-CD154	gene	RNA	CD40LG	0.0244087962103916	ok		0.00231725347219846
Standardpcaclusters	7	1552	mAOC0452	mAOC-CD154	gene	RNA	CD40LG	0.00278619899214988	ok		0.00142373971655926
Standardpcaclusters	8	2101	mAOC0452	mAOC-CD154	gene	RNA	CD40LG	0.0108392148108022	ok		0.00880566281628159
Standardpcaclusters	9	440	mAOC0452	mAOC-CD154	gene	RNA	CD40LG	0.0165921657926133	ok		0.113900467333931
Standardpcaclusters	10	1898	mAOC0452	mAOC-CD154	gene	RNA	CD40LG	0.0292291924393377	ok		0.144791871803485
Standardpcaclusters	11	346	mAOC0452	mAOC-CD154	gene	RNA	CD40LG	0.00577952366207549	ok		0.0454303790924449
Standardpcaclusters	12	135	mAOC0452	mAOC-CD154	gene	RNA	CD40LG	0.0500603831948795	ok		0.0301982663313136
Standardpcaclusters	13	1222	mAOC0452	mAOC-CD154	gene	RNA	CD40LG	0.0489588854974619	ok		0.00435529314297137
Standardpcaclusters	14	84	mAOC0452	mAOC-CD154	gene	RNA	CD40LG	0.185709362127163	ok		0.192187051353014
Standardpcaclusters	15	195	mAOC0452	mAOC-CD154	gene	RNA	CD40LG	0.186329382652094	ok		0
Standardpcaclusters	1	116	mAOC0453	mAOC-HLA-ABC	gene	RNA	HLA-A	0.194845703812076	ok		2.35298061635911
Standardpcaclusters	2	652	mAOC0453	mAOC-HLA-ABC	gene	RNA	HLA-A	0.0315504462707779	ok		2.60470967508224
Standardpcaclusters	3	2689	mAOC0453	mAOC-HLA-ABC	gene	RNA	HLA-A	0.0161299319473106	ok		1.99601399018252
Standardpcaclusters	4	506	mAOC0453	mAOC-HLA-ABC	gene	RNA	HLA-A	0.0224250406583921	ok		1.93887426848254
Standardpcaclusters	5	690	mAOC0453	mAOC-HLA-ABC	gene	RNA	HLA-A	0.0245204922429624	ok		1.82340179703605
Standardpcaclusters	6	663	mAOC0453	mAOC-HLA-ABC	gene	RNA	HLA-A	0.0247092908409481	ok		1.42960761826061
Standardpcaclusters	7	1552	mAOC0453	mAOC-HLA-ABC	gene	RNA	HLA-A	0.00567572628216138	ok		2.08312514310149
Standardpcaclusters	8	2101	mAOC0453	mAOC-HLA-ABC	gene	RNA	HLA-A	0.0150521431594696	ok		1.91742556626043
Standardpcaclusters	9	440	mAOC0453	mAOC-HLA-ABC	gene	RNA	HLA-A	0.0206473034091252	ok		1.28117582485015
Standardpcaclusters	10	1898	mAOC0453	mAOC-HLA-ABC	gene	RNA	HLA-A	0.0194256759438375	ok		1.51576835533699
Standardpcaclusters	11	346	mAOC0453	mAOC-HLA-ABC	gene	RNA	HLA-A	0.00754299970105924	ok		1.50462923390632
Standardpcaclusters	12	135	mAOC0453	mAOC-HLA-ABC	gene	RNA	HLA-A	0.113668515532263	ok		1.40180556988734
Standardpcaclusters	13	1222	mAOC0453	mAOC-HLA-ABC	gene	RNA	HLA-A	0.0667182620879283	ok		0.978845156521588
Standardpcaclusters	14	84	mAOC0453	mAOC-HLA-ABC	gene	RNA	HLA-A	0.268988353787782	ok		2.59770815013685
Standardpcaclusters	15	195	mAOC0453	mAOC-HLA-ABC	gene	RNA	HLA-A	0.0528696401054821	ok		1.94300819964376
Standardpcaclusters	1	116	mAOC0454	mAOC-CD123	gene	RNA	IL3RA	0.459713377208016	ok		0.0142948951621504
Standardpcaclusters	2	652	mAOC0454	mAOC-CD123	gene	RNA	IL3RA	0.249611870923075	ok		0.00694235178629101
Standardpcaclusters	3	2689	mAOC0454	mAOC-CD123	gene	RNA	IL3RA	1.58518865162617	ok		0.842237695496728
Standardpcaclusters	4	506	mAOC0454	mAOC-CD123	gene	RNA	IL3RA	2.21491993210106	ok		0.759829937651582
Standardpcaclusters	5	690	mAOC0454	mAOC-CD123	gene	RNA	IL3RA	1.40106206567183	ok		0.858262146467638
Standardpcaclusters	6	663	mAOC0454	mAOC-CD123	gene	RNA	IL3RA	1.56383974142326	ok		0.633872978404331
Standardpcaclusters	7	1552	mAOC0454	mAOC-CD123	gene	RNA	IL3RA	1.27488309514463	ok		1.02196361808231
Standardpcaclusters	8	2101	mAOC0454	mAOC-CD123	gene	RNA	IL3RA	1.11481376701904	ok		0.945692556344659
Standardpcaclusters	9	440	mAOC0454	mAOC-CD123	gene	RNA	IL3RA	0.217391968652069	ok		0.123376214096145
Standardpcaclusters	10	1898	mAOC0454	mAOC-CD123	gene	RNA	IL3RA	0.712315545209411	ok		0.589846981637869
Standardpcaclusters	11	346	mAOC0454	mAOC-CD123	gene	RNA	IL3RA	0.474561562551736	ok		0.413540920567323
Standardpcaclusters	12	135	mAOC0454	mAOC-CD123	gene	RNA	IL3RA	0.45879367557621	ok		0.168402469708708
Standardpcaclusters	13	1222	mAOC0454	mAOC-CD123	gene	RNA	IL3RA	0.736851404328946	ok		0.395511533753647
Standardpcaclusters	14	84	mAOC0454	mAOC-CD123	gene	RNA	IL3RA	0.540666970426656	ok		0.0582061925386013
Standardpcaclusters	15	195	mAOC0454	mAOC-CD123	gene	RNA	IL3RA	0.859794322412267	ok		0.452947950539796
Standardpcaclusters	1	116	mAOC0455	mAOC-CD49f	gene	RNA	ITGA6	0.433514848567914	ok		0.0376038825513379
Standardpcaclusters	2	652	mAOC0455	mAOC-CD49f	gene	RNA	ITGA6	0.154692304066635	ok		0
Standardpcaclusters	3	2689	mAOC0455	mAOC-CD49f	gene	RNA	ITGA6	0.379844474017897	ok		0.0984065471025916
Standardpcaclusters	4	506	mAOC0455	mAOC-CD49f	gene	RNA	ITGA6	0.365115323735291	ok		0.0336320367250865
Standardpcaclusters	5	690	mAOC0455	mAOC-CD49f	gene	RNA	ITGA6	0.610925884126042	ok		0.152249047778612
Standardpcaclusters	6	663	mAOC0455	mAOC-CD49f	gene	RNA	ITGA6	0.469767594538726	ok		0.0487137149331563
Standardpcaclusters	7	1552	mAOC0455	mAOC-CD49f	gene	RNA	ITGA6	0.38316372465283	ok		0.109578958996323
Standardpcaclusters	8	2101	mAOC0455	mAOC-CD49f	gene	RNA	ITGA6	0.652890736359051	ok		0.195019218972803
Standardpcaclusters	9	440	mAOC0455	mAOC-CD49f	gene	RNA	ITGA6	0.466884181915715	ok		0.0345926339673439
Standardpcaclusters	10	1898	mAOC0455	mAOC-CD49f	gene	RNA	ITGA6	0.534996406872213	ok		0.0821300560096051
Standardpcaclusters	11	346	mAOC0455	mAOC-CD49f	gene	RNA	ITGA6	0.714675113758726	ok		0.125962256749546
Standardpcaclusters	12	135	mAOC0455	mAOC-CD49f	gene	RNA	ITGA6	0.887474537429555	ok		0.0713970891311734
Standardpcaclusters	13	1222	mAOC0455	mAOC-CD49f	gene	RNA	ITGA6	0.4221137382921	ok		0.110775959504305
Standardpcaclusters	14	84	mAOC0455	mAOC-CD49f	gene	RNA	ITGA6	3.64590804461672	ok		0.663677816849664
Standardpcaclusters	15	195	mAOC0455	mAOC-CD49f	gene	RNA	ITGA6	1.71394781935027	ok		0
Standardpcaclusters	1	116	mAOC0459	mAOC-CD183	gene	RNA	CXCR3	0.577346684332458	ok		0.047628589680884
Standardpcaclusters	2	652	mAOC0459	mAOC-CD183	gene	RNA	CXCR3	0.292297681899062	ok		0.00387473443910705
Standardpcaclusters	3	2689	mAOC0459	mAOC-CD183	gene	RNA	CXCR3	0.118883339708908	ok		0.00160204928837095
Standardpcaclusters	4	506	mAOC0459	mAOC-CD183	gene	RNA	CXCR3	0.241919893791732	ok		0.0601645139526912
Standardpcaclusters	5	690	mAOC0459	mAOC-CD183	gene	RNA	CXCR3	0.135527643010776	ok		0.0225312566030253
Standardpcaclusters	6	663	mAOC0459	mAOC-CD183	gene	RNA	CXCR3	0.15772846671242	ok		0.0114095954509201
Standardpcaclusters	7	1552	mAOC0459	mAOC-CD183	gene	RNA	CXCR3	0.109385629391133	ok		0.0012051673499099
Standardpcaclusters	8	2101	mAOC0459	mAOC-CD183	gene	RNA	CXCR3	0.129066923579083	ok		0.0100695094340017
Standardpcaclusters	9	440	mAOC0459	mAOC-CD183	gene	RNA	CXCR3	0.122756411256015	ok		0.0128590443054695
Standardpcaclusters	10	1898	mAOC0459	mAOC-CD183	gene	RNA	CXCR3	0.0939772711652995	ok		0.0217278529427434
Standardpcaclusters	11	346	mAOC0459	mAOC-CD183	gene	RNA	CXCR3	0.0930105108388992	ok		0.0256031972154223
Standardpcaclusters	12	135	mAOC0459	mAOC-CD183	gene	RNA	CXCR3	0.346364983824854	ok		0
Standardpcaclusters	13	1222	mAOC0459	mAOC-CD183	gene	RNA	CXCR3	0.230894476707261	ok		0.000896092633660517
Standardpcaclusters	14	84	mAOC0459	mAOC-CD183	gene	RNA	CXCR3	0.419845816452758	ok		0
Standardpcaclusters	15	195	mAOC0459	mAOC-CD183	gene	RNA	CXCR3	0.48417929490418	ok		0
Standardpcaclusters	1	116	mAOC0460	mAOC-CD195	gene	RNA	CCR5	0.224603759829265	ok		0
Standardpcaclusters	2	652	mAOC0460	mAOC-CD195	gene	RNA	CCR5	0.0420728156367311	ok		0
Standardpcaclusters	3	2689	mAOC0460	mAOC-CD195	gene	RNA	CCR5	0.0200138207630105	ok		0
Standardpcaclusters	4	506	mAOC0460	mAOC-CD195	gene	RNA	CCR5	0.0303335479580433	ok		0.011004998668932
Standardpcaclusters	5	690	mAOC0460	mAOC-CD195	gene	RNA	CCR5	0.0279936367758934	ok		0.0021542844901151
Standardpcaclusters	6	663	mAOC0460	mAOC-CD195	gene	RNA	CCR5	0.0368246096658406	ok		0
Standardpcaclusters	7	1552	mAOC0460	mAOC-CD195	gene	RNA	CCR5	0.0176067477185749	ok		0
Standardpcaclusters	8	2101	mAOC0460	mAOC-CD195	gene	RNA	CCR5	0.0193328907401101	ok		0.000273547459598528
Standardpcaclusters	9	440	mAOC0460	mAOC-CD195	gene	RNA	CCR5	0.0219144407495671	ok		0
Standardpcaclusters	10	1898	mAOC0460	mAOC-CD195	gene	RNA	CCR5	0.0244123971937638	ok		0.000196261725466477
Standardpcaclusters	11	346	mAOC0460	mAOC-CD195	gene	RNA	CCR5	0.0166039985829303	ok		0.000790978436218522
Standardpcaclusters	12	135	mAOC0460	mAOC-CD195	gene	RNA	CCR5	0.0859215132343931	ok		0
Standardpcaclusters	13	1222	mAOC0460	mAOC-CD195	gene	RNA	CCR5	0.0920138384763401	ok		0
Standardpcaclusters	14	84	mAOC0460	mAOC-CD195	gene	RNA	CCR5	0.15478741715649	ok		0
Standardpcaclusters	15	195	mAOC0460	mAOC-CD195	gene	RNA	CCR5	0.102977471902894	ok		0.0427692165496682
Standardpcaclusters	1	116	mAOC0461	mAOC-CD185	gene	RNA	CXCR5	0.17710884422236	ok		0
Standardpcaclusters	2	652	mAOC0461	mAOC-CD185	gene	RNA	CXCR5	0.0743238563465604	ok		0.363317485336325
Standardpcaclusters	3	2689	mAOC0461	mAOC-CD185	gene	RNA	CXCR5	0.0067397814756628	ok		0
Standardpcaclusters	4	506	mAOC0461	mAOC-CD185	gene	RNA	CXCR5	0.0134305107212736	ok		0.0073107251671879
Standardpcaclusters	5	690	mAOC0461	mAOC-CD185	gene	RNA	CXCR5	0.0133599743946717	ok		0
Standardpcaclusters	6	663	mAOC0461	mAOC-CD185	gene	RNA	CXCR5	0.0151442996291119	ok		0
Standardpcaclusters	7	1552	mAOC0461	mAOC-CD185	gene	RNA	CXCR5	0.00258697239034369	ok		0
Standardpcaclusters	8	2101	mAOC0461	mAOC-CD185	gene	RNA	CXCR5	0.00773177455307828	ok		0
Standardpcaclusters	9	440	mAOC0461	mAOC-CD185	gene	RNA	CXCR5	0.0106003267404703	ok		0
Standardpcaclusters	10	1898	mAOC0461	mAOC-CD185	gene	RNA	CXCR5	0.0138101392164163	ok		0
Standardpcaclusters	11	346	mAOC0461	mAOC-CD185	gene	RNA	CXCR5	0.00247429352814239	ok		0
Standardpcaclusters	12	135	mAOC0461	mAOC-CD185	gene	RNA	CXCR5	0.0502608469135599	ok		0.00243459701148508
Standardpcaclusters	13	1222	mAOC0461	mAOC-CD185	gene	RNA	CXCR5	0.0486099451079929	ok		0
Standardpcaclusters	14	84	mAOC0461	mAOC-CD185	gene	RNA	CXCR5	0.108006722263727	ok		0
Standardpcaclusters	15	195	mAOC0461	mAOC-CD185	gene	RNA	CXCR5	0.0243561004528757	ok		0
Standardpcaclusters	1	116	mAOC0464	mAOC-CD141	gene	RNA	THBD	0.232409867024925	ok		0
Standardpcaclusters	2	652	mAOC0464	mAOC-CD141	gene	RNA	THBD	0.0632576702874189	ok		0
Standardpcaclusters	3	2689	mAOC0464	mAOC-CD141	gene	RNA	THBD	0.0432855026791302	ok		0.00134225068517783
Standardpcaclusters	4	506	mAOC0464	mAOC-CD141	gene	RNA	THBD	0.0513619858763522	ok		0.0218092364457889
Standardpcaclusters	5	690	mAOC0464	mAOC-CD141	gene	RNA	THBD	0.0566643478552399	ok		0.0112164146998444
Standardpcaclusters	6	663	mAOC0464	mAOC-CD141	gene	RNA	THBD	0.0630888362561317	ok		0.0217415718437644
Standardpcaclusters	7	1552	mAOC0464	mAOC-CD141	gene	RNA	THBD	0.0443474867228059	ok		0.00116308794263463
Standardpcaclusters	8	2101	mAOC0464	mAOC-CD141	gene	RNA	THBD	0.0371257697474505	ok		0.00064925160954989
Standardpcaclusters	9	440	mAOC0464	mAOC-CD141	gene	RNA	THBD	0.0545842850993746	ok		0.00327696869893249
Standardpcaclusters	10	1898	mAOC0464	mAOC-CD141	gene	RNA	THBD	0.0484879399300893	ok		0.00331162352261358
Standardpcaclusters	11	346	mAOC0464	mAOC-CD141	gene	RNA	THBD	0.0319098993876051	ok		0.00389160107196099
Standardpcaclusters	12	135	mAOC0464	mAOC-CD141	gene	RNA	THBD	0.139776656633176	ok		0
Standardpcaclusters	13	1222	mAOC0464	mAOC-CD141	gene	RNA	THBD	0.137118954212131	ok		0.00105662449224923
Standardpcaclusters	14	84	mAOC0464	mAOC-CD141	gene	RNA	THBD	0.495669561114867	ok		0.0241982523142847
Standardpcaclusters	15	195	mAOC0464	mAOC-CD141	gene	RNA	THBD	0.0971638692932918	ok		0.0685656865129823
Standardpcaclusters	1	116	mAOC0465	mAOC-CD58	gene	RNA	CD58	0.012914792162724	ok		0.227599585779314
Standardpcaclusters	2	652	mAOC0465	mAOC-CD58	gene	RNA	CD58	0.00355211218339286	ok		1.11420152904478
Standardpcaclusters	3	2689	mAOC0465	mAOC-CD58	gene	RNA	CD58	0.00128258317274078	ok		0.591173574484895
Standardpcaclusters	4	506	mAOC0465	mAOC-CD58	gene	RNA	CD58	0.00269229368224454	ok		0.856093922385785
Standardpcaclusters	5	690	mAOC0465	mAOC-CD58	gene	RNA	CD58	0.00238629112222865	ok		0.42328163993812
Standardpcaclusters	6	663	mAOC0465	mAOC-CD58	gene	RNA	CD58	0.00426165941212323	ok		0.398814526634657
Standardpcaclusters	7	1552	mAOC0465	mAOC-CD58	gene	RNA	CD58	0	ok		0.510966316532634
Standardpcaclusters	8	2101	mAOC0465	mAOC-CD58	gene	RNA	CD58	0.00160192888348839	ok		0.426969624582357
Standardpcaclusters	9	440	mAOC0465	mAOC-CD58	gene	RNA	CD58	0.00153601458170732	ok		0.262782750572191
Standardpcaclusters	10	1898	mAOC0465	mAOC-CD58	gene	RNA	CD58	0.00190059169666143	ok		0.244033076680644
Standardpcaclusters	11	346	mAOC0465	mAOC-CD58	gene	RNA	CD58	0.00126245362587631	ok		0.315221899224808
Standardpcaclusters	12	135	mAOC0465	mAOC-CD58	gene	RNA	CD58	0.0155363444105849	ok		0.207860919657354
Standardpcaclusters	13	1222	mAOC0465	mAOC-CD58	gene	RNA	CD58	0.00429481873583304	ok		0.205555200773007
Standardpcaclusters	14	84	mAOC0465	mAOC-CD58	gene	RNA	CD58	0.0213846702140787	ok		0.157078388777194
Standardpcaclusters	15	195	mAOC0465	mAOC-CD58	gene	RNA	CD58	0.00376063763759493	ok		1.06575461542031
Standardpcaclusters	1	116	mAOC0467	mAOC-CD24	gene	RNA	CD24	0.0677541341135563	ok		0.418235897760546
Standardpcaclusters	2	652	mAOC0467	mAOC-CD24	gene	RNA	CD24	0.0147865486896255	ok		0.208090986768434
Standardpcaclusters	3	2689	mAOC0467	mAOC-CD24	gene	RNA	CD24	0.00583085617048165	ok		0.00256512268055284
Standardpcaclusters	4	506	mAOC0467	mAOC-CD24	gene	RNA	CD24	0.00928212702192245	ok		0.00399239596693362
Standardpcaclusters	5	690	mAOC0467	mAOC-CD24	gene	RNA	CD24	0.0111876575894632	ok		0.00949882031201138
Standardpcaclusters	6	663	mAOC0467	mAOC-CD24	gene	RNA	CD24	0.0113699412412273	ok		0.0065077079370118
Standardpcaclusters	7	1552	mAOC0467	mAOC-CD24	gene	RNA	CD24	0.00155297879846658	ok		0.00630303691520048
Standardpcaclusters	8	2101	mAOC0467	mAOC-CD24	gene	RNA	CD24	0.00644716065310727	ok		0.0138300417244695
Standardpcaclusters	9	440	mAOC0467	mAOC-CD24	gene	RNA	CD24	0.00861881531079382	ok		0.00787231678181004
Standardpcaclusters	10	1898	mAOC0467	mAOC-CD24	gene	RNA	CD24	0.00925712492750103	ok		0.0110362573486489
Standardpcaclusters	11	346	mAOC0467	mAOC-CD24	gene	RNA	CD24	0.00406743720078781	ok		0.0244826712697805
Standardpcaclusters	12	135	mAOC0467	mAOC-CD24	gene	RNA	CD24	0.0350319729438399	ok		0.00668415280156312
Standardpcaclusters	13	1222	mAOC0467	mAOC-CD24	gene	RNA	CD24	0.0279514783409333	ok		0.0137599129196256
Standardpcaclusters	14	84	mAOC0467	mAOC-CD24	gene	RNA	CD24	0.0618371173430086	ok		0
Standardpcaclusters	15	195	mAOC0467	mAOC-CD24	gene	RNA	CD24	0.0133503882694977	ok		0.00367182517812368
Standardpcaclusters	1	116	mAOC0470	mAOC-CD192	gene	RNA	CCR2	0.0340294837597482	ok		0
Standardpcaclusters	2	652	mAOC0470	mAOC-CD192	gene	RNA	CCR2	0.0073833537194232	ok		0
Standardpcaclusters	3	2689	mAOC0470	mAOC-CD192	gene	RNA	CCR2	0.00199133986046254	ok		0
Standardpcaclusters	4	506	mAOC0470	mAOC-CD192	gene	RNA	CCR2	0.00302219804113982	ok		0.00673216190158843
Standardpcaclusters	5	690	mAOC0470	mAOC-CD192	gene	RNA	CCR2	0.00405570918048634	ok		0
Standardpcaclusters	6	663	mAOC0470	mAOC-CD192	gene	RNA	CCR2	0.00781032968847583	ok		0.0089938460160075
Standardpcaclusters	7	1552	mAOC0470	mAOC-CD192	gene	RNA	CCR2	6.82022839981548e-05	ok		0.000417844199751643
Standardpcaclusters	8	2101	mAOC0470	mAOC-CD192	gene	RNA	CCR2	0.00257134783912539	ok		0.000732219866052137
Standardpcaclusters	9	440	mAOC0470	mAOC-CD192	gene	RNA	CCR2	0.00515411575720813	ok		0.000939630936806734
Standardpcaclusters	10	1898	mAOC0470	mAOC-CD192	gene	RNA	CCR2	0.00493807858664866	ok		0.000644529323079289
Standardpcaclusters	11	346	mAOC0470	mAOC-CD192	gene	RNA	CCR2	0.00191574651553324	ok		0
Standardpcaclusters	12	135	mAOC0470	mAOC-CD192	gene	RNA	CCR2	0.0108388721233242	ok		0
Standardpcaclusters	13	1222	mAOC0470	mAOC-CD192	gene	RNA	CCR2	0.0184660590938759	ok		0.000610512866647064
Standardpcaclusters	14	84	mAOC0470	mAOC-CD192	gene	RNA	CCR2	0.012077764923638	ok		0.00846947604592945
Standardpcaclusters	15	195	mAOC0470	mAOC-CD192	gene	RNA	CCR2	0.00600504039777138	ok		0.00571376773832304
Standardpcaclusters	1	116	mAOC0472	mAOC-CD163	gene	RNA	CD163	0	ok		0
Standardpcaclusters	2	652	mAOC0472	mAOC-CD163	gene	RNA	CD163	0.00117936100180016	ok		0
Standardpcaclusters	3	2689	mAOC0472	mAOC-CD163	gene	RNA	CD163	5.78151450747307e-05	ok		0
Standardpcaclusters	4	506	mAOC0472	mAOC-CD163	gene	RNA	CD163	0.000363629977621687	ok		0.00137571204446155
Standardpcaclusters	5	690	mAOC0472	mAOC-CD163	gene	RNA	CD163	0.000328787032705464	ok		0
Standardpcaclusters	6	663	mAOC0472	mAOC-CD163	gene	RNA	CD163	0.000976363171909382	ok		0
Standardpcaclusters	7	1552	mAOC0472	mAOC-CD163	gene	RNA	CD163	0	ok		0.000397916180179644
Standardpcaclusters	8	2101	mAOC0472	mAOC-CD163	gene	RNA	CD163	0.000354269076765788	ok		0
Standardpcaclusters	9	440	mAOC0472	mAOC-CD163	gene	RNA	CD163	0	ok		0
Standardpcaclusters	10	1898	mAOC0472	mAOC-CD163	gene	RNA	CD163	0.000377144329665054	ok		0
Standardpcaclusters	11	346	mAOC0472	mAOC-CD163	gene	RNA	CD163	9.6211280718925e-05	ok		0
Standardpcaclusters	12	135	mAOC0472	mAOC-CD163	gene	RNA	CD163	0.000439077378142013	ok		0
Standardpcaclusters	13	1222	mAOC0472	mAOC-CD163	gene	RNA	CD163	0.000806025144821036	ok		0.00242660839009593
Standardpcaclusters	14	84	mAOC0472	mAOC-CD163	gene	RNA	CD163	0.00208980501817808	ok		0
Standardpcaclusters	15	195	mAOC0472	mAOC-CD163	gene	RNA	CD163	0.000888794053644834	ok		0.0306950640757135
Standardpcaclusters	1	116	mAOC0473	mAOC-CD163	gene	RNA	CD163	0	ok		0
Standardpcaclusters	2	652	mAOC0473	mAOC-CD163	gene	RNA	CD163	0.00117936100180016	ok		0
Standardpcaclusters	3	2689	mAOC0473	mAOC-CD163	gene	RNA	CD163	5.78151450747307e-05	ok		0
Standardpcaclusters	4	506	mAOC0473	mAOC-CD163	gene	RNA	CD163	0.000363629977621687	ok		0.00137571204446155
Standardpcaclusters	5	690	mAOC0473	mAOC-CD163	gene	RNA	CD163	0.000328787032705464	ok		0
Standardpcaclusters	6	663	mAOC0473	mAOC-CD163	gene	RNA	CD163	0.000976363171909382	ok		0
Standardpcaclusters	7	1552	mAOC0473	mAOC-CD163	gene	RNA	CD163	0	ok		0.000397916180179644
Standardpcaclusters	8	2101	mAOC0473	mAOC-CD163	gene	RNA	CD163	0.000354269076765788	ok		0
Standardpcaclusters	9	440	mAOC0473	mAOC-CD163	gene	RNA	CD163	0	ok		0
Standardpcaclusters	10	1898	mAOC0473	mAOC-CD163	gene	RNA	CD163	0.000377144329665054	ok		0
Standardpcaclusters	11	346	mAOC0473	mAOC-CD163	gene	RNA	CD163	9.6211280718925e-05	ok		0
Standardpcaclusters	12	135	mAOC0473	mAOC-CD163	gene	RNA	CD163	0.000439077378142013	ok		0
Standardpcaclusters	13	1222	mAOC0473	mAOC-CD163	gene	RNA	CD163	0.000806025144821036	ok		0.00242660839009593
Standardpcaclusters	14	84	mAOC0473	mAOC-CD163	gene	RNA	CD163	0.00208980501817808	ok		0
Standardpcaclusters	15	195	mAOC0473	mAOC-CD163	gene	RNA	CD163	0.000888794053644834	ok		0.0306950640757135
Standardpcaclusters	1	116	mAOC0474	mAOC-CD303	gene	RNA	CLEC4C	0	ok		0
Standardpcaclusters	2	652	mAOC0474	mAOC-CD303	gene	RNA	CLEC4C	0.000673656291438067	ok		0.00931478428388635
Standardpcaclusters	3	2689	mAOC0474	mAOC-CD303	gene	RNA	CLEC4C	0.000468811457703286	ok		0.000358632142184482
Standardpcaclusters	4	506	mAOC0474	mAOC-CD303	gene	RNA	CLEC4C	0.000600890938540713	ok		0.0547399345266122
Standardpcaclusters	5	690	mAOC0474	mAOC-CD303	gene	RNA	CLEC4C	0.000627640149989026	ok		0
Standardpcaclusters	6	663	mAOC0474	mAOC-CD303	gene	RNA	CLEC4C	0.00155765057322174	ok		0.000628223386857523
Standardpcaclusters	7	1552	mAOC0474	mAOC-CD303	gene	RNA	CLEC4C	0	ok		0.000526566645807383
Standardpcaclusters	8	2101	mAOC0474	mAOC-CD303	gene	RNA	CLEC4C	0.00060041448321561	ok		0
Standardpcaclusters	9	440	mAOC0474	mAOC-CD303	gene	RNA	CLEC4C	0.00185366967650139	ok		0.00154986074042908
Standardpcaclusters	10	1898	mAOC0474	mAOC-CD303	gene	RNA	CLEC4C	0.000919713719881165	ok		0.000300303939861556
Standardpcaclusters	11	346	mAOC0474	mAOC-CD303	gene	RNA	CLEC4C	0	ok		0
Standardpcaclusters	12	135	mAOC0474	mAOC-CD303	gene	RNA	CLEC4C	0.0029076756778648	ok		0.0038695853070197
Standardpcaclusters	13	1222	mAOC0474	mAOC-CD303	gene	RNA	CLEC4C	0.000517131718423507	ok		0.00406634997135951
Standardpcaclusters	14	84	mAOC0474	mAOC-CD303	gene	RNA	CLEC4C	0.00372604970363223	ok		0
Standardpcaclusters	15	195	mAOC0474	mAOC-CD303	gene	RNA	CLEC4C	0.000542499351754814	ok		0
Standardpcaclusters	1	116	mAOC0476	mAOC-CD127	gene	RNA	IL7R	0.0574047532489048	ok		0.9422080714315
Standardpcaclusters	2	652	mAOC0476	mAOC-CD127	gene	RNA	IL7R	0.0121802645463201	ok		0.110580620753728
Standardpcaclusters	3	2689	mAOC0476	mAOC-CD127	gene	RNA	IL7R	0.00333661906486943	ok		0.0561459494403318
Standardpcaclusters	4	506	mAOC0476	mAOC-CD127	gene	RNA	IL7R	0.00407725383864061	ok		0.320092939170245
Standardpcaclusters	5	690	mAOC0476	mAOC-CD127	gene	RNA	IL7R	0.00833707933766643	ok		0.138599319214357
Standardpcaclusters	6	663	mAOC0476	mAOC-CD127	gene	RNA	IL7R	0.00812046118585118	ok		0.0875197765844458
Standardpcaclusters	7	1552	mAOC0476	mAOC-CD127	gene	RNA	IL7R	0.00102813473379159	ok		0.0595307210106308
Standardpcaclusters	8	2101	mAOC0476	mAOC-CD127	gene	RNA	IL7R	0.00443670976217726	ok		0.0744971357949911
Standardpcaclusters	9	440	mAOC0476	mAOC-CD127	gene	RNA	IL7R	0.00587019380324571	ok		0.035374978962405
Standardpcaclusters	10	1898	mAOC0476	mAOC-CD127	gene	RNA	IL7R	0.00787698076540449	ok		0.0878726949187978
Standardpcaclusters	11	346	mAOC0476	mAOC-CD127	gene	RNA	IL7R	0.00192685460019337	ok		0.0959090580452404
Standardpcaclusters	12	135	mAOC0476	mAOC-CD127	gene	RNA	IL7R	0.0282823957272487	ok		0.0764918104195954
Standardpcaclusters	13	1222	mAOC0476	mAOC-CD127	gene	RNA	IL7R	0.024995153071486	ok		0.00781467898525718
Standardpcaclusters	14	84	mAOC0476	mAOC-CD127	gene	RNA	IL7R	0.0646527934655074	ok		0.0744284107636443
Standardpcaclusters	15	195	mAOC0476	mAOC-CD127	gene	RNA	IL7R	0.0217469790903964	ok		0.350497948861209
Standardpcaclusters	1	116	mAOC0478	mAOC-CD93	gene	RNA	CD93	0.0320201060462058	ok		0.00598187952840955
Standardpcaclusters	2	652	mAOC0478	mAOC-CD93	gene	RNA	CD93	0.0118858737997226	ok		0
Standardpcaclusters	3	2689	mAOC0478	mAOC-CD93	gene	RNA	CD93	0.00368970856142225	ok		0.0453561824326561
Standardpcaclusters	4	506	mAOC0478	mAOC-CD93	gene	RNA	CD93	0.00374996939400568	ok		0.104634724567764
Standardpcaclusters	5	690	mAOC0478	mAOC-CD93	gene	RNA	CD93	0.00805747302194188	ok		0.0661886852272922
Standardpcaclusters	6	663	mAOC0478	mAOC-CD93	gene	RNA	CD93	0.0102856161989109	ok		0.0990803793776457
Standardpcaclusters	7	1552	mAOC0478	mAOC-CD93	gene	RNA	CD93	0.000508669444890106	ok		0.0413643474603146
Standardpcaclusters	8	2101	mAOC0478	mAOC-CD93	gene	RNA	CD93	0.00427840271497308	ok		0.0455472790195746
Standardpcaclusters	9	440	mAOC0478	mAOC-CD93	gene	RNA	CD93	0.00539115751384533	ok		0.0096299057517101
Standardpcaclusters	10	1898	mAOC0478	mAOC-CD93	gene	RNA	CD93	0.00746456725398831	ok		0.0543953691276353
Standardpcaclusters	11	346	mAOC0478	mAOC-CD93	gene	RNA	CD93	0.00205834996481405	ok		0.0515817329878125
Standardpcaclusters	12	135	mAOC0478	mAOC-CD93	gene	RNA	CD93	0.0328417505072921	ok		0.0104527159383486
Standardpcaclusters	13	1222	mAOC0478	mAOC-CD93	gene	RNA	CD93	0.0182335153884719	ok		0.0236970344286966
Standardpcaclusters	14	84	mAOC0478	mAOC-CD93	gene	RNA	CD93	0.0597205504681343	ok		0.00694391673046569
Standardpcaclusters	15	195	mAOC0478	mAOC-CD93	gene	RNA	CD93	0.0229854679396409	ok		0.636465261238084
Standardpcaclusters	1	116	mAOC0479	mAOC-CD23	gene	RNA	FCER2	0.00863215930278205	ok		0
Standardpcaclusters	2	652	mAOC0479	mAOC-CD23	gene	RNA	FCER2	0.00127926881322207	ok		0.47082190746436
Standardpcaclusters	3	2689	mAOC0479	mAOC-CD23	gene	RNA	FCER2	0.000303928095383744	ok		0
Standardpcaclusters	4	506	mAOC0479	mAOC-CD23	gene	RNA	FCER2	0.00062998012747142	ok		0.0076450826634101
Standardpcaclusters	5	690	mAOC0479	mAOC-CD23	gene	RNA	FCER2	0.00104911363961717	ok		0.00221738838251393
Standardpcaclusters	6	663	mAOC0479	mAOC-CD23	gene	RNA	FCER2	0.00227467981735616	ok		0.00815571051479513
Standardpcaclusters	7	1552	mAOC0479	mAOC-CD23	gene	RNA	FCER2	0	ok		0.000298236662232087
Standardpcaclusters	8	2101	mAOC0479	mAOC-CD23	gene	RNA	FCER2	0.000696373292323075	ok		0.00180296814499943
Standardpcaclusters	9	440	mAOC0479	mAOC-CD23	gene	RNA	FCER2	0.012072744385378	ok		0.00317700364918488
Standardpcaclusters	10	1898	mAOC0479	mAOC-CD23	gene	RNA	FCER2	0.00239965579686056	ok		0.000883864085228311
Standardpcaclusters	11	346	mAOC0479	mAOC-CD23	gene	RNA	FCER2	0.000279527758159566	ok		0
Standardpcaclusters	12	135	mAOC0479	mAOC-CD23	gene	RNA	FCER2	0.0195761250030654	ok		0.00776718653826937
Standardpcaclusters	13	1222	mAOC0479	mAOC-CD23	gene	RNA	FCER2	0.00303045079937079	ok		0.000870080872091268
Standardpcaclusters	14	84	mAOC0479	mAOC-CD23	gene	RNA	FCER2	0.0350941868632572	ok		0
Standardpcaclusters	15	195	mAOC0479	mAOC-CD23	gene	RNA	FCER2	0.00171402431346593	ok		0.0125802329998707
Standardpcaclusters	1	116	mAOC0481	mAOC-CD71	gene	RNA	TFRC	0.053303391290454	ok		0.200347909173336
Standardpcaclusters	2	652	mAOC0481	mAOC-CD71	gene	RNA	TFRC	0.0124876181637739	ok		0.443031878651681
Standardpcaclusters	3	2689	mAOC0481	mAOC-CD71	gene	RNA	TFRC	0.00363032894036604	ok		0.491978376718401
Standardpcaclusters	4	506	mAOC0481	mAOC-CD71	gene	RNA	TFRC	0.00441472245925964	ok		0.451647770369044
Standardpcaclusters	5	690	mAOC0481	mAOC-CD71	gene	RNA	TFRC	0.0118019269045034	ok		0.620924041195854
Standardpcaclusters	6	663	mAOC0481	mAOC-CD71	gene	RNA	TFRC	0.0112323517877284	ok		0.679671198656996
Standardpcaclusters	7	1552	mAOC0481	mAOC-CD71	gene	RNA	TFRC	0.000595037257998193	ok		0.411792419795944
Standardpcaclusters	8	2101	mAOC0481	mAOC-CD71	gene	RNA	TFRC	0.00461271328258682	ok		0.506661537693823
Standardpcaclusters	9	440	mAOC0481	mAOC-CD71	gene	RNA	TFRC	0.0130953059653353	ok		0.828085041534992
Standardpcaclusters	10	1898	mAOC0481	mAOC-CD71	gene	RNA	TFRC	0.0100103859199099	ok		0.629740077424479
Standardpcaclusters	11	346	mAOC0481	mAOC-CD71	gene	RNA	TFRC	0.00345323501401626	ok		0.693376771020909
Standardpcaclusters	12	135	mAOC0481	mAOC-CD71	gene	RNA	TFRC	0.0330451932513003	ok		0.520834768848261
Standardpcaclusters	13	1222	mAOC0481	mAOC-CD71	gene	RNA	TFRC	0.023823260702064	ok		0.628538954120316
Standardpcaclusters	14	84	mAOC0481	mAOC-CD71	gene	RNA	TFRC	0.112028835378795	ok		0.315118098293336
Standardpcaclusters	15	195	mAOC0481	mAOC-CD71	gene	RNA	TFRC	0.0119166150329826	ok		0.0961764217182691
Standardpcaclusters	1	116	mAOC0482	mAOC-CD7	gene	RNA	CD7	0.0189285230782948	ok		0.633096476537754
Standardpcaclusters	2	652	mAOC0482	mAOC-CD7	gene	RNA	CD7	0.00405942892307325	ok		0.00924688241748849
Standardpcaclusters	3	2689	mAOC0482	mAOC-CD7	gene	RNA	CD7	0.00087546825591083	ok		0.0621895856608227
Standardpcaclusters	4	506	mAOC0482	mAOC-CD7	gene	RNA	CD7	0.00147974399092796	ok		0.219223424447962
Standardpcaclusters	5	690	mAOC0482	mAOC-CD7	gene	RNA	CD7	0.00189209122552871	ok		0.0798184947094863
Standardpcaclusters	6	663	mAOC0482	mAOC-CD7	gene	RNA	CD7	0.00241457987256336	ok		0.153564909566054
Standardpcaclusters	7	1552	mAOC0482	mAOC-CD7	gene	RNA	CD7	6.82022839981548e-05	ok		0.0235892156432625
Standardpcaclusters	8	2101	mAOC0482	mAOC-CD7	gene	RNA	CD7	0.00168068643678464	ok		0.0391771044814751
Standardpcaclusters	9	440	mAOC0482	mAOC-CD7	gene	RNA	CD7	0.00193931440131545	ok		0.214030416947698
Standardpcaclusters	10	1898	mAOC0482	mAOC-CD7	gene	RNA	CD7	0.00169611876898007	ok		0.117249363395312
Standardpcaclusters	11	346	mAOC0482	mAOC-CD7	gene	RNA	CD7	0.00160751964378378	ok		0.115434036517769
Standardpcaclusters	12	135	mAOC0482	mAOC-CD7	gene	RNA	CD7	0.0103845605855374	ok		0.104488347087436
Standardpcaclusters	13	1222	mAOC0482	mAOC-CD7	gene	RNA	CD7	0.00506734408276336	ok		0.0537825351292328
Standardpcaclusters	14	84	mAOC0482	mAOC-CD7	gene	RNA	CD7	0.0118943836708304	ok		0.0437147931775487
Standardpcaclusters	15	195	mAOC0482	mAOC-CD7	gene	RNA	CD7	0.00365718427433023	ok		0.00341466615368624
Standardpcaclusters	1	116	mAOC0485	mAOC-CD25	gene	RNA	IL2RA	0	ok		0.00984504122071917
Standardpcaclusters	2	652	mAOC0485	mAOC-CD25	gene	RNA	IL2RA	0	ok		0.0266590565654821
Standardpcaclusters	3	2689	mAOC0485	mAOC-CD25	gene	RNA	IL2RA	3.52463742510648e-05	ok		0.0777245944236543
Standardpcaclusters	4	506	mAOC0485	mAOC-CD25	gene	RNA	IL2RA	0	ok		0.115419172897671
Standardpcaclusters	5	690	mAOC0485	mAOC-CD25	gene	RNA	IL2RA	9.90885524662342e-05	ok		0.0681078982966509
Standardpcaclusters	6	663	mAOC0485	mAOC-CD25	gene	RNA	IL2RA	9.58335310907557e-05	ok		0.148766949712414
Standardpcaclusters	7	1552	mAOC0485	mAOC-CD25	gene	RNA	IL2RA	0	ok		0.288414736667745
Standardpcaclusters	8	2101	mAOC0485	mAOC-CD25	gene	RNA	IL2RA	1.29757308196845e-05	ok		0.28488324956963
Standardpcaclusters	9	440	mAOC0485	mAOC-CD25	gene	RNA	IL2RA	0	ok		0.0599745516089971
Standardpcaclusters	10	1898	mAOC0485	mAOC-CD25	gene	RNA	IL2RA	0.000159987464778707	ok		0.324482181359635
Standardpcaclusters	11	346	mAOC0485	mAOC-CD25	gene	RNA	IL2RA	0	ok		0.180417479878504
Standardpcaclusters	12	135	mAOC0485	mAOC-CD25	gene	RNA	IL2RA	0.000439077378142013	ok		0.137026563547538
Standardpcaclusters	13	1222	mAOC0485	mAOC-CD25	gene	RNA	IL2RA	0	ok		0.0645115335896152
Standardpcaclusters	14	84	mAOC0485	mAOC-CD25	gene	RNA	IL2RA	0	ok		0.00846947604592945
Standardpcaclusters	15	195	mAOC0485	mAOC-CD25	gene	RNA	IL2RA	9.80543499511404e-05	ok		0.0341310759052382
Standardpcaclusters	1	116	mAOC0486	mAOC-CD2	gene	RNA	CD2	0.127280958557068	ok		0.334391040887565
Standardpcaclusters	2	652	mAOC0486	mAOC-CD2	gene	RNA	CD2	0.0336015964996981	ok		0
Standardpcaclusters	3	2689	mAOC0486	mAOC-CD2	gene	RNA	CD2	0.0153716852156567	ok		0.000241181759072198
Standardpcaclusters	4	506	mAOC0486	mAOC-CD2	gene	RNA	CD2	0.0170298265411082	ok		0.00994587458507041
Standardpcaclusters	5	690	mAOC0486	mAOC-CD2	gene	RNA	CD2	0.0238774109980642	ok		0
Standardpcaclusters	6	663	mAOC0486	mAOC-CD2	gene	RNA	CD2	0.0293456286074035	ok		0.000541196892141958
Standardpcaclusters	7	1552	mAOC0486	mAOC-CD2	gene	RNA	CD2	0.0161600189224707	ok		0
Standardpcaclusters	8	2101	mAOC0486	mAOC-CD2	gene	RNA	CD2	0.0158987902663104	ok		0
Standardpcaclusters	9	440	mAOC0486	mAOC-CD2	gene	RNA	CD2	0.0293985720908206	ok		0.00113007266477146
Standardpcaclusters	10	1898	mAOC0486	mAOC-CD2	gene	RNA	CD2	0.0246605509985942	ok		0
Standardpcaclusters	11	346	mAOC0486	mAOC-CD2	gene	RNA	CD2	0.00851391408539327	ok		0.00108153503996599
Standardpcaclusters	12	135	mAOC0486	mAOC-CD2	gene	RNA	CD2	0.0577345980385759	ok		0
Standardpcaclusters	13	1222	mAOC0486	mAOC-CD2	gene	RNA	CD2	0.0807934464165381	ok		0.0054400519147806
Standardpcaclusters	14	84	mAOC0486	mAOC-CD2	gene	RNA	CD2	0.276230865234873	ok		0
Standardpcaclusters	15	195	mAOC0486	mAOC-CD2	gene	RNA	CD2	0.0329290325761221	ok		0
Standardpcaclusters	1	116	mAOC0488	mAOC-CD62L	gene	RNA	SELL	0.11205758010511	ok		0.398454960136743
Standardpcaclusters	2	652	mAOC0488	mAOC-CD62L	gene	RNA	SELL	0.017079185258913	ok		0.22200362236288
Standardpcaclusters	3	2689	mAOC0488	mAOC-CD62L	gene	RNA	SELL	0.00692772841993132	ok		0.73006654343647
Standardpcaclusters	4	506	mAOC0488	mAOC-CD62L	gene	RNA	SELL	0.0103178261288479	ok		0.471699153862571
Standardpcaclusters	5	690	mAOC0488	mAOC-CD62L	gene	RNA	SELL	0.0151487788646171	ok		0.501358347486728
Standardpcaclusters	6	663	mAOC0488	mAOC-CD62L	gene	RNA	SELL	0.0144546863498599	ok		0.324522039187327
Standardpcaclusters	7	1552	mAOC0488	mAOC-CD62L	gene	RNA	SELL	0.00579681822183612	ok		0.589611867652247
Standardpcaclusters	8	2101	mAOC0488	mAOC-CD62L	gene	RNA	SELL	0.0100642317574155	ok		0.445133111400708
Standardpcaclusters	9	440	mAOC0488	mAOC-CD62L	gene	RNA	SELL	0.011765825981125	ok		0.087404378328252
Standardpcaclusters	10	1898	mAOC0488	mAOC-CD62L	gene	RNA	SELL	0.0159592482871241	ok		0.0795183185497579
Standardpcaclusters	11	346	mAOC0488	mAOC-CD62L	gene	RNA	SELL	0.00334813809712587	ok		0.295418472510105
Standardpcaclusters	12	135	mAOC0488	mAOC-CD62L	gene	RNA	SELL	0.0550879309151398	ok		0.26617540883156
Standardpcaclusters	13	1222	mAOC0488	mAOC-CD62L	gene	RNA	SELL	0.0500425504150638	ok		0.642235061375117
Standardpcaclusters	14	84	mAOC0488	mAOC-CD62L	gene	RNA	SELL	0.0506288959051682	ok		0
Standardpcaclusters	15	195	mAOC0488	mAOC-CD62L	gene	RNA	SELL	0.0257916780295948	ok		0.132785995139556
Standardpcaclusters	1	116	mAOC0490	mAOC-CD158a	gene	RNA	KIR2DL1	0.0363664212221288	ok		0
Standardpcaclusters	2	652	mAOC0490	mAOC-CD158a	gene	RNA	KIR2DL1	0.00420867512376412	ok		0
Standardpcaclusters	3	2689	mAOC0490	mAOC-CD158a	gene	RNA	KIR2DL1	0.00187729247133938	ok		0
Standardpcaclusters	4	506	mAOC0490	mAOC-CD158a	gene	RNA	KIR2DL1	0.00339463952332319	ok		0
Standardpcaclusters	5	690	mAOC0490	mAOC-CD158a	gene	RNA	KIR2DL1	0.00428880508476569	ok		0
Standardpcaclusters	6	663	mAOC0490	mAOC-CD158a	gene	RNA	KIR2DL1	0.00752728795680496	ok		0.000657615937430493
Standardpcaclusters	7	1552	mAOC0490	mAOC-CD158a	gene	RNA	KIR2DL1	0.00117085137495041	ok		0
Standardpcaclusters	8	2101	mAOC0490	mAOC-CD158a	gene	RNA	KIR2DL1	0.00241590274188994	ok		0
Standardpcaclusters	9	440	mAOC0490	mAOC-CD158a	gene	RNA	KIR2DL1	0.00109079422997575	ok		0
Standardpcaclusters	10	1898	mAOC0490	mAOC-CD158a	gene	RNA	KIR2DL1	0.00375443606668079	ok		0
Standardpcaclusters	11	346	mAOC0490	mAOC-CD158a	gene	RNA	KIR2DL1	0.00149421719615086	ok		0
Standardpcaclusters	12	135	mAOC0490	mAOC-CD158a	gene	RNA	KIR2DL1	0.0156621627524903	ok		0
Standardpcaclusters	13	1222	mAOC0490	mAOC-CD158a	gene	RNA	KIR2DL1	0.00674044927083397	ok		0
Standardpcaclusters	14	84	mAOC0490	mAOC-CD158a	gene	RNA	KIR2DL1	0.00694149100465334	ok		0
Standardpcaclusters	15	195	mAOC0490	mAOC-CD158a	gene	RNA	KIR2DL1	0.00958642382504672	ok		0
Standardpcaclusters	1	116	mAOC0492	mAOC-CD115	gene	RNA	CSF1R	0.0545123548600536	ok		0.00533370447510038
Standardpcaclusters	2	652	mAOC0492	mAOC-CD115	gene	RNA	CSF1R	0.0122554069706415	ok		0
Standardpcaclusters	3	2689	mAOC0492	mAOC-CD115	gene	RNA	CSF1R	0.00387000513802438	ok		0.00709104522397557
Standardpcaclusters	4	506	mAOC0492	mAOC-CD115	gene	RNA	CSF1R	0.00340323871883026	ok		0.0735979157955909
Standardpcaclusters	5	690	mAOC0492	mAOC-CD115	gene	RNA	CSF1R	0.0100432148626	ok		0.0302519883792666
Standardpcaclusters	6	663	mAOC0492	mAOC-CD115	gene	RNA	CSF1R	0.0104351547678676	ok		0.0505950285603838
Standardpcaclusters	7	1552	mAOC0492	mAOC-CD115	gene	RNA	CSF1R	0.00066494552461974	ok		0
Standardpcaclusters	8	2101	mAOC0492	mAOC-CD115	gene	RNA	CSF1R	0.00441512566666318	ok		0.00351418894104354
Standardpcaclusters	9	440	mAOC0492	mAOC-CD115	gene	RNA	CSF1R	0.00283977712982717	ok		0
Standardpcaclusters	10	1898	mAOC0492	mAOC-CD115	gene	RNA	CSF1R	0.0080226268551608	ok		0.00292709618378885
Standardpcaclusters	11	346	mAOC0492	mAOC-CD115	gene	RNA	CSF1R	0.002898705827464	ok		0.00614917542707377
Standardpcaclusters	12	135	mAOC0492	mAOC-CD115	gene	RNA	CSF1R	0.0377352098236921	ok		0.00286548668137462
Standardpcaclusters	13	1222	mAOC0492	mAOC-CD115	gene	RNA	CSF1R	0.0186926229540647	ok		0.0234781873908129
Standardpcaclusters	14	84	mAOC0492	mAOC-CD115	gene	RNA	CSF1R	0.0793848971484276	ok		0
Standardpcaclusters	15	195	mAOC0492	mAOC-CD115	gene	RNA	CSF1R	0.0251324272037811	ok		0.0412602271815824
Standardpcaclusters	1	116	mAOC0496	mAOC-CD272	gene	RNA	BTLA	0.144871161596367	ok		0.0360659691006897
Standardpcaclusters	2	652	mAOC0496	mAOC-CD272	gene	RNA	BTLA	0.0340544032308661	ok		0.242882627015286
Standardpcaclusters	3	2689	mAOC0496	mAOC-CD272	gene	RNA	BTLA	0.0107225589063672	ok		0.000618785708860982
Standardpcaclusters	4	506	mAOC0496	mAOC-CD272	gene	RNA	BTLA	0.014694352494894	ok		0.00925205568365629
Standardpcaclusters	5	690	mAOC0496	mAOC-CD272	gene	RNA	BTLA	0.0300363732423883	ok		0.00393116469080269
Standardpcaclusters	6	663	mAOC0496	mAOC-CD272	gene	RNA	BTLA	0.0208630671754535	ok		0.00230918545323374
Standardpcaclusters	7	1552	mAOC0496	mAOC-CD272	gene	RNA	BTLA	0.00462523400315634	ok		0.00122003985809092
Standardpcaclusters	8	2101	mAOC0496	mAOC-CD272	gene	RNA	BTLA	0.0120306259190415	ok		0.00499258322291186
Standardpcaclusters	9	440	mAOC0496	mAOC-CD272	gene	RNA	BTLA	0.010252638983864	ok		0
Standardpcaclusters	10	1898	mAOC0496	mAOC-CD272	gene	RNA	BTLA	0.0158699156765004	ok		0.000860142047294337
Standardpcaclusters	11	346	mAOC0496	mAOC-CD272	gene	RNA	BTLA	0.00603545549832736	ok		0
Standardpcaclusters	12	135	mAOC0496	mAOC-CD272	gene	RNA	BTLA	0.0725296100266359	ok		0
Standardpcaclusters	13	1222	mAOC0496	mAOC-CD272	gene	RNA	BTLA	0.0687344641685371	ok		0.0262294370059306
Standardpcaclusters	14	84	mAOC0496	mAOC-CD272	gene	RNA	BTLA	0.122323530411076	ok		0.00483949847273328
Standardpcaclusters	15	195	mAOC0496	mAOC-CD272	gene	RNA	BTLA	0.0613299049938082	ok		0.00925535473966279
Standardpcaclusters	1	116	mAOC0500	mAOC-CD16a	gene	RNA	FCGR3A	0	ok		0.156031964961208
Standardpcaclusters	2	652	mAOC0500	mAOC-CD16a	gene	RNA	FCGR3A	0.000573555163078864	ok		0
Standardpcaclusters	3	2689	mAOC0500	mAOC-CD16a	gene	RNA	FCGR3A	0.000111548477341408	ok		0
Standardpcaclusters	4	506	mAOC0500	mAOC-CD16a	gene	RNA	FCGR3A	0.00062998012747142	ok		0
Standardpcaclusters	5	690	mAOC0500	mAOC-CD16a	gene	RNA	FCGR3A	0.000611117484901015	ok		0
Standardpcaclusters	6	663	mAOC0500	mAOC-CD16a	gene	RNA	FCGR3A	0.00067568372233372	ok		0
Standardpcaclusters	7	1552	mAOC0500	mAOC-CD16a	gene	RNA	FCGR3A	0	ok		0
Standardpcaclusters	8	2101	mAOC0500	mAOC-CD16a	gene	RNA	FCGR3A	0.000540944950202833	ok		0
Standardpcaclusters	9	440	mAOC0500	mAOC-CD16a	gene	RNA	FCGR3A	0	ok		0
Standardpcaclusters	10	1898	mAOC0500	mAOC-CD16a	gene	RNA	FCGR3A	0.000467524817873671	ok		0.000915321035917819
Standardpcaclusters	11	346	mAOC0500	mAOC-CD16a	gene	RNA	FCGR3A	0	ok		0
Standardpcaclusters	12	135	mAOC0500	mAOC-CD16a	gene	RNA	FCGR3A	0.000439077378142013	ok		0
Standardpcaclusters	13	1222	mAOC0500	mAOC-CD16a	gene	RNA	FCGR3A	0.000362887228001196	ok		0
Standardpcaclusters	14	84	mAOC0500	mAOC-CD16a	gene	RNA	FCGR3A	0.00655105805661762	ok		0
Standardpcaclusters	15	195	mAOC0500	mAOC-CD16a	gene	RNA	FCGR3A	0.00425316846761479	ok		0.0864336524623052
Standardpcaclusters	1	116	mAOC0505	mAOC-CD35	gene	RNA	CR1	0.416549827398572	ok		0.0134288793157157
Standardpcaclusters	2	652	mAOC0505	mAOC-CD35	gene	RNA	CR1	2.75689632128142	ok		0.156495752154769
Standardpcaclusters	3	2689	mAOC0505	mAOC-CD35	gene	RNA	CR1	0.0313344738780135	ok		0.00296955269010998
Standardpcaclusters	4	506	mAOC0505	mAOC-CD35	gene	RNA	CR1	0.203219529903542	ok		0.00406308948736097
Standardpcaclusters	5	690	mAOC0505	mAOC-CD35	gene	RNA	CR1	0.02550825715625	ok		0.00450794083823167
Standardpcaclusters	6	663	mAOC0505	mAOC-CD35	gene	RNA	CR1	0.127724575527692	ok		0.0376325974059945
Standardpcaclusters	7	1552	mAOC0505	mAOC-CD35	gene	RNA	CR1	0.040667917945646	ok		0.00789170383089568
Standardpcaclusters	8	2101	mAOC0505	mAOC-CD35	gene	RNA	CR1	0.0445300637260355	ok		0.00594965261553597
Standardpcaclusters	9	440	mAOC0505	mAOC-CD35	gene	RNA	CR1	0.0343810398010479	ok		0.0190211107603773
Standardpcaclusters	10	1898	mAOC0505	mAOC-CD35	gene	RNA	CR1	0.0134491526454444	ok		0.00738943047665348
Standardpcaclusters	11	346	mAOC0505	mAOC-CD35	gene	RNA	CR1	0.00247429352814239	ok		0.00725066511455566
Standardpcaclusters	12	135	mAOC0505	mAOC-CD35	gene	RNA	CR1	0.0491528834164152	ok		0.00607771949402216
Standardpcaclusters	13	1222	mAOC0505	mAOC-CD35	gene	RNA	CR1	0.08832156289716	ok		0.0296655091396423
Standardpcaclusters	14	84	mAOC0505	mAOC-CD35	gene	RNA	CR1	0.0972063548308135	ok		0
Standardpcaclusters	15	195	mAOC0505	mAOC-CD35	gene	RNA	CR1	2.18354213001553	ok		0.0846029172443532
Standardpcaclusters	1	116	mAOC0506	mAOC-CD31	gene	RNA	PECAM1	0.288002918926351	ok		0.312470615840861
Standardpcaclusters	2	652	mAOC0506	mAOC-CD31	gene	RNA	PECAM1	0.0911705588445074	ok		0.0318343507449212
Standardpcaclusters	3	2689	mAOC0506	mAOC-CD31	gene	RNA	PECAM1	0.0282101460258891	ok		0.427923116961391
Standardpcaclusters	4	506	mAOC0506	mAOC-CD31	gene	RNA	PECAM1	0.0433621910897638	ok		0.384632130547411
Standardpcaclusters	5	690	mAOC0506	mAOC-CD31	gene	RNA	PECAM1	0.032692980288067	ok		0.322361057601632
Standardpcaclusters	6	663	mAOC0506	mAOC-CD31	gene	RNA	PECAM1	0.0492319783774339	ok		0.219293519967007
Standardpcaclusters	7	1552	mAOC0506	mAOC-CD31	gene	RNA	PECAM1	0.0168365790873346	ok		0.356144639233362
Standardpcaclusters	8	2101	mAOC0506	mAOC-CD31	gene	RNA	PECAM1	0.0246871471986913	ok		0.341827881634988
Standardpcaclusters	9	440	mAOC0506	mAOC-CD31	gene	RNA	PECAM1	0.0141643606702184	ok		0.0833558082577784
Standardpcaclusters	10	1898	mAOC0506	mAOC-CD31	gene	RNA	PECAM1	0.0275485496695109	ok		0.179690093497506
Standardpcaclusters	11	346	mAOC0506	mAOC-CD31	gene	RNA	PECAM1	0.0113887018102971	ok		0.222804354358732
Standardpcaclusters	12	135	mAOC0506	mAOC-CD31	gene	RNA	PECAM1	0.107589778660916	ok		0.371736055920114
Standardpcaclusters	13	1222	mAOC0506	mAOC-CD31	gene	RNA	PECAM1	0.118059859770849	ok		0.373707875637869
Standardpcaclusters	14	84	mAOC0506	mAOC-CD31	gene	RNA	PECAM1	0.274707339528447	ok		1.53228001932118
Standardpcaclusters	15	195	mAOC0506	mAOC-CD31	gene	RNA	PECAM1	0.174166336701665	ok		0.315115468589082
Standardpcaclusters	1	116	mAOC0507	mAOC-CD11c	gene	RNA	ITGAX	0.0132041084222523	ok		0
Standardpcaclusters	2	652	mAOC0507	mAOC-CD11c	gene	RNA	ITGAX	0.00727226010398233	ok		0.00124078324216919
Standardpcaclusters	3	2689	mAOC0507	mAOC-CD11c	gene	RNA	ITGAX	0.000914793430642855	ok		0.0691315205620242
Standardpcaclusters	4	506	mAOC0507	mAOC-CD11c	gene	RNA	ITGAX	0.00136481991680917	ok		0.0728316620186477
Standardpcaclusters	5	690	mAOC0507	mAOC-CD11c	gene	RNA	ITGAX	0.0018600025756834	ok		0.107411152927724
Standardpcaclusters	6	663	mAOC0507	mAOC-CD11c	gene	RNA	ITGAX	0.0034065246047956	ok		0.100635598188104
Standardpcaclusters	7	1552	mAOC0507	mAOC-CD11c	gene	RNA	ITGAX	0.000454065787557668	ok		0.0759769891459876
Standardpcaclusters	8	2101	mAOC0507	mAOC-CD11c	gene	RNA	ITGAX	0.00185180202427317	ok		0.0967687300618378
Standardpcaclusters	9	440	mAOC0507	mAOC-CD11c	gene	RNA	ITGAX	0.00319947452581365	ok		0.00309750026635064
Standardpcaclusters	10	1898	mAOC0507	mAOC-CD11c	gene	RNA	ITGAX	0.00271581645009767	ok		0.0475955878538212
Standardpcaclusters	11	346	mAOC0507	mAOC-CD11c	gene	RNA	ITGAX	0.000614581481591096	ok		0.0716095020536252
Standardpcaclusters	12	135	mAOC0507	mAOC-CD11c	gene	RNA	ITGAX	0.00124610861112132	ok		0.0685958130738879
Standardpcaclusters	13	1222	mAOC0507	mAOC-CD11c	gene	RNA	ITGAX	0.00190938502140952	ok		0.011450619072829
Standardpcaclusters	14	84	mAOC0507	mAOC-CD11c	gene	RNA	ITGAX	0.0632278759761999	ok		0.0064603122583375
Standardpcaclusters	15	195	mAOC0507	mAOC-CD11c	gene	RNA	ITGAX	0.00563273287280205	ok		1.20196591819824
Standardpcaclusters	1	116	mAOC0508	mAOC-CD157	gene	RNA	BST1	0.132066015552651	ok		0
Standardpcaclusters	2	652	mAOC0508	mAOC-CD157	gene	RNA	BST1	0.0247443067708489	ok		0
Standardpcaclusters	3	2689	mAOC0508	mAOC-CD157	gene	RNA	BST1	0.0108652999671324	ok		0.0372872974331129
Standardpcaclusters	4	506	mAOC0508	mAOC-CD157	gene	RNA	BST1	0.0139218078464921	ok		0.0182663260933486
Standardpcaclusters	5	690	mAOC0508	mAOC-CD157	gene	RNA	BST1	0.0206019142805276	ok		0.0444023228469007
Standardpcaclusters	6	663	mAOC0508	mAOC-CD157	gene	RNA	BST1	0.0268632261366576	ok		0.0564250980491112
Standardpcaclusters	7	1552	mAOC0508	mAOC-CD157	gene	RNA	BST1	0.00535461189404162	ok		0.0318499603968921
Standardpcaclusters	8	2101	mAOC0508	mAOC-CD157	gene	RNA	BST1	0.0130136262808774	ok		0.0400920735875455
Standardpcaclusters	9	440	mAOC0508	mAOC-CD157	gene	RNA	BST1	0.0152173754774845	ok		0.0635200531931552
Standardpcaclusters	10	1898	mAOC0508	mAOC-CD157	gene	RNA	BST1	0.0206378529662527	ok		0.0578676540298801
Standardpcaclusters	11	346	mAOC0508	mAOC-CD157	gene	RNA	BST1	0.00491293568326975	ok		0.0776561732134641
Standardpcaclusters	12	135	mAOC0508	mAOC-CD157	gene	RNA	BST1	0.0760318553068331	ok		0.124342215588836
Standardpcaclusters	13	1222	mAOC0508	mAOC-CD157	gene	RNA	BST1	0.0818642362802946	ok		0.0278248432058128
Standardpcaclusters	14	84	mAOC0508	mAOC-CD157	gene	RNA	BST1	0.181225412761635	ok		0.01983348327229
Standardpcaclusters	15	195	mAOC0508	mAOC-CD157	gene	RNA	BST1	0.0534375581576678	ok		0.143317313475157
Standardpcaclusters	1	116	mAOC0509	mAOC-CD277	gene	RNA	BTN3A1	0.135765400682247	ok		0.146064805754228
Standardpcaclusters	2	652	mAOC0509	mAOC-CD277	gene	RNA	BTN3A1	0.0263827371652338	ok		0.0780521916879754
Standardpcaclusters	3	2689	mAOC0509	mAOC-CD277	gene	RNA	BTN3A1	0.010931791168322	ok		0.0241881991690866
Standardpcaclusters	4	506	mAOC0509	mAOC-CD277	gene	RNA	BTN3A1	0.0141096524920129	ok		0.0332601831616988
Standardpcaclusters	5	690	mAOC0509	mAOC-CD277	gene	RNA	BTN3A1	0.0204427459716099	ok		0.021546644418873
Standardpcaclusters	6	663	mAOC0509	mAOC-CD277	gene	RNA	BTN3A1	0.0244995650422623	ok		0.030392001342395
Standardpcaclusters	7	1552	mAOC0509	mAOC-CD277	gene	RNA	BTN3A1	0.0045354785524531	ok		0.0137129634444233
Standardpcaclusters	8	2101	mAOC0509	mAOC-CD277	gene	RNA	BTN3A1	0.0125256352267277	ok		0.0138947171767481
Standardpcaclusters	9	440	mAOC0509	mAOC-CD277	gene	RNA	BTN3A1	0.0168082769963421	ok		0.0335550132912316
Standardpcaclusters	10	1898	mAOC0509	mAOC-CD277	gene	RNA	BTN3A1	0.018977157480499	ok		0.0184772451803709
Standardpcaclusters	11	346	mAOC0509	mAOC-CD277	gene	RNA	BTN3A1	0.00512262138107138	ok		0.015125269804133
Standardpcaclusters	12	135	mAOC0509	mAOC-CD277	gene	RNA	BTN3A1	0.0807143135615327	ok		0.0332449547446472
Standardpcaclusters	13	1222	mAOC0509	mAOC-CD277	gene	RNA	BTN3A1	0.0758103132187535	ok		0.0941073881363321
Standardpcaclusters	14	84	mAOC0509	mAOC-CD277	gene	RNA	BTN3A1	0.165140071253086	ok		0.0142015068431705
Standardpcaclusters	15	195	mAOC0509	mAOC-CD277	gene	RNA	BTN3A1	0.0831355786928847	ok		0.00984492426862857
Standardpcaclusters	1	116	mAOC0518-1	mAOC-ACVR2B	gene	RNA	ACVR2B	0.132939920627288	ok		0.0105697900957163
Standardpcaclusters	2	652	mAOC0518-1	mAOC-ACVR2B	gene	RNA	ACVR2B	0.0220475265260048	ok		0
Standardpcaclusters	3	2689	mAOC0518-1	mAOC-ACVR2B	gene	RNA	ACVR2B	0.00719566268662792	ok		0.0257012130919948
Standardpcaclusters	4	506	mAOC0518-1	mAOC-ACVR2B	gene	RNA	ACVR2B	0.00877591172522923	ok		0.0187166381653554
Standardpcaclusters	5	690	mAOC0518-1	mAOC-ACVR2B	gene	RNA	ACVR2B	0.0115528961757009	ok		0.0397018054055707
Standardpcaclusters	6	663	mAOC0518-1	mAOC-ACVR2B	gene	RNA	ACVR2B	0.0150873985522007	ok		0.03528963883914
Standardpcaclusters	7	1552	mAOC0518-1	mAOC-ACVR2B	gene	RNA	ACVR2B	0.00337494800399154	ok		0.0192460058254514
Standardpcaclusters	8	2101	mAOC0518-1	mAOC-ACVR2B	gene	RNA	ACVR2B	0.00840042490956403	ok		0.0221903809403838
Standardpcaclusters	9	440	mAOC0518-1	mAOC-ACVR2B	gene	RNA	ACVR2B	0.00312997277620541	ok		0.0599589160296344
Standardpcaclusters	10	1898	mAOC0518-1	mAOC-ACVR2B	gene	RNA	ACVR2B	0.0110211198727755	ok		0.0269885728248314
Standardpcaclusters	11	346	mAOC0518-1	mAOC-ACVR2B	gene	RNA	ACVR2B	0.00346308634353938	ok		0.0240672150578713
Standardpcaclusters	12	135	mAOC0518-1	mAOC-ACVR2B	gene	RNA	ACVR2B	0.0362529881856859	ok		0.0106671602999211
Standardpcaclusters	13	1222	mAOC0518-1	mAOC-ACVR2B	gene	RNA	ACVR2B	0.0413884535956647	ok		0.0287535693571258
Standardpcaclusters	14	84	mAOC0518-1	mAOC-ACVR2B	gene	RNA	ACVR2B	0.107900248976595	ok		0.0238484526773576
Standardpcaclusters	15	195	mAOC0518-1	mAOC-ACVR2B	gene	RNA	ACVR2B	0.299394055087635	ok		0.012858882997595
Standardpcaclusters	1	116	mAOC0519-1	mAOC-CD246	gene	RNA	ALK	0.119839734961236	ok		0
Standardpcaclusters	2	652	mAOC0519-1	mAOC-CD246	gene	RNA	ALK	0.027627261556126	ok		0
Standardpcaclusters	3	2689	mAOC0519-1	mAOC-CD246	gene	RNA	ALK	0.0128760992416583	ok		0.00556632856749662
Standardpcaclusters	4	506	mAOC0519-1	mAOC-CD246	gene	RNA	ALK	0.0171536892122106	ok		0.0144316153662691
Standardpcaclusters	5	690	mAOC0519-1	mAOC-CD246	gene	RNA	ALK	0.0185143930693018	ok		0.0028715800984215
Standardpcaclusters	6	663	mAOC0519-1	mAOC-CD246	gene	RNA	ALK	0.0245351505804933	ok		0.00318293920527427
Standardpcaclusters	7	1552	mAOC0519-1	mAOC-CD246	gene	RNA	ALK	0.00597405666905367	ok		0.00336245141354768
Standardpcaclusters	8	2101	mAOC0519-1	mAOC-CD246	gene	RNA	ALK	0.0119019641220476	ok		0.00476916095109111
Standardpcaclusters	9	440	mAOC0519-1	mAOC-CD246	gene	RNA	ALK	0.00595313322935667	ok		0.000722127381078523
Standardpcaclusters	10	1898	mAOC0519-1	mAOC-CD246	gene	RNA	ALK	0.0143392640423638	ok		0.00299977043856658
Standardpcaclusters	11	346	mAOC0519-1	mAOC-CD246	gene	RNA	ALK	0.0031395707441194	ok		0.00681312159046771
Standardpcaclusters	12	135	mAOC0519-1	mAOC-CD246	gene	RNA	ALK	0.0417145438824579	ok		0
Standardpcaclusters	13	1222	mAOC0519-1	mAOC-CD246	gene	RNA	ALK	0.048706210486736	ok		0.033335532847997
Standardpcaclusters	14	84	mAOC0519-1	mAOC-CD246	gene	RNA	ALK	0.119074361658102	ok		0
Standardpcaclusters	15	195	mAOC0519-1	mAOC-CD246	gene	RNA	ALK	0.130365968357819	ok		0.00709232517057384
Standardpcaclusters	1	116	mAOC0520	mAOC-TNFA	gene	RNA	TNF	0.017352024691849	ok		0.317739051204316
Standardpcaclusters	2	652	mAOC0520	mAOC-TNFA	gene	RNA	TNF	0.0081231968747693	ok		0.20948490387156
Standardpcaclusters	3	2689	mAOC0520	mAOC-TNFA	gene	RNA	TNF	0.00175225862553928	ok		0.179527388780285
Standardpcaclusters	4	506	mAOC0520	mAOC-TNFA	gene	RNA	TNF	0.00219169479159836	ok		0.391633949462948
Standardpcaclusters	5	690	mAOC0520	mAOC-TNFA	gene	RNA	TNF	0.00337945063906228	ok		0.0279075392734686
Standardpcaclusters	6	663	mAOC0520	mAOC-TNFA	gene	RNA	TNF	0.00337233493870093	ok		0.0487708044330817
Standardpcaclusters	7	1552	mAOC0520	mAOC-TNFA	gene	RNA	TNF	0.000623243381316695	ok		0.286862079501213
Standardpcaclusters	8	2101	mAOC0520	mAOC-TNFA	gene	RNA	TNF	0.00233159997434158	ok		0.0370223502815649
Standardpcaclusters	9	440	mAOC0520	mAOC-TNFA	gene	RNA	TNF	0.000817347140051617	ok		0.0247721744681421
Standardpcaclusters	10	1898	mAOC0520	mAOC-TNFA	gene	RNA	TNF	0.00249727525101483	ok		0.0234065471423373
Standardpcaclusters	11	346	mAOC0520	mAOC-TNFA	gene	RNA	TNF	0.00131368297966211	ok		0.0376593851561086
Standardpcaclusters	12	135	mAOC0520	mAOC-TNFA	gene	RNA	TNF	0.00920257730580568	ok		0.1278501824072
Standardpcaclusters	13	1222	mAOC0520	mAOC-TNFA	gene	RNA	TNF	0.00549074181946683	ok		0.0457225839963787
Standardpcaclusters	14	84	mAOC0520	mAOC-TNFA	gene	RNA	TNF	0.0121189367344363	ok		0.0917822599333081
Standardpcaclusters	15	195	mAOC0520	mAOC-TNFA	gene	RNA	TNF	0.037420120279299	ok		0.581472063239263
Standardpcaclusters	1	116	mAOC0522-1	mAOC-CD350	gene	RNA	FZD10	0.244866280242569	ok		0
Standardpcaclusters	2	652	mAOC0522-1	mAOC-CD350	gene	RNA	FZD10	0.0430037937567887	ok		0
Standardpcaclusters	3	2689	mAOC0522-1	mAOC-CD350	gene	RNA	FZD10	0.0172450565879233	ok		0
Standardpcaclusters	4	506	mAOC0522-1	mAOC-CD350	gene	RNA	FZD10	0.0203174111003875	ok		0
Standardpcaclusters	5	690	mAOC0522-1	mAOC-CD350	gene	RNA	FZD10	0.0254743758951129	ok		0
Standardpcaclusters	6	663	mAOC0522-1	mAOC-CD350	gene	RNA	FZD10	0.0415590499345582	ok		0
Standardpcaclusters	7	1552	mAOC0522-1	mAOC-CD350	gene	RNA	FZD10	0.00754329127951374	ok		0
Standardpcaclusters	8	2101	mAOC0522-1	mAOC-CD350	gene	RNA	FZD10	0.0172864819619808	ok		0
Standardpcaclusters	9	440	mAOC0522-1	mAOC-CD350	gene	RNA	FZD10	0.011523402482898	ok		0
Standardpcaclusters	10	1898	mAOC0522-1	mAOC-CD350	gene	RNA	FZD10	0.0220603628842678	ok		0
Standardpcaclusters	11	346	mAOC0522-1	mAOC-CD350	gene	RNA	FZD10	0.00799263800302979	ok		0
Standardpcaclusters	12	135	mAOC0522-1	mAOC-CD350	gene	RNA	FZD10	0.0940711852557314	ok		0
Standardpcaclusters	13	1222	mAOC0522-1	mAOC-CD350	gene	RNA	FZD10	0.0722309908830014	ok		0
Standardpcaclusters	14	84	mAOC0522-1	mAOC-CD350	gene	RNA	FZD10	0.247243857094704	ok		0
Standardpcaclusters	15	195	mAOC0522-1	mAOC-CD350	gene	RNA	FZD10	0.131708497401503	ok		0
Standardpcaclusters	1	116	mAOC0523-1	mAOC-GLP1R	gene	RNA	GLP1R	0.0328234974267242	ok		0
Standardpcaclusters	2	652	mAOC0523-1	mAOC-GLP1R	gene	RNA	GLP1R	0.0102813710699166	ok		0
Standardpcaclusters	3	2689	mAOC0523-1	mAOC-GLP1R	gene	RNA	GLP1R	0.00191945789175659	ok		0
Standardpcaclusters	4	506	mAOC0523-1	mAOC-GLP1R	gene	RNA	GLP1R	0.00220360207496598	ok		0
Standardpcaclusters	5	690	mAOC0523-1	mAOC-GLP1R	gene	RNA	GLP1R	0.00381670476540065	ok		0.000544375438254167
Standardpcaclusters	6	663	mAOC0523-1	mAOC-GLP1R	gene	RNA	GLP1R	0.00425976083099866	ok		0.000882871520819749
Standardpcaclusters	7	1552	mAOC0523-1	mAOC-GLP1R	gene	RNA	GLP1R	0.00066494552461974	ok		0
Standardpcaclusters	8	2101	mAOC0523-1	mAOC-GLP1R	gene	RNA	GLP1R	0.00284894379183052	ok		0
Standardpcaclusters	9	440	mAOC0523-1	mAOC-GLP1R	gene	RNA	GLP1R	0.00153601458170732	ok		0
Standardpcaclusters	10	1898	mAOC0523-1	mAOC-GLP1R	gene	RNA	GLP1R	0.00431557388418307	ok		0.00153676941318355
Standardpcaclusters	11	346	mAOC0523-1	mAOC-GLP1R	gene	RNA	GLP1R	0.00131368297966211	ok		0.00190930076149559
Standardpcaclusters	12	135	mAOC0523-1	mAOC-GLP1R	gene	RNA	GLP1R	0.00662152226258349	ok		0
Standardpcaclusters	13	1222	mAOC0523-1	mAOC-GLP1R	gene	RNA	GLP1R	0.00951241121362231	ok		0.00292676303863455
Standardpcaclusters	14	84	mAOC0523-1	mAOC-GLP1R	gene	RNA	GLP1R	0.0235366614276841	ok		0
Standardpcaclusters	15	195	mAOC0523-1	mAOC-GLP1R	gene	RNA	GLP1R	0.0379547447466093	ok		0
Standardpcaclusters	1	116	mAOC0524	mAOC-GPC2	gene	RNA	GPC2	0.0546214274770573	ok		0.0382922798590815
Standardpcaclusters	2	652	mAOC0524	mAOC-GPC2	gene	RNA	GPC2	0.0111660130090842	ok		0.00941081278234758
Standardpcaclusters	3	2689	mAOC0524	mAOC-GPC2	gene	RNA	GPC2	0.00301122949004189	ok		0.00655919373470904
Standardpcaclusters	4	506	mAOC0524	mAOC-GPC2	gene	RNA	GPC2	0.00538459497535026	ok		0.00550911822988778
Standardpcaclusters	5	690	mAOC0524	mAOC-GPC2	gene	RNA	GPC2	0.00888298171081011	ok		0.00208647567400284
Standardpcaclusters	6	663	mAOC0524	mAOC-GPC2	gene	RNA	GPC2	0.0118214530960777	ok		0.00475668621704829
Standardpcaclusters	7	1552	mAOC0524	mAOC-GPC2	gene	RNA	GPC2	0.00130602060172026	ok		0.00421943672189276
Standardpcaclusters	8	2101	mAOC0524	mAOC-GPC2	gene	RNA	GPC2	0.00506948385307859	ok		0.00269413800497095
Standardpcaclusters	9	440	mAOC0524	mAOC-GPC2	gene	RNA	GPC2	0.00424936763564595	ok		0.00576958708182508
Standardpcaclusters	10	1898	mAOC0524	mAOC-GPC2	gene	RNA	GPC2	0.00688953060711944	ok		0.00357204232643897
Standardpcaclusters	11	346	mAOC0524	mAOC-GPC2	gene	RNA	GPC2	0.00357254457621895	ok		0.00259018458563332
Standardpcaclusters	12	135	mAOC0524	mAOC-GPC2	gene	RNA	GPC2	0.0231192859061688	ok		0.00738077338186672
Standardpcaclusters	13	1222	mAOC0524	mAOC-GPC2	gene	RNA	GPC2	0.0232377858093744	ok		0.0207040377955879
Standardpcaclusters	14	84	mAOC0524	mAOC-GPC2	gene	RNA	GPC2	0.0618844953573826	ok		0
Standardpcaclusters	15	195	mAOC0524	mAOC-GPC2	gene	RNA	GPC2	0.0256460796166287	ok		0
Standardpcaclusters	1	116	mAOC0525	mAOC-HTR2B	gene	RNA	HTR2B	0.0822565040499489	ok		0
Standardpcaclusters	2	652	mAOC0525	mAOC-HTR2B	gene	RNA	HTR2B	0.0164436377253401	ok		0.00634234611140097
Standardpcaclusters	3	2689	mAOC0525	mAOC-HTR2B	gene	RNA	HTR2B	0.00434713304941385	ok		0.00475883168236172
Standardpcaclusters	4	506	mAOC0525	mAOC-HTR2B	gene	RNA	HTR2B	0.00426372888212982	ok		0.00479254102070297
Standardpcaclusters	5	690	mAOC0525	mAOC-HTR2B	gene	RNA	HTR2B	0.0100197197109125	ok		0.00123973322548265
Standardpcaclusters	6	663	mAOC0525	mAOC-HTR2B	gene	RNA	HTR2B	0.00920598022202259	ok		0.00293633478290866
Standardpcaclusters	7	1552	mAOC0525	mAOC-HTR2B	gene	RNA	HTR2B	0.00131329023972313	ok		0.00449612075980622
Standardpcaclusters	8	2101	mAOC0525	mAOC-HTR2B	gene	RNA	HTR2B	0.00523903579167053	ok		0.00409536067749102
Standardpcaclusters	9	440	mAOC0525	mAOC-HTR2B	gene	RNA	HTR2B	0.00413112195818089	ok		0.00417353138503289
Standardpcaclusters	10	1898	mAOC0525	mAOC-HTR2B	gene	RNA	HTR2B	0.0073809731770256	ok		0.00537082072310372
Standardpcaclusters	11	346	mAOC0525	mAOC-HTR2B	gene	RNA	HTR2B	0.00256734813289242	ok		0.0100919852801981
Standardpcaclusters	12	135	mAOC0525	mAOC-HTR2B	gene	RNA	HTR2B	0.0240346506673432	ok		0
Standardpcaclusters	13	1222	mAOC0525	mAOC-HTR2B	gene	RNA	HTR2B	0.0273183729765614	ok		0.000719771391779199
Standardpcaclusters	14	84	mAOC0525	mAOC-HTR2B	gene	RNA	HTR2B	0.0276798772986863	ok		0.00248908360058764
Standardpcaclusters	15	195	mAOC0525	mAOC-HTR2B	gene	RNA	HTR2B	0.0352430566870464	ok		0
Standardpcaclusters	1	116	mAOC0526	mAOC-CD213a2	gene	RNA	IL13RA2	0.0484934229574381	ok		0
Standardpcaclusters	2	652	mAOC0526	mAOC-CD213a2	gene	RNA	IL13RA2	0.0128162483787654	ok		0
Standardpcaclusters	3	2689	mAOC0526	mAOC-CD213a2	gene	RNA	IL13RA2	0.00468219195640253	ok		0.00554680312874711
Standardpcaclusters	4	506	mAOC0526	mAOC-CD213a2	gene	RNA	IL13RA2	0.00521798559271496	ok		0.0052865522998717
Standardpcaclusters	5	690	mAOC0526	mAOC-CD213a2	gene	RNA	IL13RA2	0.00864144603870113	ok		0.00457532097142307
Standardpcaclusters	6	663	mAOC0526	mAOC-CD213a2	gene	RNA	IL13RA2	0.0140357237846058	ok		0.000722455096030742
Standardpcaclusters	7	1552	mAOC0526	mAOC-CD213a2	gene	RNA	IL13RA2	0.00114140232359332	ok		0.011934042371206
Standardpcaclusters	8	2101	mAOC0526	mAOC-CD213a2	gene	RNA	IL13RA2	0.00530862669424333	ok		0.0173376076382912
Standardpcaclusters	9	440	mAOC0526	mAOC-CD213a2	gene	RNA	IL13RA2	0.00588330130428481	ok		0.0118817738972133
Standardpcaclusters	10	1898	mAOC0526	mAOC-CD213a2	gene	RNA	IL13RA2	0.00805880118543127	ok		0.00822717589068879
Standardpcaclusters	11	346	mAOC0526	mAOC-CD213a2	gene	RNA	IL13RA2	0.00502425618555081	ok		0.0187827902931767
Standardpcaclusters	12	135	mAOC0526	mAOC-CD213a2	gene	RNA	IL13RA2	0.0540298775053816	ok		0
Standardpcaclusters	13	1222	mAOC0526	mAOC-CD213a2	gene	RNA	IL13RA2	0.0277293470250201	ok		0.000656807027356585
Standardpcaclusters	14	84	mAOC0526	mAOC-CD213a2	gene	RNA	IL13RA2	0.109789769617761	ok		0.00248908360058764
Standardpcaclusters	15	195	mAOC0526	mAOC-CD213a2	gene	RNA	IL13RA2	0.0371694509454442	ok		0
Standardpcaclusters	1	116	mAOC0527	mAOC-CD220	gene	RNA	INSR	0.154516995521006	ok		0.109926235483882
Standardpcaclusters	2	652	mAOC0527	mAOC-CD220	gene	RNA	INSR	0.0341269904261391	ok		0.245821487632773
Standardpcaclusters	3	2689	mAOC0527	mAOC-CD220	gene	RNA	INSR	0.0127584414947104	ok		0.0583792495003869
Standardpcaclusters	4	506	mAOC0527	mAOC-CD220	gene	RNA	INSR	0.0186006179915456	ok		0.0859251640882511
Standardpcaclusters	5	690	mAOC0527	mAOC-CD220	gene	RNA	INSR	0.0185424790800956	ok		0.0542338135065655
Standardpcaclusters	6	663	mAOC0527	mAOC-CD220	gene	RNA	INSR	0.0219452134498191	ok		0.176535724730766
Standardpcaclusters	7	1552	mAOC0527	mAOC-CD220	gene	RNA	INSR	0.00786868470148089	ok		0.0196618855720043
Standardpcaclusters	8	2101	mAOC0527	mAOC-CD220	gene	RNA	INSR	0.0148449854220968	ok		0.0204028103940676
Standardpcaclusters	9	440	mAOC0527	mAOC-CD220	gene	RNA	INSR	0.0117125448827173	ok		0.0617671298266594
Standardpcaclusters	10	1898	mAOC0527	mAOC-CD220	gene	RNA	INSR	0.0212125078207133	ok		0.0205486218551141
Standardpcaclusters	11	346	mAOC0527	mAOC-CD220	gene	RNA	INSR	0.0038621293715769	ok		0.124703000771495
Standardpcaclusters	12	135	mAOC0527	mAOC-CD220	gene	RNA	INSR	0.0666443113904989	ok		0.0144012851371834
Standardpcaclusters	13	1222	mAOC0527	mAOC-CD220	gene	RNA	INSR	0.0732859492586116	ok		0.104093241624464
Standardpcaclusters	14	84	mAOC0527	mAOC-CD220	gene	RNA	INSR	0.083672202038521	ok		0.0148821239403451
Standardpcaclusters	15	195	mAOC0527	mAOC-CD220	gene	RNA	INSR	0.0521280858363475	ok		0.0602251789716896
Standardpcaclusters	1	116	mAOC0528	mAOC-Galectin-3	gene	RNA	LGALS3	0.023067055922124	ok		0.0210384427254016
Standardpcaclusters	2	652	mAOC0528	mAOC-Galectin-3	gene	RNA	LGALS3	0.00703763272380168	ok		0.166022159029637
Standardpcaclusters	3	2689	mAOC0528	mAOC-Galectin-3	gene	RNA	LGALS3	0.00224876117769244	ok		0.0111525841315961
Standardpcaclusters	4	506	mAOC0528	mAOC-Galectin-3	gene	RNA	LGALS3	0.00360502006327565	ok		0.121398148415078
Standardpcaclusters	5	690	mAOC0528	mAOC-Galectin-3	gene	RNA	LGALS3	0.00529781821587852	ok		0.0155885660625294
Standardpcaclusters	6	663	mAOC0528	mAOC-Galectin-3	gene	RNA	LGALS3	0.00550655974101742	ok		0.0545221112174907
Standardpcaclusters	7	1552	mAOC0528	mAOC-Galectin-3	gene	RNA	LGALS3	0.000369904394085588	ok		0.00842287603159922
Standardpcaclusters	8	2101	mAOC0528	mAOC-Galectin-3	gene	RNA	LGALS3	0.00221588356354677	ok		0.0187881337718353
Standardpcaclusters	9	440	mAOC0528	mAOC-Galectin-3	gene	RNA	LGALS3	0.00170122193078441	ok		0.020142182580346
Standardpcaclusters	10	1898	mAOC0528	mAOC-Galectin-3	gene	RNA	LGALS3	0.00260100674743962	ok		0.0154903375802408
Standardpcaclusters	11	346	mAOC0528	mAOC-Galectin-3	gene	RNA	LGALS3	0.00118674091404596	ok		0.013289300328665
Standardpcaclusters	12	135	mAOC0528	mAOC-Galectin-3	gene	RNA	LGALS3	0.0233246203138779	ok		0.00637380435428855
Standardpcaclusters	13	1222	mAOC0528	mAOC-Galectin-3	gene	RNA	LGALS3	0.0101285498317606	ok		0.00533795823531897
Standardpcaclusters	14	84	mAOC0528	mAOC-Galectin-3	gene	RNA	LGALS3	0.0382685505487934	ok		0.0138036526117843
Standardpcaclusters	15	195	mAOC0528	mAOC-Galectin-3	gene	RNA	LGALS3	0.00747695130438463	ok		2.23556048376321
Standardpcaclusters	1	116	mAOC0529	mAOC-CD257	gene	RNA	TNFSF13B	0.0412780582067399	ok		0.144368393323823
Standardpcaclusters	2	652	mAOC0529	mAOC-CD257	gene	RNA	TNFSF13B	0.0109474117246696	ok		0.0575601880897569
Standardpcaclusters	3	2689	mAOC0529	mAOC-CD257	gene	RNA	TNFSF13B	0.00316717207808496	ok		0.0950213491258119
Standardpcaclusters	4	506	mAOC0529	mAOC-CD257	gene	RNA	TNFSF13B	0.00392025606379515	ok		0.15446522554223
Standardpcaclusters	5	690	mAOC0529	mAOC-CD257	gene	RNA	TNFSF13B	0.00948011158205438	ok		0.091567501800091
Standardpcaclusters	6	663	mAOC0529	mAOC-CD257	gene	RNA	TNFSF13B	0.0106159557503852	ok		0.11825564110821
Standardpcaclusters	7	1552	mAOC0529	mAOC-CD257	gene	RNA	TNFSF13B	0.00163549013972303	ok		0.0570112387282833
Standardpcaclusters	8	2101	mAOC0529	mAOC-CD257	gene	RNA	TNFSF13B	0.00569358541408481	ok		0.0350943218699305
Standardpcaclusters	9	440	mAOC0529	mAOC-CD257	gene	RNA	TNFSF13B	0.00418834174262161	ok		0.0369796031862443
Standardpcaclusters	10	1898	mAOC0529	mAOC-CD257	gene	RNA	TNFSF13B	0.00769272973202864	ok		0.0205342183160823
Standardpcaclusters	11	346	mAOC0529	mAOC-CD257	gene	RNA	TNFSF13B	0.0031468689966036	ok		0.0562846109696638
Standardpcaclusters	12	135	mAOC0529	mAOC-CD257	gene	RNA	TNFSF13B	0.0279988876830444	ok		0.0631778861244783
Standardpcaclusters	13	1222	mAOC0529	mAOC-CD257	gene	RNA	TNFSF13B	0.0260747441384789	ok		0.117119462809653
Standardpcaclusters	14	84	mAOC0529	mAOC-CD257	gene	RNA	TNFSF13B	0.0445590435065933	ok		0.0515103811408416
Standardpcaclusters	15	195	mAOC0529	mAOC-CD257	gene	RNA	TNFSF13B	0.0183054685181072	ok		0.128077524869654
Standardpcaclusters	1	116	mAOC0530	mAOC-CD279	gene	RNA	PDCD1	0.0562183832547764	ok		0
Standardpcaclusters	2	652	mAOC0530	mAOC-CD279	gene	RNA	PDCD1	0.0129027992001102	ok		0.0599737820306882
Standardpcaclusters	3	2689	mAOC0530	mAOC-CD279	gene	RNA	PDCD1	0.00308498894772547	ok		0.001963944491749
Standardpcaclusters	4	506	mAOC0530	mAOC-CD279	gene	RNA	PDCD1	0.00471985588141438	ok		0.00301877946272748
Standardpcaclusters	5	690	mAOC0530	mAOC-CD279	gene	RNA	PDCD1	0.00676187404089456	ok		0.00149431087835231
Standardpcaclusters	6	663	mAOC0530	mAOC-CD279	gene	RNA	PDCD1	0.00769017325207624	ok		0.00305339018578557
Standardpcaclusters	7	1552	mAOC0530	mAOC-CD279	gene	RNA	PDCD1	0.00205598535727068	ok		0.000985257862688696
Standardpcaclusters	8	2101	mAOC0530	mAOC-CD279	gene	RNA	PDCD1	0.00580778594321878	ok		0.00835443571664872
Standardpcaclusters	9	440	mAOC0530	mAOC-CD279	gene	RNA	PDCD1	0.00412134193035275	ok		0.00420736298520229
Standardpcaclusters	10	1898	mAOC0530	mAOC-CD279	gene	RNA	PDCD1	0.00599305721531789	ok		0.0105958894755118
Standardpcaclusters	11	346	mAOC0530	mAOC-CD279	gene	RNA	PDCD1	0.00176574004848364	ok		0.000698636776973977
Standardpcaclusters	12	135	mAOC0530	mAOC-CD279	gene	RNA	PDCD1	0.0158333917995595	ok		0
Standardpcaclusters	13	1222	mAOC0530	mAOC-CD279	gene	RNA	PDCD1	0.0267562607549173	ok		0.00034824902256951
Standardpcaclusters	14	84	mAOC0530	mAOC-CD279	gene	RNA	PDCD1	0.0286220207527455	ok		0.0219901822424955
Standardpcaclusters	15	195	mAOC0530	mAOC-CD279	gene	RNA	PDCD1	0.0253728356577696	ok		0
Standardpcaclusters	1	116	mAOC0531	mAOC-TNFSF12	gene	RNA	TNFSF12	0.0875402062958363	ok		0
Standardpcaclusters	2	652	mAOC0531	mAOC-TNFSF12	gene	RNA	TNFSF12	0.0157201120773554	ok		0
Standardpcaclusters	3	2689	mAOC0531	mAOC-TNFSF12	gene	RNA	TNFSF12	0.00408349131664077	ok		0.00734611740487393
Standardpcaclusters	4	506	mAOC0531	mAOC-TNFSF12	gene	RNA	TNFSF12	0.00558214688398244	ok		0.00140184008681407
Standardpcaclusters	5	690	mAOC0531	mAOC-TNFSF12	gene	RNA	TNFSF12	0.00694345845806048	ok		0
Standardpcaclusters	6	663	mAOC0531	mAOC-TNFSF12	gene	RNA	TNFSF12	0.00995607301973705	ok		0
Standardpcaclusters	7	1552	mAOC0531	mAOC-TNFSF12	gene	RNA	TNFSF12	0.00249326138722701	ok		0.00559372081308104
Standardpcaclusters	8	2101	mAOC0531	mAOC-TNFSF12	gene	RNA	TNFSF12	0.00573655490302521	ok		0.00196379321539957
Standardpcaclusters	9	440	mAOC0531	mAOC-TNFSF12	gene	RNA	TNFSF12	0.0078816708518724	ok		0
Standardpcaclusters	10	1898	mAOC0531	mAOC-TNFSF12	gene	RNA	TNFSF12	0.007403583589658	ok		0.00104069612688758
Standardpcaclusters	11	346	mAOC0531	mAOC-TNFSF12	gene	RNA	TNFSF12	0.00182461405735765	ok		0
Standardpcaclusters	12	135	mAOC0531	mAOC-TNFSF12	gene	RNA	TNFSF12	0.024062680402433	ok		0
Standardpcaclusters	13	1222	mAOC0531	mAOC-TNFSF12	gene	RNA	TNFSF12	0.026501063117626	ok		0.0026019962127706
Standardpcaclusters	14	84	mAOC0531	mAOC-TNFSF12	gene	RNA	TNFSF12	0.0665862993628882	ok		0.0300250282756922
Standardpcaclusters	15	195	mAOC0531	mAOC-TNFSF12	gene	RNA	TNFSF12	0.0362448913637927	ok		0
Standardpcaclusters	1	116	mAOC0532	mAOC-CD314	gene	RNA	KLRK1	0.181247553710668	ok		0.276329478191429
Standardpcaclusters	2	652	mAOC0532	mAOC-CD314	gene	RNA	KLRK1	0.0303815907600139	ok		0.166328466284479
Standardpcaclusters	3	2689	mAOC0532	mAOC-CD314	gene	RNA	KLRK1	0.019896336508357	ok		0
Standardpcaclusters	4	506	mAOC0532	mAOC-CD314	gene	RNA	KLRK1	0.0172335385020863	ok		0.00551165973238275
Standardpcaclusters	5	690	mAOC0532	mAOC-CD314	gene	RNA	KLRK1	0.02501114068085	ok		0
Standardpcaclusters	6	663	mAOC0532	mAOC-CD314	gene	RNA	KLRK1	0.0347991121448316	ok		0
Standardpcaclusters	7	1552	mAOC0532	mAOC-CD314	gene	RNA	KLRK1	0.0100034797366729	ok		0
Standardpcaclusters	8	2101	mAOC0532	mAOC-CD314	gene	RNA	KLRK1	0.0162917753698894	ok		0.00087385285512383
Standardpcaclusters	9	440	mAOC0532	mAOC-CD314	gene	RNA	KLRK1	0.0172294730022235	ok		0.00305085301077434
Standardpcaclusters	10	1898	mAOC0532	mAOC-CD314	gene	RNA	KLRK1	0.021906281464167	ok		0.00259072982394271
Standardpcaclusters	11	346	mAOC0532	mAOC-CD314	gene	RNA	KLRK1	0.00533558229960609	ok		0
Standardpcaclusters	12	135	mAOC0532	mAOC-CD314	gene	RNA	KLRK1	0.0645966818096272	ok		0.046787978625552
Standardpcaclusters	13	1222	mAOC0532	mAOC-CD314	gene	RNA	KLRK1	0.0788727029326309	ok		0.00101778216317811
Standardpcaclusters	14	84	mAOC0532	mAOC-CD314	gene	RNA	KLRK1	0.158528533208016	ok		0
Standardpcaclusters	15	195	mAOC0532	mAOC-CD314	gene	RNA	KLRK1	0.0599179965646889	ok		0
Standardpcaclusters	1	116	mAOC0533	mAOC-CD274	gene	RNA	CD274	0.181939608338748	ok		0.0134288793157157
Standardpcaclusters	2	652	mAOC0533	mAOC-CD274	gene	RNA	CD274	0.034509249173821	ok		0.0380128378161492
Standardpcaclusters	3	2689	mAOC0533	mAOC-CD274	gene	RNA	CD274	0.0143775038692493	ok		0.00723221485362047
Standardpcaclusters	4	506	mAOC0533	mAOC-CD274	gene	RNA	CD274	0.0156948391726944	ok		0.0167909503428459
Standardpcaclusters	5	690	mAOC0533	mAOC-CD274	gene	RNA	CD274	0.02492730468336	ok		0.00501337584196136
Standardpcaclusters	6	663	mAOC0533	mAOC-CD274	gene	RNA	CD274	0.0240041479479099	ok		0.00516212803708651
Standardpcaclusters	7	1552	mAOC0533	mAOC-CD274	gene	RNA	CD274	0.0100648968581704	ok		0.0450841720181207
Standardpcaclusters	8	2101	mAOC0533	mAOC-CD274	gene	RNA	CD274	0.0158490339689831	ok		0.032070016761864
Standardpcaclusters	9	440	mAOC0533	mAOC-CD274	gene	RNA	CD274	0.0248435540699309	ok		0.00491213262650031
Standardpcaclusters	10	1898	mAOC0533	mAOC-CD274	gene	RNA	CD274	0.0251791986891665	ok		0.00385020083153706
Standardpcaclusters	11	346	mAOC0533	mAOC-CD274	gene	RNA	CD274	0.00755500375996739	ok		0.0258383626897149
Standardpcaclusters	12	135	mAOC0533	mAOC-CD274	gene	RNA	CD274	0.0844149039314147	ok		0.0121712573207272
Standardpcaclusters	13	1222	mAOC0533	mAOC-CD274	gene	RNA	CD274	0.0950805695218343	ok		0.0352290922572469
Standardpcaclusters	14	84	mAOC0533	mAOC-CD274	gene	RNA	CD274	0.331845313182226	ok		0.0363272398050882
Standardpcaclusters	15	195	mAOC0533	mAOC-CD274	gene	RNA	CD274	0.0438417389253467	ok		0.269277516454506
Standardpcaclusters	1	116	mAOC0534	mAOC-CD64	gene	RNA	FCGR1A	0.504149571937605	ok		0
Standardpcaclusters	2	652	mAOC0534	mAOC-CD64	gene	RNA	FCGR1A	0.182317549463654	ok		0
Standardpcaclusters	3	2689	mAOC0534	mAOC-CD64	gene	RNA	FCGR1A	0.144348643132964	ok		0.0447180295996364
Standardpcaclusters	4	506	mAOC0534	mAOC-CD64	gene	RNA	FCGR1A	0.143017583948308	ok		0.0184406539967619
Standardpcaclusters	5	690	mAOC0534	mAOC-CD64	gene	RNA	FCGR1A	0.1515910697466	ok		0.173640331573308
Standardpcaclusters	6	663	mAOC0534	mAOC-CD64	gene	RNA	FCGR1A	0.193845374990728	ok		0.116346008403184
Standardpcaclusters	7	1552	mAOC0534	mAOC-CD64	gene	RNA	FCGR1A	0.195973428382423	ok		0.0397892867560242
Standardpcaclusters	8	2101	mAOC0534	mAOC-CD64	gene	RNA	FCGR1A	0.141866291100619	ok		0.110475184738452
Standardpcaclusters	9	440	mAOC0534	mAOC-CD64	gene	RNA	FCGR1A	0.187819870704516	ok		0.0316116501722063
Standardpcaclusters	10	1898	mAOC0534	mAOC-CD64	gene	RNA	FCGR1A	0.164071144062058	ok		0.0715370192879765
Standardpcaclusters	11	346	mAOC0534	mAOC-CD64	gene	RNA	FCGR1A	0.126614008865855	ok		0.0365883485277278
Standardpcaclusters	12	135	mAOC0534	mAOC-CD64	gene	RNA	FCGR1A	0.375633039902137	ok		0.0229603310627111
Standardpcaclusters	13	1222	mAOC0534	mAOC-CD64	gene	RNA	FCGR1A	0.306400521855939	ok		0.0292262375477454
Standardpcaclusters	14	84	mAOC0534	mAOC-CD64	gene	RNA	FCGR1A	0.612880486904652	ok		0
Standardpcaclusters	15	195	mAOC0534	mAOC-CD64	gene	RNA	FCGR1A	0.202111420877235	ok		0.0385473433780101
Standardpcaclusters	1	116	mAOC0540	mAOC-CD117	gene	RNA	KIT	0.187309315199691	ok		0.0139252562251836
Standardpcaclusters	2	652	mAOC0540	mAOC-CD117	gene	RNA	KIT	0.0487899847157318	ok		0.00282711328514577
Standardpcaclusters	3	2689	mAOC0540	mAOC-CD117	gene	RNA	KIT	0.0101784557035619	ok		0.107715948057401
Standardpcaclusters	4	506	mAOC0540	mAOC-CD117	gene	RNA	KIT	0.019991885586515	ok		0.113527370149939
Standardpcaclusters	5	690	mAOC0540	mAOC-CD117	gene	RNA	KIT	0.0199982390269892	ok		0.0740812891533662
Standardpcaclusters	6	663	mAOC0540	mAOC-CD117	gene	RNA	KIT	0.0233577611718072	ok		0.303411522198316
Standardpcaclusters	7	1552	mAOC0540	mAOC-CD117	gene	RNA	KIT	0.00688518057669608	ok		0.0672865817417469
Standardpcaclusters	8	2101	mAOC0540	mAOC-CD117	gene	RNA	KIT	0.0118565420302221	ok		0.0369775157709953
Standardpcaclusters	9	440	mAOC0540	mAOC-CD117	gene	RNA	KIT	0.0157202155335917	ok		0.350001436279507
Standardpcaclusters	10	1898	mAOC0540	mAOC-CD117	gene	RNA	KIT	0.0194530489971367	ok		0.163310393946877
Standardpcaclusters	11	346	mAOC0540	mAOC-CD117	gene	RNA	KIT	0.00427798766051074	ok		0.123037246615426
Standardpcaclusters	12	135	mAOC0540	mAOC-CD117	gene	RNA	KIT	0.0860663911300314	ok		0.0909671335065572
Standardpcaclusters	13	1222	mAOC0540	mAOC-CD117	gene	RNA	KIT	0.0872484846413382	ok		0.269903254389552
Standardpcaclusters	14	84	mAOC0540	mAOC-CD117	gene	RNA	KIT	0.272887224249972	ok		0.00814082374566593
Standardpcaclusters	15	195	mAOC0540	mAOC-CD117	gene	RNA	KIT	0.356011763688832	ok		0
Standardpcaclusters	1	116	mAOC0541	mAOC-KLB	gene	RNA	KLB	0.326935449949833	ok		0
Standardpcaclusters	2	652	mAOC0541	mAOC-KLB	gene	RNA	KLB	1.04521521245641	ok		0.00357767928271497
Standardpcaclusters	3	2689	mAOC0541	mAOC-KLB	gene	RNA	KLB	0.00774900868357717	ok		0.000905513769882692
Standardpcaclusters	4	506	mAOC0541	mAOC-KLB	gene	RNA	KLB	0.0412127798639382	ok		0
Standardpcaclusters	5	690	mAOC0541	mAOC-KLB	gene	RNA	KLB	0.0163326541366638	ok		0
Standardpcaclusters	6	663	mAOC0541	mAOC-KLB	gene	RNA	KLB	0.0219824214653992	ok		0
Standardpcaclusters	7	1552	mAOC0541	mAOC-KLB	gene	RNA	KLB	0.00220972515433613	ok		0.00189458435558463
Standardpcaclusters	8	2101	mAOC0541	mAOC-KLB	gene	RNA	KLB	0.0076162254431335	ok		0.00298187113615548
Standardpcaclusters	9	440	mAOC0541	mAOC-KLB	gene	RNA	KLB	0.0171785950275154	ok		0.00370949549127581
Standardpcaclusters	10	1898	mAOC0541	mAOC-KLB	gene	RNA	KLB	0.0331546271934419	ok		0.000485573729668854
Standardpcaclusters	11	346	mAOC0541	mAOC-KLB	gene	RNA	KLB	0.00970019097894732	ok		0.00103937055137904
Standardpcaclusters	12	135	mAOC0541	mAOC-KLB	gene	RNA	KLB	0.0979608536227449	ok		0
Standardpcaclusters	13	1222	mAOC0541	mAOC-KLB	gene	RNA	KLB	0.0574880569967382	ok		0.0134999941376808
Standardpcaclusters	14	84	mAOC0541	mAOC-KLB	gene	RNA	KLB	0.643954453648854	ok		0
Standardpcaclusters	15	195	mAOC0541	mAOC-KLB	gene	RNA	KLB	0.164709819685445	ok		0
Standardpcaclusters	1	116	mAOC0542	mAOC-CD107a	gene	RNA	LAMP1	0.133207108992552	ok		0.0930484102356195
Standardpcaclusters	2	652	mAOC0542	mAOC-CD107a	gene	RNA	LAMP1	0.0208482304124649	ok		0.0655490483049127
Standardpcaclusters	3	2689	mAOC0542	mAOC-CD107a	gene	RNA	LAMP1	0.00461409600200696	ok		0.0780036894560245
Standardpcaclusters	4	506	mAOC0542	mAOC-CD107a	gene	RNA	LAMP1	0.00911886103121717	ok		0.0690328505127903
Standardpcaclusters	5	690	mAOC0542	mAOC-CD107a	gene	RNA	LAMP1	0.0136697036868264	ok		0.0539800408418872
Standardpcaclusters	6	663	mAOC0542	mAOC-CD107a	gene	RNA	LAMP1	0.0153150108102366	ok		0.117173847219669
Standardpcaclusters	7	1552	mAOC0542	mAOC-CD107a	gene	RNA	LAMP1	0.00219468129774492	ok		0.0631427378574333
Standardpcaclusters	8	2101	mAOC0542	mAOC-CD107a	gene	RNA	LAMP1	0.00820501358865301	ok		0.0421255911153365
Standardpcaclusters	9	440	mAOC0542	mAOC-CD107a	gene	RNA	LAMP1	0.0104746370026378	ok		0.0807328616715195
Standardpcaclusters	10	1898	mAOC0542	mAOC-CD107a	gene	RNA	LAMP1	0.0101168524355272	ok		0.0497121579099221
Standardpcaclusters	11	346	mAOC0542	mAOC-CD107a	gene	RNA	LAMP1	0.00340589424130747	ok		0.0604790476481688
Standardpcaclusters	12	135	mAOC0542	mAOC-CD107a	gene	RNA	LAMP1	0.0712960360197376	ok		0.0707513312248291
Standardpcaclusters	13	1222	mAOC0542	mAOC-CD107a	gene	RNA	LAMP1	0.0530210567349274	ok		0.0701816040530331
Standardpcaclusters	14	84	mAOC0542	mAOC-CD107a	gene	RNA	LAMP1	0.123509048581784	ok		0.0427622553175156
Standardpcaclusters	15	195	mAOC0542	mAOC-CD107a	gene	RNA	LAMP1	0.0395736304170202	ok		0.130463640032992
Standardpcaclusters	1	116	mAOC0543	mAOC-GARP	gene	RNA	LRRC32	0.0642979520926664	ok		0
Standardpcaclusters	2	652	mAOC0543	mAOC-GARP	gene	RNA	LRRC32	0.0153517032598036	ok		0.0303431981033088
Standardpcaclusters	3	2689	mAOC0543	mAOC-GARP	gene	RNA	LRRC32	0.00412069585603678	ok		0.00239301650132283
Standardpcaclusters	4	506	mAOC0543	mAOC-GARP	gene	RNA	LRRC32	0.00677546318955391	ok		0
Standardpcaclusters	5	690	mAOC0543	mAOC-GARP	gene	RNA	LRRC32	0.0111124575405982	ok		0
Standardpcaclusters	6	663	mAOC0543	mAOC-GARP	gene	RNA	LRRC32	0.0135450242485498	ok		0.000955551507985811
Standardpcaclusters	7	1552	mAOC0543	mAOC-GARP	gene	RNA	LRRC32	0.00116618985797739	ok		0.00766804835116495
Standardpcaclusters	8	2101	mAOC0543	mAOC-GARP	gene	RNA	LRRC32	0.00539390183610854	ok		0.00295752684015727
Standardpcaclusters	9	440	mAOC0543	mAOC-GARP	gene	RNA	LRRC32	0.0103318100134646	ok		0.00203032473024479
Standardpcaclusters	10	1898	mAOC0543	mAOC-GARP	gene	RNA	LRRC32	0.00869507670827676	ok		0.00216903834191938
Standardpcaclusters	11	346	mAOC0543	mAOC-GARP	gene	RNA	LRRC32	0.000914796735146701	ok		0.00552335301180234
Standardpcaclusters	12	135	mAOC0543	mAOC-GARP	gene	RNA	LRRC32	0.0393704607020151	ok		0.0298158428718742
Standardpcaclusters	13	1222	mAOC0543	mAOC-GARP	gene	RNA	LRRC32	0.0269194275527376	ok		0.00605022430003446
Standardpcaclusters	14	84	mAOC0543	mAOC-GARP	gene	RNA	LRRC32	0.207080110144441	ok		0.0879932778299298
Standardpcaclusters	15	195	mAOC0543	mAOC-GARP	gene	RNA	LRRC32	0.0220603581503723	ok		0
Standardpcaclusters	1	116	mAOC0544	mAOC-MICA	gene	RNA	MICA	0.119999201034116	ok		0
Standardpcaclusters	2	652	mAOC0544	mAOC-MICA	gene	RNA	MICA	0.0244175492893149	ok		0.00104822165512908
Standardpcaclusters	3	2689	mAOC0544	mAOC-MICA	gene	RNA	MICA	0.0106825568089331	ok		0.107601431548366
Standardpcaclusters	4	506	mAOC0544	mAOC-MICA	gene	RNA	MICA	0.0132413180764991	ok		0.0771930654217297
Standardpcaclusters	5	690	mAOC0544	mAOC-MICA	gene	RNA	MICA	0.0181021696551369	ok		0.0995457163311897
Standardpcaclusters	6	663	mAOC0544	mAOC-MICA	gene	RNA	MICA	0.023066512202671	ok		0.0964810600856537
Standardpcaclusters	7	1552	mAOC0544	mAOC-MICA	gene	RNA	MICA	0.00437926821637471	ok		0.120534335204076
Standardpcaclusters	8	2101	mAOC0544	mAOC-MICA	gene	RNA	MICA	0.0109936594888443	ok		0.117992830697886
Standardpcaclusters	9	440	mAOC0544	mAOC-MICA	gene	RNA	MICA	0.0154999176767857	ok		0.0804878031821933
Standardpcaclusters	10	1898	mAOC0544	mAOC-MICA	gene	RNA	MICA	0.0191852562190056	ok		0.0804342654538952
Standardpcaclusters	11	346	mAOC0544	mAOC-MICA	gene	RNA	MICA	0.0058368178027139	ok		0.108797171825862
Standardpcaclusters	12	135	mAOC0544	mAOC-MICA	gene	RNA	MICA	0.0583224657010527	ok		0.0145586285579539
Standardpcaclusters	13	1222	mAOC0544	mAOC-MICA	gene	RNA	MICA	0.07314092016967	ok		0.0948548366971193
Standardpcaclusters	14	84	mAOC0544	mAOC-MICA	gene	RNA	MICA	0.150620941050161	ok		0.0873326905271807
Standardpcaclusters	15	195	mAOC0544	mAOC-MICA	gene	RNA	MICA	0.0974816648583761	ok		0.05462792661896
Standardpcaclusters	1	116	mAOC0545	mAOC-CD335	gene	RNA	NCR1	0.199350872108258	ok		0.119124021281934
Standardpcaclusters	2	652	mAOC0545	mAOC-CD335	gene	RNA	NCR1	0.0402842932589438	ok		0
Standardpcaclusters	3	2689	mAOC0545	mAOC-CD335	gene	RNA	NCR1	0.0226558320355909	ok		0.000167708913747871
Standardpcaclusters	4	506	mAOC0545	mAOC-CD335	gene	RNA	NCR1	0.0291262237713574	ok		0
Standardpcaclusters	5	690	mAOC0545	mAOC-CD335	gene	RNA	NCR1	0.0365785457379696	ok		0.00238061300117315
Standardpcaclusters	6	663	mAOC0545	mAOC-CD335	gene	RNA	NCR1	0.0388121666693227	ok		0.000508345669712105
Standardpcaclusters	7	1552	mAOC0545	mAOC-CD335	gene	RNA	NCR1	0.0172080591904515	ok		0
Standardpcaclusters	8	2101	mAOC0545	mAOC-CD335	gene	RNA	NCR1	0.0242151131306799	ok		0
Standardpcaclusters	9	440	mAOC0545	mAOC-CD335	gene	RNA	NCR1	0.0323054131268278	ok		0.00468660846573134
Standardpcaclusters	10	1898	mAOC0545	mAOC-CD335	gene	RNA	NCR1	0.0307414916918659	ok		0.0012006474346731
Standardpcaclusters	11	346	mAOC0545	mAOC-CD335	gene	RNA	NCR1	0.0116816002157063	ok		0.00125317570100503
Standardpcaclusters	12	135	mAOC0545	mAOC-CD335	gene	RNA	NCR1	0.150183323829005	ok		0
Standardpcaclusters	13	1222	mAOC0545	mAOC-CD335	gene	RNA	NCR1	0.107284903479247	ok		0.000602375862800428
Standardpcaclusters	14	84	mAOC0545	mAOC-CD335	gene	RNA	NCR1	0.271577678698781	ok		0
Standardpcaclusters	15	195	mAOC0545	mAOC-CD335	gene	RNA	NCR1	0.0735703752307856	ok		0.0162078102634378
Standardpcaclusters	1	116	mAOC0548	mAOC-SLC40A1	gene	RNA	SLC40A1	0.206268277706861	ok		0
Standardpcaclusters	2	652	mAOC0548	mAOC-SLC40A1	gene	RNA	SLC40A1	0.0413946766285202	ok		0
Standardpcaclusters	3	2689	mAOC0548	mAOC-SLC40A1	gene	RNA	SLC40A1	0.0242820876799413	ok		0.037585459450522
Standardpcaclusters	4	506	mAOC0548	mAOC-SLC40A1	gene	RNA	SLC40A1	0.0262130952453793	ok		0.0181982304741942
Standardpcaclusters	5	690	mAOC0548	mAOC-SLC40A1	gene	RNA	SLC40A1	0.0347355012869885	ok		0.0203229309618146
Standardpcaclusters	6	663	mAOC0548	mAOC-SLC40A1	gene	RNA	SLC40A1	0.0361537239769533	ok		0.0975746819688469
Standardpcaclusters	7	1552	mAOC0548	mAOC-SLC40A1	gene	RNA	SLC40A1	0.0132438028482221	ok		0.0221907598465661
Standardpcaclusters	8	2101	mAOC0548	mAOC-SLC40A1	gene	RNA	SLC40A1	0.0194533739429292	ok		0.0283455710717858
Standardpcaclusters	9	440	mAOC0548	mAOC-SLC40A1	gene	RNA	SLC40A1	0.0172136805816345	ok		0.42311922600926
Standardpcaclusters	10	1898	mAOC0548	mAOC-SLC40A1	gene	RNA	SLC40A1	0.0255182842796614	ok		0.0970685412765422
Standardpcaclusters	11	346	mAOC0548	mAOC-SLC40A1	gene	RNA	SLC40A1	0.00787086973083245	ok		0.136709515041261
Standardpcaclusters	12	135	mAOC0548	mAOC-SLC40A1	gene	RNA	SLC40A1	0.121252319841616	ok		0.20368162069886
Standardpcaclusters	13	1222	mAOC0548	mAOC-SLC40A1	gene	RNA	SLC40A1	0.0942588140139054	ok		0.161239208617495
Standardpcaclusters	14	84	mAOC0548	mAOC-SLC40A1	gene	RNA	SLC40A1	0.185707910093374	ok		0.165336158904875
Standardpcaclusters	15	195	mAOC0548	mAOC-SLC40A1	gene	RNA	SLC40A1	0.105983194750772	ok		0.0087370570243217
Standardpcaclusters	1	116	mAOC0549	mAOC-CD366	gene	RNA	HAVCR2	0.816362620851197	ok		0.21967959794115
Standardpcaclusters	2	652	mAOC0549	mAOC-CD366	gene	RNA	HAVCR2	0.281350857258032	ok		0.00724932964061672
Standardpcaclusters	3	2689	mAOC0549	mAOC-CD366	gene	RNA	HAVCR2	1.36056494296393	ok		0.282683003812584
Standardpcaclusters	4	506	mAOC0549	mAOC-CD366	gene	RNA	HAVCR2	1.75838065966258	ok		0.366375090212094
Standardpcaclusters	5	690	mAOC0549	mAOC-CD366	gene	RNA	HAVCR2	0.517052800071008	ok		0.373043511782908
Standardpcaclusters	6	663	mAOC0549	mAOC-CD366	gene	RNA	HAVCR2	0.41721735597821	ok		0.262498056050481
Standardpcaclusters	7	1552	mAOC0549	mAOC-CD366	gene	RNA	HAVCR2	1.55159532139642	ok		0.291761537894753
Standardpcaclusters	8	2101	mAOC0549	mAOC-CD366	gene	RNA	HAVCR2	0.662386256559669	ok		0.460081367537485
Standardpcaclusters	9	440	mAOC0549	mAOC-CD366	gene	RNA	HAVCR2	0.305523859038766	ok		0.192116866361892
Standardpcaclusters	10	1898	mAOC0549	mAOC-CD366	gene	RNA	HAVCR2	0.274640370156942	ok		0.372320182632216
Standardpcaclusters	11	346	mAOC0549	mAOC-CD366	gene	RNA	HAVCR2	0.34271839095691	ok		0.32372378436425
Standardpcaclusters	12	135	mAOC0549	mAOC-CD366	gene	RNA	HAVCR2	0.518395836409124	ok		0.0832035919375929
Standardpcaclusters	13	1222	mAOC0549	mAOC-CD366	gene	RNA	HAVCR2	0.952940407256146	ok		0.128348409521946
Standardpcaclusters	14	84	mAOC0549	mAOC-CD366	gene	RNA	HAVCR2	0.524565827498847	ok		0.0805706845062153
Standardpcaclusters	15	195	mAOC0549	mAOC-CD366	gene	RNA	HAVCR2	1.23203013539435	ok		0.670711586604507
Standardpcaclusters	1	116	mAOC0550	mAOC-CD262	gene	RNA	TNFRSF10B	0.0987326035441896	ok		0
Standardpcaclusters	2	652	mAOC0550	mAOC-CD262	gene	RNA	TNFRSF10B	0.0189410428708348	ok		0.0183594647048306
Standardpcaclusters	3	2689	mAOC0550	mAOC-CD262	gene	RNA	TNFRSF10B	0.00649306503358284	ok		0.331977578825814
Standardpcaclusters	4	506	mAOC0550	mAOC-CD262	gene	RNA	TNFRSF10B	0.00916570541442507	ok		0.317726473914729
Standardpcaclusters	5	690	mAOC0550	mAOC-CD262	gene	RNA	TNFRSF10B	0.0132782589262331	ok		0.379946825192097
Standardpcaclusters	6	663	mAOC0550	mAOC-CD262	gene	RNA	TNFRSF10B	0.0142830365697159	ok		0.203048763530988
Standardpcaclusters	7	1552	mAOC0550	mAOC-CD262	gene	RNA	TNFRSF10B	0.00230768585433762	ok		0.465508612441828
Standardpcaclusters	8	2101	mAOC0550	mAOC-CD262	gene	RNA	TNFRSF10B	0.00715862648007932	ok		0.528327764466264
Standardpcaclusters	9	440	mAOC0550	mAOC-CD262	gene	RNA	TNFRSF10B	0.0107324718890292	ok		0.314011105593915
Standardpcaclusters	10	1898	mAOC0550	mAOC-CD262	gene	RNA	TNFRSF10B	0.0132061821711976	ok		0.254545910042642
Standardpcaclusters	11	346	mAOC0550	mAOC-CD262	gene	RNA	TNFRSF10B	0.00540665245996766	ok		0.337220287697295
Standardpcaclusters	12	135	mAOC0550	mAOC-CD262	gene	RNA	TNFRSF10B	0.0409156257537169	ok		0.354496825442528
Standardpcaclusters	13	1222	mAOC0550	mAOC-CD262	gene	RNA	TNFRSF10B	0.037638968380601	ok		0.301835798058226
Standardpcaclusters	14	84	mAOC0550	mAOC-CD262	gene	RNA	TNFRSF10B	0.0999562853674463	ok		0.0495575546102718
Standardpcaclusters	15	195	mAOC0550	mAOC-CD262	gene	RNA	TNFRSF10B	0.0291684371353877	ok		0.466015922397328
Standardpcaclusters	1	116	mAOC0551	mAOC-CD269	gene	RNA	TNFRSF17	0.232250203888074	ok		0
Standardpcaclusters	2	652	mAOC0551	mAOC-CD269	gene	RNA	TNFRSF17	0.0532068439275493	ok		0.00781751526681927
Standardpcaclusters	3	2689	mAOC0551	mAOC-CD269	gene	RNA	TNFRSF17	0.0301730438433147	ok		0
Standardpcaclusters	4	506	mAOC0551	mAOC-CD269	gene	RNA	TNFRSF17	0.0330150828091155	ok		0
Standardpcaclusters	5	690	mAOC0551	mAOC-CD269	gene	RNA	TNFRSF17	0.0483336968199759	ok		0.00156887225932375
Standardpcaclusters	6	663	mAOC0551	mAOC-CD269	gene	RNA	TNFRSF17	0.0503491223312766	ok		0
Standardpcaclusters	7	1552	mAOC0551	mAOC-CD269	gene	RNA	TNFRSF17	0.027151696460355	ok		0
Standardpcaclusters	8	2101	mAOC0551	mAOC-CD269	gene	RNA	TNFRSF17	0.0263517481370391	ok		0.000210334189361431
Standardpcaclusters	9	440	mAOC0551	mAOC-CD269	gene	RNA	TNFRSF17	0.0257091376236287	ok		0
Standardpcaclusters	10	1898	mAOC0551	mAOC-CD269	gene	RNA	TNFRSF17	0.0309312166032708	ok		0.000233176038440691
Standardpcaclusters	11	346	mAOC0551	mAOC-CD269	gene	RNA	TNFRSF17	0.0119487292493381	ok		0
Standardpcaclusters	12	135	mAOC0551	mAOC-CD269	gene	RNA	TNFRSF17	0.0835235489769919	ok		0
Standardpcaclusters	13	1222	mAOC0551	mAOC-CD269	gene	RNA	TNFRSF17	0.11504929103636	ok		0.000913350043275074
Standardpcaclusters	14	84	mAOC0551	mAOC-CD269	gene	RNA	TNFRSF17	0.181558194574382	ok		0
Standardpcaclusters	15	195	mAOC0551	mAOC-CD269	gene	RNA	TNFRSF17	0.108248363706769	ok		0
Standardpcaclusters	1	116	mAOC0553	mAOC-TSHR	gene	RNA	TSHR	0.078488304948651	ok		0
Standardpcaclusters	2	652	mAOC0553	mAOC-TSHR	gene	RNA	TSHR	0.0103766534325611	ok		0
Standardpcaclusters	3	2689	mAOC0553	mAOC-TSHR	gene	RNA	TSHR	0.00393114833375825	ok		0.00109670507535526
Standardpcaclusters	4	506	mAOC0553	mAOC-TSHR	gene	RNA	TSHR	0.00384978964553497	ok		0.00179790739157532
Standardpcaclusters	5	690	mAOC0553	mAOC-TSHR	gene	RNA	TSHR	0.00665642457576884	ok		0.000762472005242692
Standardpcaclusters	6	663	mAOC0553	mAOC-TSHR	gene	RNA	TSHR	0.00828430348936619	ok		0.00232733521101062
Standardpcaclusters	7	1552	mAOC0553	mAOC-TSHR	gene	RNA	TSHR	0.000840124728548747	ok		0.00106240627736628
Standardpcaclusters	8	2101	mAOC0553	mAOC-TSHR	gene	RNA	TSHR	0.00318962475503752	ok		0.000711008556086864
Standardpcaclusters	9	440	mAOC0553	mAOC-TSHR	gene	RNA	TSHR	0.00412536355951397	ok		0.00169718787918784
Standardpcaclusters	10	1898	mAOC0553	mAOC-TSHR	gene	RNA	TSHR	0.0041832379163648	ok		0.00233653006226524
Standardpcaclusters	11	346	mAOC0553	mAOC-TSHR	gene	RNA	TSHR	0.00168771241833265	ok		0.00233776183982176
Standardpcaclusters	12	135	mAOC0553	mAOC-TSHR	gene	RNA	TSHR	0.0198431611920911	ok		0
Standardpcaclusters	13	1222	mAOC0553	mAOC-TSHR	gene	RNA	TSHR	0.0157103973949471	ok		0.00181113975624975
Standardpcaclusters	14	84	mAOC0553	mAOC-TSHR	gene	RNA	TSHR	0.08977345083956	ok		0.00913984408359831
Standardpcaclusters	15	195	mAOC0553	mAOC-TSHR	gene	RNA	TSHR	0.0268118710577458	ok		0
Standardpcaclusters	1	116	mAOC0554	mAOC-CD309	gene	RNA	TNFRSF9	0.174871837987134	ok		0.154535953412614
Standardpcaclusters	2	652	mAOC0554	mAOC-CD309	gene	RNA	TNFRSF9	0.0385643009958111	ok		0.0082276842170964
Standardpcaclusters	3	2689	mAOC0554	mAOC-CD309	gene	RNA	TNFRSF9	0.0119158637786984	ok		0.0512414429844378
Standardpcaclusters	4	506	mAOC0554	mAOC-CD309	gene	RNA	TNFRSF9	0.0157734529174334	ok		0.0333590273840849
Standardpcaclusters	5	690	mAOC0554	mAOC-CD309	gene	RNA	TNFRSF9	0.0209006909594662	ok		0.0743144893803702
Standardpcaclusters	6	663	mAOC0554	mAOC-CD309	gene	RNA	TNFRSF9	0.0238599038540928	ok		0.146910422267349
Standardpcaclusters	7	1552	mAOC0554	mAOC-CD309	gene	RNA	TNFRSF9	0.00425792478596565	ok		0.112686589556835
Standardpcaclusters	8	2101	mAOC0554	mAOC-CD309	gene	RNA	TNFRSF9	0.0129774948639205	ok		0.17574689935829
Standardpcaclusters	9	440	mAOC0554	mAOC-CD309	gene	RNA	TNFRSF9	0.0088288995308675	ok		0.315266939381411
Standardpcaclusters	10	1898	mAOC0554	mAOC-CD309	gene	RNA	TNFRSF9	0.0186491966432842	ok		0.340910530568149
Standardpcaclusters	11	346	mAOC0554	mAOC-CD309	gene	RNA	TNFRSF9	0.00378077550116838	ok		0.411180279065741
Standardpcaclusters	12	135	mAOC0554	mAOC-CD309	gene	RNA	TNFRSF9	0.0683537838633313	ok		0.379188165996231
Standardpcaclusters	13	1222	mAOC0554	mAOC-CD309	gene	RNA	TNFRSF9	0.070864616654534	ok		0.0551089120747568
Standardpcaclusters	14	84	mAOC0554	mAOC-CD309	gene	RNA	TNFRSF9	0.179753615558923	ok		0.10492305252868
Standardpcaclusters	15	195	mAOC0554	mAOC-CD309	gene	RNA	TNFRSF9	0.0350559361169231	ok		0.339554923943902
Standardpcaclusters	1	116	mAOC0555	mAOC-VISTA	gene	RNA	VSIR	0.0221643182716284	ok		0.0175229119556326
Standardpcaclusters	2	652	mAOC0555	mAOC-VISTA	gene	RNA	VSIR	0.00745637818870395	ok		0.084207679844116
Standardpcaclusters	3	2689	mAOC0555	mAOC-VISTA	gene	RNA	VSIR	0.00119167385734897	ok		0.373682290385904
Standardpcaclusters	4	506	mAOC0555	mAOC-VISTA	gene	RNA	VSIR	0.00257093123355655	ok		0.323426895254521
Standardpcaclusters	5	690	mAOC0555	mAOC-VISTA	gene	RNA	VSIR	0.00235031002880081	ok		0.206778796279106
Standardpcaclusters	6	663	mAOC0555	mAOC-VISTA	gene	RNA	VSIR	0.00653041430118598	ok		0.270145671420892
Standardpcaclusters	7	1552	mAOC0555	mAOC-VISTA	gene	RNA	VSIR	0.000385863503559513	ok		0.389089686203141
Standardpcaclusters	8	2101	mAOC0555	mAOC-VISTA	gene	RNA	VSIR	0.00234742728569267	ok		0.308635924849947
Standardpcaclusters	9	440	mAOC0555	mAOC-VISTA	gene	RNA	VSIR	0.0045885409315863	ok		0.174179269458299
Standardpcaclusters	10	1898	mAOC0555	mAOC-VISTA	gene	RNA	VSIR	0.00312274153533867	ok		0.331970838126987
Standardpcaclusters	11	346	mAOC0555	mAOC-VISTA	gene	RNA	VSIR	0.00126245362587631	ok		0.168498584191857
Standardpcaclusters	12	135	mAOC0555	mAOC-VISTA	gene	RNA	VSIR	0.0157566121883936	ok		0.0956171246025319
Standardpcaclusters	13	1222	mAOC0555	mAOC-VISTA	gene	RNA	VSIR	0.00745815994028828	ok		0.198922663118234
Standardpcaclusters	14	84	mAOC0555	mAOC-VISTA	gene	RNA	VSIR	0.0178481865625279	ok		0.194412775889014
Standardpcaclusters	15	195	mAOC0555	mAOC-VISTA	gene	RNA	VSIR	0.00862002472363418	ok		0.00996642326170179
Standardpcaclusters	1	116	mAOC0556	mAOC-CD197	gene	RNA	CCR7	0.0904206028025996	ok		0.66860028530495
Standardpcaclusters	2	652	mAOC0556	mAOC-CD197	gene	RNA	CCR7	0.0163450884041283	ok		1.97555119628788
Standardpcaclusters	3	2689	mAOC0556	mAOC-CD197	gene	RNA	CCR7	0.00514064106965017	ok		0.0185744066911203
Standardpcaclusters	4	506	mAOC0556	mAOC-CD197	gene	RNA	CCR7	0.00815406694531819	ok		0.206468253261434
Standardpcaclusters	5	690	mAOC0556	mAOC-CD197	gene	RNA	CCR7	0.010605868360582	ok		0.034588554526202
Standardpcaclusters	6	663	mAOC0556	mAOC-CD197	gene	RNA	CCR7	0.0161315309127099	ok		0.0360383542029415
Standardpcaclusters	7	1552	mAOC0556	mAOC-CD197	gene	RNA	CCR7	0.00167102559902901	ok		0.016539635339206
Standardpcaclusters	8	2101	mAOC0556	mAOC-CD197	gene	RNA	CCR7	0.00699968048796151	ok		0.0321671313506273
Standardpcaclusters	9	440	mAOC0556	mAOC-CD197	gene	RNA	CCR7	0.00896070201198131	ok		0.0163102152098506
Standardpcaclusters	10	1898	mAOC0556	mAOC-CD197	gene	RNA	CCR7	0.0116685572677319	ok		0.00994531722289059
Standardpcaclusters	11	346	mAOC0556	mAOC-CD197	gene	RNA	CCR7	0.00262510427707402	ok		0.0039275945567846
Standardpcaclusters	12	135	mAOC0556	mAOC-CD197	gene	RNA	CCR7	0.0433349404149287	ok		0.0232468392975357
Standardpcaclusters	13	1222	mAOC0556	mAOC-CD197	gene	RNA	CCR7	0.0619767743594206	ok		0.0135299269888083
Standardpcaclusters	14	84	mAOC0556	mAOC-CD197	gene	RNA	CCR7	0.0740044009360812	ok		0.0309340032399156
Standardpcaclusters	15	195	mAOC0556	mAOC-CD197	gene	RNA	CCR7	0.0249725468496633	ok		0.11272172075256
Standardpcaclusters	1	116	mAOC0561	mAOC-CD32b	gene	RNA	FCGR2B	0.0618767350206073	ok		0
Standardpcaclusters	2	652	mAOC0561	mAOC-CD32b	gene	RNA	FCGR2B	0.0148888798875421	ok		0.0291811225026364
Standardpcaclusters	3	2689	mAOC0561	mAOC-CD32b	gene	RNA	FCGR2B	0.00689642038729717	ok		0.00363123914898477
Standardpcaclusters	4	506	mAOC0561	mAOC-CD32b	gene	RNA	FCGR2B	0.00821796878945838	ok		0.00410625281336563
Standardpcaclusters	5	690	mAOC0561	mAOC-CD32b	gene	RNA	FCGR2B	0.011932278380912	ok		0.0192897208883016
Standardpcaclusters	6	663	mAOC0561	mAOC-CD32b	gene	RNA	FCGR2B	0.015147001038733	ok		0.00342834438589516
Standardpcaclusters	7	1552	mAOC0561	mAOC-CD32b	gene	RNA	FCGR2B	0.0010635522881721	ok		0.00643059714252441
Standardpcaclusters	8	2101	mAOC0561	mAOC-CD32b	gene	RNA	FCGR2B	0.00722159706472521	ok		0.0390152703275982
Standardpcaclusters	9	440	mAOC0561	mAOC-CD32b	gene	RNA	FCGR2B	0.0103333726120881	ok		0.00491255132037728
Standardpcaclusters	10	1898	mAOC0561	mAOC-CD32b	gene	RNA	FCGR2B	0.0109631150978274	ok		0.0173355185204767
Standardpcaclusters	11	346	mAOC0561	mAOC-CD32b	gene	RNA	FCGR2B	0.00326870048009638	ok		0.00931198042003147
Standardpcaclusters	12	135	mAOC0561	mAOC-CD32b	gene	RNA	FCGR2B	0.0551264980614484	ok		0.0163928595636618
Standardpcaclusters	13	1222	mAOC0561	mAOC-CD32b	gene	RNA	FCGR2B	0.0421957832208853	ok		0.00279039053189235
Standardpcaclusters	14	84	mAOC0561	mAOC-CD32b	gene	RNA	FCGR2B	0.130748325835065	ok		0
Standardpcaclusters	15	195	mAOC0561	mAOC-CD32b	gene	RNA	FCGR2B	0.0245568437407377	ok		0.00453824039815926
Standardpcaclusters	1	116	mAOC0562	mAOC-CD332	gene	RNA	FGFR2	0.00606309178174694	ok		0
Standardpcaclusters	2	652	mAOC0562	mAOC-CD332	gene	RNA	FGFR2	0.000685577733440647	ok		0
Standardpcaclusters	3	2689	mAOC0562	mAOC-CD332	gene	RNA	FGFR2	6.50058515325126e-05	ok		0
Standardpcaclusters	4	506	mAOC0562	mAOC-CD332	gene	RNA	FGFR2	0.00018613978038675	ok		0
Standardpcaclusters	5	690	mAOC0562	mAOC-CD332	gene	RNA	FGFR2	0	ok		0
Standardpcaclusters	6	663	mAOC0562	mAOC-CD332	gene	RNA	FGFR2	3.40759391398433e-05	ok		0.0080856816688086
Standardpcaclusters	7	1552	mAOC0562	mAOC-CD332	gene	RNA	FGFR2	0	ok		0
Standardpcaclusters	8	2101	mAOC0562	mAOC-CD332	gene	RNA	FGFR2	4.03864460947275e-05	ok		0.00135008809658682
Standardpcaclusters	9	440	mAOC0562	mAOC-CD332	gene	RNA	FGFR2	0	ok		0
Standardpcaclusters	10	1898	mAOC0562	mAOC-CD332	gene	RNA	FGFR2	3.26674292881376e-05	ok		0
Standardpcaclusters	11	346	mAOC0562	mAOC-CD332	gene	RNA	FGFR2	0	ok		0.000986096820396367
Standardpcaclusters	12	135	mAOC0562	mAOC-CD332	gene	RNA	FGFR2	0.000439077378142013	ok		0.0123203302362389
Standardpcaclusters	13	1222	mAOC0562	mAOC-CD332	gene	RNA	FGFR2	5.9589584470539e-05	ok		0.00167940873557507
Standardpcaclusters	14	84	mAOC0562	mAOC-CD332	gene	RNA	FGFR2	0.000846211858235289	ok		0
Standardpcaclusters	15	195	mAOC0562	mAOC-CD332	gene	RNA	FGFR2	9.80543499511404e-05	ok		0
Standardpcaclusters	1	116	mAOC0564	mAOC-CD338	gene	RNA	ABCG2	0.0221120944324017	ok		0.0337062071136137
Standardpcaclusters	2	652	mAOC0564	mAOC-CD338	gene	RNA	ABCG2	0.00558676981606381	ok		0.00565269326938073
Standardpcaclusters	3	2689	mAOC0564	mAOC-CD338	gene	RNA	ABCG2	0.00164542411135918	ok		0.00467029850046543
Standardpcaclusters	4	506	mAOC0564	mAOC-CD338	gene	RNA	ABCG2	0.00347833661122032	ok		0.00748021698609713
Standardpcaclusters	5	690	mAOC0564	mAOC-CD338	gene	RNA	ABCG2	0.0045736922171061	ok		0.00155274124655717
Standardpcaclusters	6	663	mAOC0564	mAOC-CD338	gene	RNA	ABCG2	0.00631100830587096	ok		0.00555727706809592
Standardpcaclusters	7	1552	mAOC0564	mAOC-CD338	gene	RNA	ABCG2	0.000609379248339375	ok		0.00390426722640477
Standardpcaclusters	8	2101	mAOC0564	mAOC-CD338	gene	RNA	ABCG2	0.00291593231459202	ok		0.00169273153157228
Standardpcaclusters	9	440	mAOC0564	mAOC-CD338	gene	RNA	ABCG2	0.00390037373645735	ok		0.0186639097871769
Standardpcaclusters	10	1898	mAOC0564	mAOC-CD338	gene	RNA	ABCG2	0.00463384607242278	ok		0.00410849595826061
Standardpcaclusters	11	346	mAOC0564	mAOC-CD338	gene	RNA	ABCG2	0.00328920419999944	ok		0.0148470013908485
Standardpcaclusters	12	135	mAOC0564	mAOC-CD338	gene	RNA	ABCG2	0.0350685405658263	ok		0.0100227561050066
Standardpcaclusters	13	1222	mAOC0564	mAOC-CD338	gene	RNA	ABCG2	0.0168740522267855	ok		0.00822082208827224
Standardpcaclusters	14	84	mAOC0564	mAOC-CD338	gene	RNA	ABCG2	0.0352449482214595	ok		0
Standardpcaclusters	15	195	mAOC0564	mAOC-CD338	gene	RNA	ABCG2	0.097685902441506	ok		0
Standardpcaclusters	1	116	mAOC0567	mAOC-CD20	gene	RNA	MS4A1	0.668513491314069	ok		0.0561097683253991
Standardpcaclusters	2	652	mAOC0567	mAOC-CD20	gene	RNA	MS4A1	2.96279255935436	ok		2.4654603138333
Standardpcaclusters	3	2689	mAOC0567	mAOC-CD20	gene	RNA	MS4A1	0.0421751677904238	ok		0.00101629418601883
Standardpcaclusters	4	506	mAOC0567	mAOC-CD20	gene	RNA	MS4A1	0.260839784429104	ok		0.0516386254256619
Standardpcaclusters	5	690	mAOC0567	mAOC-CD20	gene	RNA	MS4A1	0.0479341032999796	ok		0
Standardpcaclusters	6	663	mAOC0567	mAOC-CD20	gene	RNA	MS4A1	0.123893787005949	ok		0.00320208345643359
Standardpcaclusters	7	1552	mAOC0567	mAOC-CD20	gene	RNA	MS4A1	0.0165190861623747	ok		0
Standardpcaclusters	8	2101	mAOC0567	mAOC-CD20	gene	RNA	MS4A1	0.0243025857337722	ok		0.00143582139766057
Standardpcaclusters	9	440	mAOC0567	mAOC-CD20	gene	RNA	MS4A1	0.0288369523549578	ok		0.00173075236052222
Standardpcaclusters	10	1898	mAOC0567	mAOC-CD20	gene	RNA	MS4A1	0.0316086853610412	ok		0
Standardpcaclusters	11	346	mAOC0567	mAOC-CD20	gene	RNA	MS4A1	0.00819681550769298	ok		0
Standardpcaclusters	12	135	mAOC0567	mAOC-CD20	gene	RNA	MS4A1	0.0784566922946455	ok		0.0104751359367052
Standardpcaclusters	13	1222	mAOC0567	mAOC-CD20	gene	RNA	MS4A1	0.0972194113770714	ok		0.00504348090909516
Standardpcaclusters	14	84	mAOC0567	mAOC-CD20	gene	RNA	MS4A1	0.232012015103208	ok		0
Standardpcaclusters	15	195	mAOC0567	mAOC-CD20	gene	RNA	MS4A1	0.411935308793691	ok		0.0480449627378853
Standardpcaclusters	1	116	mAOC0569	mAOC-FZD5	gene	RNA	FZD5	0.307435037711179	ok		0
Standardpcaclusters	2	652	mAOC0569	mAOC-FZD5	gene	RNA	FZD5	0.11002807591983	ok		0
Standardpcaclusters	3	2689	mAOC0569	mAOC-FZD5	gene	RNA	FZD5	0.0382442189416174	ok		0.001639378343933
Standardpcaclusters	4	506	mAOC0569	mAOC-FZD5	gene	RNA	FZD5	0.269502985109543	ok		0.00113655516082275
Standardpcaclusters	5	690	mAOC0569	mAOC-FZD5	gene	RNA	FZD5	0.155871826832251	ok		0.000883871744392619
Standardpcaclusters	6	663	mAOC0569	mAOC-FZD5	gene	RNA	FZD5	0.329005037109454	ok		0.00547156238546781
Standardpcaclusters	7	1552	mAOC0569	mAOC-FZD5	gene	RNA	FZD5	0.0305893370038458	ok		0.00223656120360575
Standardpcaclusters	8	2101	mAOC0569	mAOC-FZD5	gene	RNA	FZD5	0.100657394332643	ok		0.000569776957540516
Standardpcaclusters	9	440	mAOC0569	mAOC-FZD5	gene	RNA	FZD5	0.307107365500544	ok		0.0054213695533878
Standardpcaclusters	10	1898	mAOC0569	mAOC-FZD5	gene	RNA	FZD5	0.213326248625299	ok		0.000866292002029729
Standardpcaclusters	11	346	mAOC0569	mAOC-FZD5	gene	RNA	FZD5	0.0452610219210519	ok		0.0036514710867593
Standardpcaclusters	12	135	mAOC0569	mAOC-FZD5	gene	RNA	FZD5	0.321568944382571	ok		0.00668415280156312
Standardpcaclusters	13	1222	mAOC0569	mAOC-FZD5	gene	RNA	FZD5	0.267303185133553	ok		0.00731437484456058
Standardpcaclusters	14	84	mAOC0569	mAOC-FZD5	gene	RNA	FZD5	0.374050584517795	ok		0
Standardpcaclusters	15	195	mAOC0569	mAOC-FZD5	gene	RNA	FZD5	0.956356955366988	ok		0
Standardpcaclusters	1	116	mAOC0570	mAOC-GLP1R	gene	RNA	GLP1R	0.0328234974267242	ok		0
Standardpcaclusters	2	652	mAOC0570	mAOC-GLP1R	gene	RNA	GLP1R	0.0102813710699166	ok		0
Standardpcaclusters	3	2689	mAOC0570	mAOC-GLP1R	gene	RNA	GLP1R	0.00191945789175659	ok		0
Standardpcaclusters	4	506	mAOC0570	mAOC-GLP1R	gene	RNA	GLP1R	0.00220360207496598	ok		0
Standardpcaclusters	5	690	mAOC0570	mAOC-GLP1R	gene	RNA	GLP1R	0.00381670476540065	ok		0.000544375438254167
Standardpcaclusters	6	663	mAOC0570	mAOC-GLP1R	gene	RNA	GLP1R	0.00425976083099866	ok		0.000882871520819749
Standardpcaclusters	7	1552	mAOC0570	mAOC-GLP1R	gene	RNA	GLP1R	0.00066494552461974	ok		0
Standardpcaclusters	8	2101	mAOC0570	mAOC-GLP1R	gene	RNA	GLP1R	0.00284894379183052	ok		0
Standardpcaclusters	9	440	mAOC0570	mAOC-GLP1R	gene	RNA	GLP1R	0.00153601458170732	ok		0
Standardpcaclusters	10	1898	mAOC0570	mAOC-GLP1R	gene	RNA	GLP1R	0.00431557388418307	ok		0.00153676941318355
Standardpcaclusters	11	346	mAOC0570	mAOC-GLP1R	gene	RNA	GLP1R	0.00131368297966211	ok		0.00190930076149559
Standardpcaclusters	12	135	mAOC0570	mAOC-GLP1R	gene	RNA	GLP1R	0.00662152226258349	ok		0
Standardpcaclusters	13	1222	mAOC0570	mAOC-GLP1R	gene	RNA	GLP1R	0.00951241121362231	ok		0.00292676303863455
Standardpcaclusters	14	84	mAOC0570	mAOC-GLP1R	gene	RNA	GLP1R	0.0235366614276841	ok		0
Standardpcaclusters	15	195	mAOC0570	mAOC-GLP1R	gene	RNA	GLP1R	0.0379547447466093	ok		0
Standardpcaclusters	1	116	mAOC0576	mAOC-SIGLEC15	gene	RNA	SIGLEC15	0.477899116492281	ok		0
Standardpcaclusters	2	652	mAOC0576	mAOC-SIGLEC15	gene	RNA	SIGLEC15	0.293423734412755	ok		0
Standardpcaclusters	3	2689	mAOC0576	mAOC-SIGLEC15	gene	RNA	SIGLEC15	0.118092251242178	ok		0.00268126744176776
Standardpcaclusters	4	506	mAOC0576	mAOC-SIGLEC15	gene	RNA	SIGLEC15	0.0956293673675979	ok		0
Standardpcaclusters	5	690	mAOC0576	mAOC-SIGLEC15	gene	RNA	SIGLEC15	0.109314964567475	ok		0.000715217926553364
Standardpcaclusters	6	663	mAOC0576	mAOC-SIGLEC15	gene	RNA	SIGLEC15	0.17525026803934	ok		0
Standardpcaclusters	7	1552	mAOC0576	mAOC-SIGLEC15	gene	RNA	SIGLEC15	0.0810300159347258	ok		0.00147243446328068
Standardpcaclusters	8	2101	mAOC0576	mAOC-SIGLEC15	gene	RNA	SIGLEC15	0.0984536636190161	ok		0.00185646335939287
Standardpcaclusters	9	440	mAOC0576	mAOC-SIGLEC15	gene	RNA	SIGLEC15	0.0877988280248271	ok		0
Standardpcaclusters	10	1898	mAOC0576	mAOC-SIGLEC15	gene	RNA	SIGLEC15	0.0673839951672918	ok		0.00104162549664973
Standardpcaclusters	11	346	mAOC0576	mAOC-SIGLEC15	gene	RNA	SIGLEC15	0.0615527337178149	ok		0.0010774153544484
Standardpcaclusters	12	135	mAOC0576	mAOC-SIGLEC15	gene	RNA	SIGLEC15	0.185997981181484	ok		0.00724386601488629
Standardpcaclusters	13	1222	mAOC0576	mAOC-SIGLEC15	gene	RNA	SIGLEC15	0.196065737335981	ok		0.00483778874147727
Standardpcaclusters	14	84	mAOC0576	mAOC-SIGLEC15	gene	RNA	SIGLEC15	0.483722343124968	ok		0
Standardpcaclusters	15	195	mAOC0576	mAOC-SIGLEC15	gene	RNA	SIGLEC15	0.947416283227629	ok		0.0149230819745757
Standardpcaclusters	1	116	mAOC0580	mAOC-CD202b	gene	RNA	TEK	0.104916434559684	ok		0
Standardpcaclusters	2	652	mAOC0580	mAOC-CD202b	gene	RNA	TEK	0.0217464651080692	ok		0
Standardpcaclusters	3	2689	mAOC0580	mAOC-CD202b	gene	RNA	TEK	0.00896097992621546	ok		0
Standardpcaclusters	4	506	mAOC0580	mAOC-CD202b	gene	RNA	TEK	0.01283118041435	ok		0
Standardpcaclusters	5	690	mAOC0580	mAOC-CD202b	gene	RNA	TEK	0.0144223515055373	ok		0.0104110464919559
Standardpcaclusters	6	663	mAOC0580	mAOC-CD202b	gene	RNA	TEK	0.0235824483925535	ok		0.00320281318353081
Standardpcaclusters	7	1552	mAOC0580	mAOC-CD202b	gene	RNA	TEK	0.00346810120544943	ok		0.0054270147903273
Standardpcaclusters	8	2101	mAOC0580	mAOC-CD202b	gene	RNA	TEK	0.00973115568351306	ok		0.0188428201544535
Standardpcaclusters	9	440	mAOC0580	mAOC-CD202b	gene	RNA	TEK	0.0106161321032072	ok		0.0406022295095192
Standardpcaclusters	10	1898	mAOC0580	mAOC-CD202b	gene	RNA	TEK	0.0149401251683613	ok		0.0304217608442334
Standardpcaclusters	11	346	mAOC0580	mAOC-CD202b	gene	RNA	TEK	0.00525701442077911	ok		0.030901746906231
Standardpcaclusters	12	135	mAOC0580	mAOC-CD202b	gene	RNA	TEK	0.071021839657814	ok		0.0702026310146598
Standardpcaclusters	13	1222	mAOC0580	mAOC-CD202b	gene	RNA	TEK	0.0589174200827458	ok		0.0928577532178485
Standardpcaclusters	14	84	mAOC0580	mAOC-CD202b	gene	RNA	TEK	0.143157324479273	ok		0.0187227821245346
Standardpcaclusters	15	195	mAOC0580	mAOC-CD202b	gene	RNA	TEK	0.0924541434146271	ok		0.01285184536297
Standardpcaclusters	1	116	mAOC0581	mAOC-CD154	gene	RNA	CD40LG	0.125099533372082	ok		0
Standardpcaclusters	2	652	mAOC0581	mAOC-CD154	gene	RNA	CD40LG	0.0291821739179724	ok		0
Standardpcaclusters	3	2689	mAOC0581	mAOC-CD154	gene	RNA	CD40LG	0.00767516890435831	ok		0
Standardpcaclusters	4	506	mAOC0581	mAOC-CD154	gene	RNA	CD40LG	0.0100049615891093	ok		0
Standardpcaclusters	5	690	mAOC0581	mAOC-CD154	gene	RNA	CD40LG	0.0154041640476411	ok		0.00060226648395523
Standardpcaclusters	6	663	mAOC0581	mAOC-CD154	gene	RNA	CD40LG	0.0244087962103916	ok		0.00231725347219846
Standardpcaclusters	7	1552	mAOC0581	mAOC-CD154	gene	RNA	CD40LG	0.00278619899214988	ok		0.00142373971655926
Standardpcaclusters	8	2101	mAOC0581	mAOC-CD154	gene	RNA	CD40LG	0.0108392148108022	ok		0.00880566281628159
Standardpcaclusters	9	440	mAOC0581	mAOC-CD154	gene	RNA	CD40LG	0.0165921657926133	ok		0.113900467333931
Standardpcaclusters	10	1898	mAOC0581	mAOC-CD154	gene	RNA	CD40LG	0.0292291924393377	ok		0.144791871803485
Standardpcaclusters	11	346	mAOC0581	mAOC-CD154	gene	RNA	CD40LG	0.00577952366207549	ok		0.0454303790924449
Standardpcaclusters	12	135	mAOC0581	mAOC-CD154	gene	RNA	CD40LG	0.0500603831948795	ok		0.0301982663313136
Standardpcaclusters	13	1222	mAOC0581	mAOC-CD154	gene	RNA	CD40LG	0.0489588854974619	ok		0.00435529314297137
Standardpcaclusters	14	84	mAOC0581	mAOC-CD154	gene	RNA	CD40LG	0.185709362127163	ok		0.192187051353014
Standardpcaclusters	15	195	mAOC0581	mAOC-CD154	gene	RNA	CD40LG	0.186329382652094	ok		0
Standardpcaclusters	1	116	mAOC0582	mAOC-CD46	gene	RNA	CD46	2.15131845230214	ok		0.494855349391512
Standardpcaclusters	2	652	mAOC0582	mAOC-CD46	gene	RNA	CD46	2.20616817927369	ok		0.284175892952909
Standardpcaclusters	3	2689	mAOC0582	mAOC-CD46	gene	RNA	CD46	2.66493874976403	ok		0.540319806097961
Standardpcaclusters	4	506	mAOC0582	mAOC-CD46	gene	RNA	CD46	2.60604236645802	ok		0.574762112601656
Standardpcaclusters	5	690	mAOC0582	mAOC-CD46	gene	RNA	CD46	2.66310421319261	ok		0.518647927364472
Standardpcaclusters	6	663	mAOC0582	mAOC-CD46	gene	RNA	CD46	2.85664471991696	ok		0.534204643970305
Standardpcaclusters	7	1552	mAOC0582	mAOC-CD46	gene	RNA	CD46	2.98608199305891	ok		0.681150654326065
Standardpcaclusters	8	2101	mAOC0582	mAOC-CD46	gene	RNA	CD46	2.96050973197201	ok		0.792124378527472
Standardpcaclusters	9	440	mAOC0582	mAOC-CD46	gene	RNA	CD46	3.39451577761504	ok		0.584387584203511
Standardpcaclusters	10	1898	mAOC0582	mAOC-CD46	gene	RNA	CD46	3.15200457387812	ok		0.583728192509399
Standardpcaclusters	11	346	mAOC0582	mAOC-CD46	gene	RNA	CD46	3.25560630178888	ok		0.618821701468908
Standardpcaclusters	12	135	mAOC0582	mAOC-CD46	gene	RNA	CD46	2.9092209254191	ok		0.592820737099503
Standardpcaclusters	13	1222	mAOC0582	mAOC-CD46	gene	RNA	CD46	2.53805040819386	ok		0.887773377935972
Standardpcaclusters	14	84	mAOC0582	mAOC-CD46	gene	RNA	CD46	3.12976674984001	ok		0.566695193098908
Standardpcaclusters	15	195	mAOC0582	mAOC-CD46	gene	RNA	CD46	2.86160453027061	ok		0.130710837680579
Standardpcaclusters	1	116	mAOC0583	mAOC-CD74	gene	RNA	CD74	0.722164505951367	ok		3.09272657725891
Standardpcaclusters	2	652	mAOC0583	mAOC-CD74	gene	RNA	CD74	1.99070938793686	ok		4.88113975514526
Standardpcaclusters	3	2689	mAOC0583	mAOC-CD74	gene	RNA	CD74	0.843042522297946	ok		3.1101767680967
Standardpcaclusters	4	506	mAOC0583	mAOC-CD74	gene	RNA	CD74	1.13586434002906	ok		3.85903265660941
Standardpcaclusters	5	690	mAOC0583	mAOC-CD74	gene	RNA	CD74	0.871145719584634	ok		3.34276114656765
Standardpcaclusters	6	663	mAOC0583	mAOC-CD74	gene	RNA	CD74	0.629122535488965	ok		2.31537643493228
Standardpcaclusters	7	1552	mAOC0583	mAOC-CD74	gene	RNA	CD74	0.795775850208032	ok		3.24900622449596
Standardpcaclusters	8	2101	mAOC0583	mAOC-CD74	gene	RNA	CD74	0.944242850666422	ok		3.51943299664553
Standardpcaclusters	9	440	mAOC0583	mAOC-CD74	gene	RNA	CD74	0.250060477251825	ok		2.24946924823546
Standardpcaclusters	10	1898	mAOC0583	mAOC-CD74	gene	RNA	CD74	0.315506713639025	ok		2.7137843502041
Standardpcaclusters	11	346	mAOC0583	mAOC-CD74	gene	RNA	CD74	0.293865223459069	ok		2.41776225202352
Standardpcaclusters	12	135	mAOC0583	mAOC-CD74	gene	RNA	CD74	0.244304802046121	ok		2.66481615648626
Standardpcaclusters	13	1222	mAOC0583	mAOC-CD74	gene	RNA	CD74	0.301500222409923	ok		2.78709692427263
Standardpcaclusters	14	84	mAOC0583	mAOC-CD74	gene	RNA	CD74	0.103393064145665	ok		0.353562137529415
Standardpcaclusters	15	195	mAOC0583	mAOC-CD74	gene	RNA	CD74	1.13527991881248	ok		3.10344194825789
Standardpcaclusters	1	116	mAOC0584	mAOC-CD116	gene	RNA	CSF2RA	0.382427766227591	ok		0
Standardpcaclusters	2	652	mAOC0584	mAOC-CD116	gene	RNA	CSF2RA	0.139076693693882	ok		0.00282320175757413
Standardpcaclusters	3	2689	mAOC0584	mAOC-CD116	gene	RNA	CSF2RA	0.125820321823367	ok		0.101804075226283
Standardpcaclusters	4	506	mAOC0584	mAOC-CD116	gene	RNA	CSF2RA	0.800351126084645	ok		0.236071864999157
Standardpcaclusters	5	690	mAOC0584	mAOC-CD116	gene	RNA	CSF2RA	0.113488836875148	ok		0.108454030930871
Standardpcaclusters	6	663	mAOC0584	mAOC-CD116	gene	RNA	CSF2RA	0.217343700785497	ok		0.139763745102971
Standardpcaclusters	7	1552	mAOC0584	mAOC-CD116	gene	RNA	CSF2RA	0.165714754809447	ok		0.0678624054466963
Standardpcaclusters	8	2101	mAOC0584	mAOC-CD116	gene	RNA	CSF2RA	0.115798903231273	ok		0.0686059665379898
Standardpcaclusters	9	440	mAOC0584	mAOC-CD116	gene	RNA	CSF2RA	0.12564849355145	ok		0.0569480613642155
Standardpcaclusters	10	1898	mAOC0584	mAOC-CD116	gene	RNA	CSF2RA	0.098765567479324	ok		0.0668448621170372
Standardpcaclusters	11	346	mAOC0584	mAOC-CD116	gene	RNA	CSF2RA	0.0674110396378087	ok		0.0680394044044787
Standardpcaclusters	12	135	mAOC0584	mAOC-CD116	gene	RNA	CSF2RA	0.17784165599474	ok		0.0665193805315516
Standardpcaclusters	13	1222	mAOC0584	mAOC-CD116	gene	RNA	CSF2RA	0.292642595789523	ok		0.0277614308504999
Standardpcaclusters	14	84	mAOC0584	mAOC-CD116	gene	RNA	CSF2RA	0.270982235948141	ok		0
Standardpcaclusters	15	195	mAOC0584	mAOC-CD116	gene	RNA	CSF2RA	2.93831365308018	ok		0.673653005094455
Standardpcaclusters	1	116	mAOC0585	mAOC-FCER1A	gene	RNA	FCER1A	0.146606416005356	ok		0.0105697900957163
Standardpcaclusters	2	652	mAOC0585	mAOC-FCER1A	gene	RNA	FCER1A	0.0265209763731451	ok		0
Standardpcaclusters	3	2689	mAOC0585	mAOC-FCER1A	gene	RNA	FCER1A	0.0115257628249317	ok		0.00166098292215934
Standardpcaclusters	4	506	mAOC0585	mAOC-FCER1A	gene	RNA	FCER1A	0.0157628860575459	ok		0.0616494873745432
Standardpcaclusters	5	690	mAOC0585	mAOC-FCER1A	gene	RNA	FCER1A	0.0159176886977649	ok		0.0467639695562267
Standardpcaclusters	6	663	mAOC0585	mAOC-FCER1A	gene	RNA	FCER1A	0.0166586198890372	ok		0.310152932317486
Standardpcaclusters	7	1552	mAOC0585	mAOC-FCER1A	gene	RNA	FCER1A	0.00789987760117084	ok		0.00104820639432398
Standardpcaclusters	8	2101	mAOC0585	mAOC-FCER1A	gene	RNA	FCER1A	0.013766081959438	ok		0.102764580582447
Standardpcaclusters	9	440	mAOC0585	mAOC-FCER1A	gene	RNA	FCER1A	0.0135007132386801	ok		0.969223910476065
Standardpcaclusters	10	1898	mAOC0585	mAOC-FCER1A	gene	RNA	FCER1A	0.0190342765630344	ok		0.647662139825872
Standardpcaclusters	11	346	mAOC0585	mAOC-FCER1A	gene	RNA	FCER1A	0.00427798766051074	ok		0.419549526314573
Standardpcaclusters	12	135	mAOC0585	mAOC-FCER1A	gene	RNA	FCER1A	0.058317884656489	ok		0.469845019438081
Standardpcaclusters	13	1222	mAOC0585	mAOC-FCER1A	gene	RNA	FCER1A	0.0688268209364239	ok		0.0988070204105465
Standardpcaclusters	14	84	mAOC0585	mAOC-FCER1A	gene	RNA	FCER1A	0.134543200535563	ok		0.0543304283824461
Standardpcaclusters	15	195	mAOC0585	mAOC-FCER1A	gene	RNA	FCER1A	0.0595464106306136	ok		0
Standardpcaclusters	1	116	mAOC0586	mAOC-CD50	gene	RNA	ICAM3	0.132876602810056	ok		0.149441739340698
Standardpcaclusters	2	652	mAOC0586	mAOC-CD50	gene	RNA	ICAM3	0.0202146648657087	ok		0.353660413553633
Standardpcaclusters	3	2689	mAOC0586	mAOC-CD50	gene	RNA	ICAM3	0.00805798638970204	ok		0.908905652849865
Standardpcaclusters	4	506	mAOC0586	mAOC-CD50	gene	RNA	ICAM3	0.018858985627874	ok		0.796122548913251
Standardpcaclusters	5	690	mAOC0586	mAOC-CD50	gene	RNA	ICAM3	0.0101305785231451	ok		0.793839055178463
Standardpcaclusters	6	663	mAOC0586	mAOC-CD50	gene	RNA	ICAM3	0.0152706155082724	ok		0.526173481257795
Standardpcaclusters	7	1552	mAOC0586	mAOC-CD50	gene	RNA	ICAM3	0.00508080291374571	ok		0.994163860266072
Standardpcaclusters	8	2101	mAOC0586	mAOC-CD50	gene	RNA	ICAM3	0.0123425169120583	ok		0.995345533099043
Standardpcaclusters	9	440	mAOC0586	mAOC-CD50	gene	RNA	ICAM3	0.014644466876755	ok		0.455589126089602
Standardpcaclusters	10	1898	mAOC0586	mAOC-CD50	gene	RNA	ICAM3	0.0185903695026069	ok		0.55163584091608
Standardpcaclusters	11	346	mAOC0586	mAOC-CD50	gene	RNA	ICAM3	0.0027917546119855	ok		0.4789187930791
Standardpcaclusters	12	135	mAOC0586	mAOC-CD50	gene	RNA	ICAM3	0.0520317788378022	ok		0.600378914081827
Standardpcaclusters	13	1222	mAOC0586	mAOC-CD50	gene	RNA	ICAM3	0.0588739125725248	ok		0.571272383093557
Standardpcaclusters	14	84	mAOC0586	mAOC-CD50	gene	RNA	ICAM3	0.154905116235137	ok		0.00248908360058764
Standardpcaclusters	15	195	mAOC0586	mAOC-CD50	gene	RNA	ICAM3	0.0269156194985004	ok		0.231324756728262
Standardpcaclusters	1	116	mAOC0587	mAOC-CD210b	gene	RNA	IL10RB	0.184103200936326	ok		0.126299265785094
Standardpcaclusters	2	652	mAOC0587	mAOC-CD210b	gene	RNA	IL10RB	0.0429139238555282	ok		0.197785399824192
Standardpcaclusters	3	2689	mAOC0587	mAOC-CD210b	gene	RNA	IL10RB	0.0158878669173854	ok		0.149641851929
Standardpcaclusters	4	506	mAOC0587	mAOC-CD210b	gene	RNA	IL10RB	0.0197790437823799	ok		0.182142162204477
Standardpcaclusters	5	690	mAOC0587	mAOC-CD210b	gene	RNA	IL10RB	0.0198929494695134	ok		0.0959713952175987
Standardpcaclusters	6	663	mAOC0587	mAOC-CD210b	gene	RNA	IL10RB	0.0287459525941032	ok		0.170121442063538
Standardpcaclusters	7	1552	mAOC0587	mAOC-CD210b	gene	RNA	IL10RB	0.0149452075680785	ok		0.105161989072525
Standardpcaclusters	8	2101	mAOC0587	mAOC-CD210b	gene	RNA	IL10RB	0.0161516260617743	ok		0.0710472735278437
Standardpcaclusters	9	440	mAOC0587	mAOC-CD210b	gene	RNA	IL10RB	0.0133799951603262	ok		0.109997890969888
Standardpcaclusters	10	1898	mAOC0587	mAOC-CD210b	gene	RNA	IL10RB	0.0235966417990925	ok		0.0863846381159562
Standardpcaclusters	11	346	mAOC0587	mAOC-CD210b	gene	RNA	IL10RB	0.00705860511641083	ok		0.0701657542125268
Standardpcaclusters	12	135	mAOC0587	mAOC-CD210b	gene	RNA	IL10RB	0.10329431005965	ok		0.0778308016973335
Standardpcaclusters	13	1222	mAOC0587	mAOC-CD210b	gene	RNA	IL10RB	0.0799955378153006	ok		0.0711953780050542
Standardpcaclusters	14	84	mAOC0587	mAOC-CD210b	gene	RNA	IL10RB	0.114084724183534	ok		0.14952204136632
Standardpcaclusters	15	195	mAOC0587	mAOC-CD210b	gene	RNA	IL10RB	0.077962041670924	ok		0.175673100894598
Standardpcaclusters	1	116	mAOC0588	mAOC-CD218a	gene	RNA	IL18R1	0.171374131864053	ok		0.0160810298203152
Standardpcaclusters	2	652	mAOC0588	mAOC-CD218a	gene	RNA	IL18R1	0.0325073877088784	ok		0.00355868119808864
Standardpcaclusters	3	2689	mAOC0588	mAOC-CD218a	gene	RNA	IL18R1	0.0229715560327624	ok		0.0933612375672236
Standardpcaclusters	4	506	mAOC0588	mAOC-CD218a	gene	RNA	IL18R1	0.027557185318735	ok		0.074416981033746
Standardpcaclusters	5	690	mAOC0588	mAOC-CD218a	gene	RNA	IL18R1	0.0312895214603131	ok		0.0644670645144129
Standardpcaclusters	6	663	mAOC0588	mAOC-CD218a	gene	RNA	IL18R1	0.0339133492079396	ok		0.352639464073722
Standardpcaclusters	7	1552	mAOC0588	mAOC-CD218a	gene	RNA	IL18R1	0.0320617402211623	ok		0.148931527233598
Standardpcaclusters	8	2101	mAOC0588	mAOC-CD218a	gene	RNA	IL18R1	0.0249538299544472	ok		0.0957492698257619
Standardpcaclusters	9	440	mAOC0588	mAOC-CD218a	gene	RNA	IL18R1	0.018532774665019	ok		0.133646544023002
Standardpcaclusters	10	1898	mAOC0588	mAOC-CD218a	gene	RNA	IL18R1	0.0255773639171939	ok		0.15147678260115
Standardpcaclusters	11	346	mAOC0588	mAOC-CD218a	gene	RNA	IL18R1	0.0133854325338359	ok		0.0780723588705122
Standardpcaclusters	12	135	mAOC0588	mAOC-CD218a	gene	RNA	IL18R1	0.145037136782315	ok		0.0568082915675136
Standardpcaclusters	13	1222	mAOC0588	mAOC-CD218a	gene	RNA	IL18R1	0.153213958140151	ok		0.048361932288923
Standardpcaclusters	14	84	mAOC0588	mAOC-CD218a	gene	RNA	IL18R1	0.128513478106461	ok		0.0205083364944128
Standardpcaclusters	15	195	mAOC0588	mAOC-CD218a	gene	RNA	IL18R1	0.0579708198619792	ok		0
Standardpcaclusters	1	116	mAOC0589	mAOC-IL1RAP	gene	RNA	IL1RAP	0.0650199190896027	ok		0.0743424786270614
Standardpcaclusters	2	652	mAOC0589	mAOC-IL1RAP	gene	RNA	IL1RAP	0.0128426089353371	ok		0.120046408119616
Standardpcaclusters	3	2689	mAOC0589	mAOC-IL1RAP	gene	RNA	IL1RAP	0.00469379055569462	ok		0.392258398222029
Standardpcaclusters	4	506	mAOC0589	mAOC-IL1RAP	gene	RNA	IL1RAP	0.00515969282466249	ok		0.411840492387829
Standardpcaclusters	5	690	mAOC0589	mAOC-IL1RAP	gene	RNA	IL1RAP	0.0100915468126672	ok		0.520454902272735
Standardpcaclusters	6	663	mAOC0589	mAOC-IL1RAP	gene	RNA	IL1RAP	0.0119282865545015	ok		0.505730752719724
Standardpcaclusters	7	1552	mAOC0589	mAOC-IL1RAP	gene	RNA	IL1RAP	0.00309757975577129	ok		0.602566868335098
Standardpcaclusters	8	2101	mAOC0589	mAOC-IL1RAP	gene	RNA	IL1RAP	0.00557914342225187	ok		0.690674780912436
Standardpcaclusters	9	440	mAOC0589	mAOC-IL1RAP	gene	RNA	IL1RAP	0.00825414556407999	ok		0.594380616528286
Standardpcaclusters	10	1898	mAOC0589	mAOC-IL1RAP	gene	RNA	IL1RAP	0.00867704196798764	ok		0.941198282426723
Standardpcaclusters	11	346	mAOC0589	mAOC-IL1RAP	gene	RNA	IL1RAP	0.00299998553693493	ok		0.7104929831134
Standardpcaclusters	12	135	mAOC0589	mAOC-IL1RAP	gene	RNA	IL1RAP	0.043074902790709	ok		0.509960603694821
Standardpcaclusters	13	1222	mAOC0589	mAOC-IL1RAP	gene	RNA	IL1RAP	0.0390489368074419	ok		0.468925357659461
Standardpcaclusters	14	84	mAOC0589	mAOC-IL1RAP	gene	RNA	IL1RAP	0.111972064299358	ok		0.356835036495078
Standardpcaclusters	15	195	mAOC0589	mAOC-IL1RAP	gene	RNA	IL1RAP	0.273602431088548	ok		0.137442931700057
Standardpcaclusters	1	116	mAOC0590	mAOC-CD360	gene	RNA	IL21R	0.179219882795229	ok		0.329800957698575
Standardpcaclusters	2	652	mAOC0590	mAOC-CD360	gene	RNA	IL21R	0.0499276319598577	ok		0.874769180384279
Standardpcaclusters	3	2689	mAOC0590	mAOC-CD360	gene	RNA	IL21R	0.0127444542318573	ok		0.0663638416403555
Standardpcaclusters	4	506	mAOC0590	mAOC-CD360	gene	RNA	IL21R	0.0241908385397443	ok		0.18886080997046
Standardpcaclusters	5	690	mAOC0590	mAOC-CD360	gene	RNA	IL21R	0.0235872096383651	ok		0.018885857888914
Standardpcaclusters	6	663	mAOC0590	mAOC-CD360	gene	RNA	IL21R	0.0239537094141977	ok		0.00376046734529377
Standardpcaclusters	7	1552	mAOC0590	mAOC-CD360	gene	RNA	IL21R	0.0101926044206942	ok		0.161941825631486
Standardpcaclusters	8	2101	mAOC0590	mAOC-CD360	gene	RNA	IL21R	0.0155088018529177	ok		0.0669851217050516
Standardpcaclusters	9	440	mAOC0590	mAOC-CD360	gene	RNA	IL21R	0.012191981738872	ok		0.00763158165105118
Standardpcaclusters	10	1898	mAOC0590	mAOC-CD360	gene	RNA	IL21R	0.0171670546927984	ok		0.0140416862028639
Standardpcaclusters	11	346	mAOC0590	mAOC-CD360	gene	RNA	IL21R	0.00640923984381593	ok		0.0159112465113281
Standardpcaclusters	12	135	mAOC0590	mAOC-CD360	gene	RNA	IL21R	0.0647324816365218	ok		0.0267446639170035
Standardpcaclusters	13	1222	mAOC0590	mAOC-CD360	gene	RNA	IL21R	0.0963518913234731	ok		0.0585267868412542
Standardpcaclusters	14	84	mAOC0590	mAOC-CD360	gene	RNA	IL21R	0.181146840862109	ok		0.017219929487029
Standardpcaclusters	15	195	mAOC0590	mAOC-CD360	gene	RNA	IL21R	0.686270382361624	ok		0.0500994339108948
Standardpcaclusters	1	116	mAOC0591	mAOC-CD85f	gene	RNA	LILRA5	0.227234794694572	ok		0
Standardpcaclusters	2	652	mAOC0591	mAOC-CD85f	gene	RNA	LILRA5	0.0458001780213486	ok		0
Standardpcaclusters	3	2689	mAOC0591	mAOC-CD85f	gene	RNA	LILRA5	0.0140970343851198	ok		0.000440937006747397
Standardpcaclusters	4	506	mAOC0591	mAOC-CD85f	gene	RNA	LILRA5	0.0441385908869599	ok		0.0241369790933051
Standardpcaclusters	5	690	mAOC0591	mAOC-CD85f	gene	RNA	LILRA5	0.0190879419753201	ok		0
Standardpcaclusters	6	663	mAOC0591	mAOC-CD85f	gene	RNA	LILRA5	0.0364944031292096	ok		0
Standardpcaclusters	7	1552	mAOC0591	mAOC-CD85f	gene	RNA	LILRA5	0.0159022936226876	ok		0.000501221260793175
Standardpcaclusters	8	2101	mAOC0591	mAOC-CD85f	gene	RNA	LILRA5	0.0168873102177586	ok		0
Standardpcaclusters	9	440	mAOC0591	mAOC-CD85f	gene	RNA	LILRA5	0.0185100077360064	ok		0
Standardpcaclusters	10	1898	mAOC0591	mAOC-CD85f	gene	RNA	LILRA5	0.0173309477892952	ok		0
Standardpcaclusters	11	346	mAOC0591	mAOC-CD85f	gene	RNA	LILRA5	0.00636165628866168	ok		0.00312582184411845
Standardpcaclusters	12	135	mAOC0591	mAOC-CD85f	gene	RNA	LILRA5	0.108551613082185	ok		0
Standardpcaclusters	13	1222	mAOC0591	mAOC-CD85f	gene	RNA	LILRA5	0.10120557362148	ok		0
Standardpcaclusters	14	84	mAOC0591	mAOC-CD85f	gene	RNA	LILRA5	0.190559631299403	ok		0
Standardpcaclusters	15	195	mAOC0591	mAOC-CD85f	gene	RNA	LILRA5	1.52399215426676	ok		0.0828961484105194
Standardpcaclusters	1	116	mAOC0592	mAOC-CD85a	gene	RNA	LILRB3	0.151638326495321	ok		0
Standardpcaclusters	2	652	mAOC0592	mAOC-CD85a	gene	RNA	LILRB3	0.0317088475582185	ok		0
Standardpcaclusters	3	2689	mAOC0592	mAOC-CD85a	gene	RNA	LILRB3	0.00988891506141055	ok		0.00297763171705395
Standardpcaclusters	4	506	mAOC0592	mAOC-CD85a	gene	RNA	LILRB3	0.0466883488529129	ok		0.00401101557624306
Standardpcaclusters	5	690	mAOC0592	mAOC-CD85a	gene	RNA	LILRB3	0.0184576429388921	ok		0.00435259611522631
Standardpcaclusters	6	663	mAOC0592	mAOC-CD85a	gene	RNA	LILRB3	0.0265465461271027	ok		0.00777270226113695
Standardpcaclusters	7	1552	mAOC0592	mAOC-CD85a	gene	RNA	LILRB3	0.00942396348543379	ok		0.00107207848233355
Standardpcaclusters	8	2101	mAOC0592	mAOC-CD85a	gene	RNA	LILRB3	0.0118675380702465	ok		0.000407092328039273
Standardpcaclusters	9	440	mAOC0592	mAOC-CD85a	gene	RNA	LILRB3	0.0211318092068903	ok		0.00193735321822255
Standardpcaclusters	10	1898	mAOC0592	mAOC-CD85a	gene	RNA	LILRB3	0.0151638632042338	ok		0.000499929447116288
Standardpcaclusters	11	346	mAOC0592	mAOC-CD85a	gene	RNA	LILRB3	0.0108789140002986	ok		0.000945743686268858
Standardpcaclusters	12	135	mAOC0592	mAOC-CD85a	gene	RNA	LILRB3	0.0412718144324748	ok		0
Standardpcaclusters	13	1222	mAOC0592	mAOC-CD85a	gene	RNA	LILRB3	0.0649020917906945	ok		0.00202336344360072
Standardpcaclusters	14	84	mAOC0592	mAOC-CD85a	gene	RNA	LILRB3	0.140996021595017	ok		0
Standardpcaclusters	15	195	mAOC0592	mAOC-CD85a	gene	RNA	LILRB3	1.53950522309556	ok		0.0551410516904115
Standardpcaclusters	1	116	mAOC0593	mAOC-CD6	gene	RNA	CD6	0.535948543237548	ok		0.238152233640117
Standardpcaclusters	2	652	mAOC0593	mAOC-CD6	gene	RNA	CD6	0.0788930289593983	ok		0.0134435768421043
Standardpcaclusters	3	2689	mAOC0593	mAOC-CD6	gene	RNA	CD6	0.0110581689655891	ok		0.00304293543750714
Standardpcaclusters	4	506	mAOC0593	mAOC-CD6	gene	RNA	CD6	0.0127222361120578	ok		0.0164512700690143
Standardpcaclusters	5	690	mAOC0593	mAOC-CD6	gene	RNA	CD6	0.0129588593332073	ok		0
Standardpcaclusters	6	663	mAOC0593	mAOC-CD6	gene	RNA	CD6	0.0190470466120149	ok		0
Standardpcaclusters	7	1552	mAOC0593	mAOC-CD6	gene	RNA	CD6	0.00459761537558199	ok		0.00296688088045007
Standardpcaclusters	8	2101	mAOC0593	mAOC-CD6	gene	RNA	CD6	0.0110004216983785	ok		0.00156245986715732
Standardpcaclusters	9	440	mAOC0593	mAOC-CD6	gene	RNA	CD6	0.00911962222972407	ok		0
Standardpcaclusters	10	1898	mAOC0593	mAOC-CD6	gene	RNA	CD6	0.0111340855801251	ok		0.000793453525894046
Standardpcaclusters	11	346	mAOC0593	mAOC-CD6	gene	RNA	CD6	0.00536476365154851	ok		0.00137219205732752
Standardpcaclusters	12	135	mAOC0593	mAOC-CD6	gene	RNA	CD6	0.0810335217828682	ok		0
Standardpcaclusters	13	1222	mAOC0593	mAOC-CD6	gene	RNA	CD6	0.0827911182112769	ok		0.0105991847243772
Standardpcaclusters	14	84	mAOC0593	mAOC-CD6	gene	RNA	CD6	0.0663436497406407	ok		0.00534734527536735
Standardpcaclusters	15	195	mAOC0593	mAOC-CD6	gene	RNA	CD6	0.0484086124770231	ok		0
Standardpcaclusters	1	116	mAOC0598	mAOC-CD89	gene	RNA	FCAR	0.516983929187425	ok		0
Standardpcaclusters	2	652	mAOC0598	mAOC-CD89	gene	RNA	FCAR	0.217117154675768	ok		0
Standardpcaclusters	3	2689	mAOC0598	mAOC-CD89	gene	RNA	FCAR	0.138362138573248	ok		0.000175254569591577
Standardpcaclusters	4	506	mAOC0598	mAOC-CD89	gene	RNA	FCAR	0.149791568630866	ok		0
Standardpcaclusters	5	690	mAOC0598	mAOC-CD89	gene	RNA	FCAR	0.143705296604373	ok		0.00156734834878964
Standardpcaclusters	6	663	mAOC0598	mAOC-CD89	gene	RNA	FCAR	0.162056804621886	ok		0.00329509147017792
Standardpcaclusters	7	1552	mAOC0598	mAOC-CD89	gene	RNA	FCAR	0.147664641341293	ok		0.00056445175156423
Standardpcaclusters	8	2101	mAOC0598	mAOC-CD89	gene	RNA	FCAR	0.121812947816838	ok		0
Standardpcaclusters	9	440	mAOC0598	mAOC-CD89	gene	RNA	FCAR	0.159353283730619	ok		0
Standardpcaclusters	10	1898	mAOC0598	mAOC-CD89	gene	RNA	FCAR	0.141654803458593	ok		0
Standardpcaclusters	11	346	mAOC0598	mAOC-CD89	gene	RNA	FCAR	0.11230885654489	ok		0
Standardpcaclusters	12	135	mAOC0598	mAOC-CD89	gene	RNA	FCAR	0.301441667233065	ok		0
Standardpcaclusters	13	1222	mAOC0598	mAOC-CD89	gene	RNA	FCAR	0.306388866589015	ok		0
Standardpcaclusters	14	84	mAOC0598	mAOC-CD89	gene	RNA	FCAR	0.556237164999836	ok		0
Standardpcaclusters	15	195	mAOC0598	mAOC-CD89	gene	RNA	FCAR	0.335692026616422	ok		0.565028479565257
Standardpcaclusters	1	116	mAOC0599	mAOC-CD23	gene	RNA	FCER2	0.00863215930278205	ok		0
Standardpcaclusters	2	652	mAOC0599	mAOC-CD23	gene	RNA	FCER2	0.00127926881322207	ok		0.47082190746436
Standardpcaclusters	3	2689	mAOC0599	mAOC-CD23	gene	RNA	FCER2	0.000303928095383744	ok		0
Standardpcaclusters	4	506	mAOC0599	mAOC-CD23	gene	RNA	FCER2	0.00062998012747142	ok		0.0076450826634101
Standardpcaclusters	5	690	mAOC0599	mAOC-CD23	gene	RNA	FCER2	0.00104911363961717	ok		0.00221738838251393
Standardpcaclusters	6	663	mAOC0599	mAOC-CD23	gene	RNA	FCER2	0.00227467981735616	ok		0.00815571051479513
Standardpcaclusters	7	1552	mAOC0599	mAOC-CD23	gene	RNA	FCER2	0	ok		0.000298236662232087
Standardpcaclusters	8	2101	mAOC0599	mAOC-CD23	gene	RNA	FCER2	0.000696373292323075	ok		0.00180296814499943
Standardpcaclusters	9	440	mAOC0599	mAOC-CD23	gene	RNA	FCER2	0.012072744385378	ok		0.00317700364918488
Standardpcaclusters	10	1898	mAOC0599	mAOC-CD23	gene	RNA	FCER2	0.00239965579686056	ok		0.000883864085228311
Standardpcaclusters	11	346	mAOC0599	mAOC-CD23	gene	RNA	FCER2	0.000279527758159566	ok		0
Standardpcaclusters	12	135	mAOC0599	mAOC-CD23	gene	RNA	FCER2	0.0195761250030654	ok		0.00776718653826937
Standardpcaclusters	13	1222	mAOC0599	mAOC-CD23	gene	RNA	FCER2	0.00303045079937079	ok		0.000870080872091268
Standardpcaclusters	14	84	mAOC0599	mAOC-CD23	gene	RNA	FCER2	0.0350941868632572	ok		0
Standardpcaclusters	15	195	mAOC0599	mAOC-CD23	gene	RNA	FCER2	0.00171402431346593	ok		0.0125802329998707
Standardpcaclusters	1	116	mAOC0600	mAOC-CD316	gene	RNA	IGSF8	0.251606534190579	ok		0.0884347478652591
Standardpcaclusters	2	652	mAOC0600	mAOC-CD316	gene	RNA	IGSF8	0.0641737222150012	ok		0.0200942957398934
Standardpcaclusters	3	2689	mAOC0600	mAOC-CD316	gene	RNA	IGSF8	0.0346173677539502	ok		0.116010271725733
Standardpcaclusters	4	506	mAOC0600	mAOC-CD316	gene	RNA	IGSF8	0.0384941396726038	ok		0.104597876877851
Standardpcaclusters	5	690	mAOC0600	mAOC-CD316	gene	RNA	IGSF8	0.0379215210703001	ok		0.083912327937441
Standardpcaclusters	6	663	mAOC0600	mAOC-CD316	gene	RNA	IGSF8	0.0578323312156074	ok		0.0769894124723393
Standardpcaclusters	7	1552	mAOC0600	mAOC-CD316	gene	RNA	IGSF8	0.0341648634297741	ok		0.107195279797132
Standardpcaclusters	8	2101	mAOC0600	mAOC-CD316	gene	RNA	IGSF8	0.0295808172318108	ok		0.0635020173577707
Standardpcaclusters	9	440	mAOC0600	mAOC-CD316	gene	RNA	IGSF8	0.0365285037780642	ok		0.0735857674627297
Standardpcaclusters	10	1898	mAOC0600	mAOC-CD316	gene	RNA	IGSF8	0.0412600913851318	ok		0.060479872784771
Standardpcaclusters	11	346	mAOC0600	mAOC-CD316	gene	RNA	IGSF8	0.0213044946804003	ok		0.108561502056848
Standardpcaclusters	12	135	mAOC0600	mAOC-CD316	gene	RNA	IGSF8	0.108437799308204	ok		0.0592039341144505
Standardpcaclusters	13	1222	mAOC0600	mAOC-CD316	gene	RNA	IGSF8	0.134210005738992	ok		0.0354134492568667
Standardpcaclusters	14	84	mAOC0600	mAOC-CD316	gene	RNA	IGSF8	0.195223648479626	ok		0.0280413560576518
Standardpcaclusters	15	195	mAOC0600	mAOC-CD316	gene	RNA	IGSF8	0.0891378615059957	ok		0
Standardpcaclusters	1	116	mAOC0601	mAOC-CD126	gene	RNA	IL6R	0.285955072310089	ok		0
Standardpcaclusters	2	652	mAOC0601	mAOC-CD126	gene	RNA	IL6R	0.0573568438615183	ok		0.0339371379887879
Standardpcaclusters	3	2689	mAOC0601	mAOC-CD126	gene	RNA	IL6R	0.449894098068246	ok		0.160242929085766
Standardpcaclusters	4	506	mAOC0601	mAOC-CD126	gene	RNA	IL6R	0.615572567337561	ok		0.179952713157724
Standardpcaclusters	5	690	mAOC0601	mAOC-CD126	gene	RNA	IL6R	0.214717416643796	ok		0.200907065340899
Standardpcaclusters	6	663	mAOC0601	mAOC-CD126	gene	RNA	IL6R	0.477307722475687	ok		0.211430013322438
Standardpcaclusters	7	1552	mAOC0601	mAOC-CD126	gene	RNA	IL6R	0.078357861296085	ok		0.139312875822296
Standardpcaclusters	8	2101	mAOC0601	mAOC-CD126	gene	RNA	IL6R	0.0306607075549768	ok		0.142247738185934
Standardpcaclusters	9	440	mAOC0601	mAOC-CD126	gene	RNA	IL6R	0.0226566687453698	ok		0.071722786103367
Standardpcaclusters	10	1898	mAOC0601	mAOC-CD126	gene	RNA	IL6R	0.017148245322057	ok		0.0774369487674042
Standardpcaclusters	11	346	mAOC0601	mAOC-CD126	gene	RNA	IL6R	0.0888944885368561	ok		0.19094047389338
Standardpcaclusters	12	135	mAOC0601	mAOC-CD126	gene	RNA	IL6R	0.11288826665949	ok		0.0836975927269442
Standardpcaclusters	13	1222	mAOC0601	mAOC-CD126	gene	RNA	IL6R	0.0633067009421109	ok		0.0625959875092933
Standardpcaclusters	14	84	mAOC0601	mAOC-CD126	gene	RNA	IL6R	0.125733855653885	ok		0.20865663765192
Standardpcaclusters	15	195	mAOC0601	mAOC-CD126	gene	RNA	IL6R	0.342192142151794	ok		1.06320747843205
Standardpcaclusters	1	116	mAOC0602	mAOC-CD132	gene	RNA	IL2RG	0.209157234132942	ok		1.020384496302
Standardpcaclusters	2	652	mAOC0602	mAOC-CD132	gene	RNA	IL2RG	0.0366623178393952	ok		1.15707757305689
Standardpcaclusters	3	2689	mAOC0602	mAOC-CD132	gene	RNA	IL2RG	0.365079957529456	ok		1.01749405149709
Standardpcaclusters	4	506	mAOC0602	mAOC-CD132	gene	RNA	IL2RG	0.243562274969012	ok		1.10101922693223
Standardpcaclusters	5	690	mAOC0602	mAOC-CD132	gene	RNA	IL2RG	0.0329717414486389	ok		0.558865327121795
Standardpcaclusters	6	663	mAOC0602	mAOC-CD132	gene	RNA	IL2RG	0.118604220389585	ok		0.741138217515651
Standardpcaclusters	7	1552	mAOC0602	mAOC-CD132	gene	RNA	IL2RG	0.0564467099665094	ok		0.858810828359648
Standardpcaclusters	8	2101	mAOC0602	mAOC-CD132	gene	RNA	IL2RG	0.0098225135116025	ok		0.455048682337891
Standardpcaclusters	9	440	mAOC0602	mAOC-CD132	gene	RNA	IL2RG	0.0137778159055429	ok		0.765976395975553
Standardpcaclusters	10	1898	mAOC0602	mAOC-CD132	gene	RNA	IL2RG	0.0124511550750463	ok		0.468786795867136
Standardpcaclusters	11	346	mAOC0602	mAOC-CD132	gene	RNA	IL2RG	0.0302619016303404	ok		0.611478053583817
Standardpcaclusters	12	135	mAOC0602	mAOC-CD132	gene	RNA	IL2RG	0.0312081026803963	ok		0.355881388785471
Standardpcaclusters	13	1222	mAOC0602	mAOC-CD132	gene	RNA	IL2RG	0.0726417621950369	ok		0.413443144947439
Standardpcaclusters	14	84	mAOC0602	mAOC-CD132	gene	RNA	IL2RG	0.0616429241170888	ok		0.0168286149074469
Standardpcaclusters	15	195	mAOC0602	mAOC-CD132	gene	RNA	IL2RG	0.0506055996874974	ok		0.246606500674477
Standardpcaclusters	1	116	mAOC0603	mAOC-CD130	gene	RNA	IL6ST	0.268066056945134	ok		0.196906120516752
Standardpcaclusters	2	652	mAOC0603	mAOC-CD130	gene	RNA	IL6ST	0.0467177624148901	ok		0.0347287175579709
Standardpcaclusters	3	2689	mAOC0603	mAOC-CD130	gene	RNA	IL6ST	0.0204213820377031	ok		0.127344193438759
Standardpcaclusters	4	506	mAOC0603	mAOC-CD130	gene	RNA	IL6ST	0.015676521840795	ok		0.137607715226257
Standardpcaclusters	5	690	mAOC0603	mAOC-CD130	gene	RNA	IL6ST	0.0329825822566295	ok		0.182027882991568
Standardpcaclusters	6	663	mAOC0603	mAOC-CD130	gene	RNA	IL6ST	0.0318833403805722	ok		0.174329474002508
Standardpcaclusters	7	1552	mAOC0603	mAOC-CD130	gene	RNA	IL6ST	0.0282555655683485	ok		0.250197874164832
Standardpcaclusters	8	2101	mAOC0603	mAOC-CD130	gene	RNA	IL6ST	0.107511792527013	ok		0.477162570042368
Standardpcaclusters	9	440	mAOC0603	mAOC-CD130	gene	RNA	IL6ST	0.0223129438123446	ok		0.331147714040792
Standardpcaclusters	10	1898	mAOC0603	mAOC-CD130	gene	RNA	IL6ST	0.301567770098698	ok		0.480960479480671
Standardpcaclusters	11	346	mAOC0603	mAOC-CD130	gene	RNA	IL6ST	0.0377720130207761	ok		0.580143239221701
Standardpcaclusters	12	135	mAOC0603	mAOC-CD130	gene	RNA	IL6ST	0.0663882393968004	ok		0.661602921380066
Standardpcaclusters	13	1222	mAOC0603	mAOC-CD130	gene	RNA	IL6ST	0.0844293925005273	ok		0.692831973730661
Standardpcaclusters	14	84	mAOC0603	mAOC-CD130	gene	RNA	IL6ST	1.16018980825019	ok		0.708049503051306
Standardpcaclusters	15	195	mAOC0603	mAOC-CD130	gene	RNA	IL6ST	0.234260731212596	ok		0.410120386424512
Standardpcaclusters	1	116	mAOC0604	mAOC-CD127	gene	RNA	IL7R	0.0574047532489048	ok		0.9422080714315
Standardpcaclusters	2	652	mAOC0604	mAOC-CD127	gene	RNA	IL7R	0.0121802645463201	ok		0.110580620753728
Standardpcaclusters	3	2689	mAOC0604	mAOC-CD127	gene	RNA	IL7R	0.00333661906486943	ok		0.0561459494403318
Standardpcaclusters	4	506	mAOC0604	mAOC-CD127	gene	RNA	IL7R	0.00407725383864061	ok		0.320092939170245
Standardpcaclusters	5	690	mAOC0604	mAOC-CD127	gene	RNA	IL7R	0.00833707933766643	ok		0.138599319214357
Standardpcaclusters	6	663	mAOC0604	mAOC-CD127	gene	RNA	IL7R	0.00812046118585118	ok		0.0875197765844458
Standardpcaclusters	7	1552	mAOC0604	mAOC-CD127	gene	RNA	IL7R	0.00102813473379159	ok		0.0595307210106308
Standardpcaclusters	8	2101	mAOC0604	mAOC-CD127	gene	RNA	IL7R	0.00443670976217726	ok		0.0744971357949911
Standardpcaclusters	9	440	mAOC0604	mAOC-CD127	gene	RNA	IL7R	0.00587019380324571	ok		0.035374978962405
Standardpcaclusters	10	1898	mAOC0604	mAOC-CD127	gene	RNA	IL7R	0.00787698076540449	ok		0.0878726949187978
Standardpcaclusters	11	346	mAOC0604	mAOC-CD127	gene	RNA	IL7R	0.00192685460019337	ok		0.0959090580452404
Standardpcaclusters	12	135	mAOC0604	mAOC-CD127	gene	RNA	IL7R	0.0282823957272487	ok		0.0764918104195954
Standardpcaclusters	13	1222	mAOC0604	mAOC-CD127	gene	RNA	IL7R	0.024995153071486	ok		0.00781467898525718
Standardpcaclusters	14	84	mAOC0604	mAOC-CD127	gene	RNA	IL7R	0.0646527934655074	ok		0.0744284107636443
Standardpcaclusters	15	195	mAOC0604	mAOC-CD127	gene	RNA	IL7R	0.0217469790903964	ok		0.350497948861209
Standardpcaclusters	1	116	mAOC0605	mAOC-CD158k	gene	RNA	KIR3DL2	0.386416459459082	ok		0
Standardpcaclusters	2	652	mAOC0605	mAOC-CD158k	gene	RNA	KIR3DL2	0.149126586840113	ok		0
Standardpcaclusters	3	2689	mAOC0605	mAOC-CD158k	gene	RNA	KIR3DL2	0.062149652850015	ok		0.000245807131198035
Standardpcaclusters	4	506	mAOC0605	mAOC-CD158k	gene	RNA	KIR3DL2	0.0683413000209058	ok		0
Standardpcaclusters	5	690	mAOC0605	mAOC-CD158k	gene	RNA	KIR3DL2	0.0741536841891397	ok		0
Standardpcaclusters	6	663	mAOC0605	mAOC-CD158k	gene	RNA	KIR3DL2	0.0724977202312133	ok		0.00140993504383043
Standardpcaclusters	7	1552	mAOC0605	mAOC-CD158k	gene	RNA	KIR3DL2	0.0500615374311247	ok		0
Standardpcaclusters	8	2101	mAOC0605	mAOC-CD158k	gene	RNA	KIR3DL2	0.0637080482565647	ok		0
Standardpcaclusters	9	440	mAOC0605	mAOC-CD158k	gene	RNA	KIR3DL2	0.0293245680968517	ok		0
Standardpcaclusters	10	1898	mAOC0605	mAOC-CD158k	gene	RNA	KIR3DL2	0.047296704552207	ok		0
Standardpcaclusters	11	346	mAOC0605	mAOC-CD158k	gene	RNA	KIR3DL2	0.0174060873421234	ok		0
Standardpcaclusters	12	135	mAOC0605	mAOC-CD158k	gene	RNA	KIR3DL2	0.174640163654561	ok		0
Standardpcaclusters	13	1222	mAOC0605	mAOC-CD158k	gene	RNA	KIR3DL2	0.153779544295829	ok		0
Standardpcaclusters	14	84	mAOC0605	mAOC-CD158k	gene	RNA	KIR3DL2	0.409495116811816	ok		0
Standardpcaclusters	15	195	mAOC0605	mAOC-CD158k	gene	RNA	KIR3DL2	0.376674940504308	ok		0.00513253538321232
Standardpcaclusters	1	116	mAOC0606	mAOC-CD98	gene	RNA	SLC3A2	0.242150911432262	ok		0.214988949585398
Standardpcaclusters	2	652	mAOC0606	mAOC-CD98	gene	RNA	SLC3A2	0.333179713432096	ok		0.751408764687209
Standardpcaclusters	3	2689	mAOC0606	mAOC-CD98	gene	RNA	SLC3A2	1.00617650886022	ok		1.11793808938821
Standardpcaclusters	4	506	mAOC0606	mAOC-CD98	gene	RNA	SLC3A2	0.625894105527218	ok		1.00435770720003
Standardpcaclusters	5	690	mAOC0606	mAOC-CD98	gene	RNA	SLC3A2	0.780978442934107	ok		1.03094730807447
Standardpcaclusters	6	663	mAOC0606	mAOC-CD98	gene	RNA	SLC3A2	1.21724409840432	ok		0.849660696870955
Standardpcaclusters	7	1552	mAOC0606	mAOC-CD98	gene	RNA	SLC3A2	1.00469153775714	ok		1.57109489620588
Standardpcaclusters	8	2101	mAOC0606	mAOC-CD98	gene	RNA	SLC3A2	0.732457825546602	ok		1.30449227604318
Standardpcaclusters	9	440	mAOC0606	mAOC-CD98	gene	RNA	SLC3A2	1.53087846958975	ok		0.779834556991955
Standardpcaclusters	10	1898	mAOC0606	mAOC-CD98	gene	RNA	SLC3A2	1.15318128461004	ok		0.856715765172065
Standardpcaclusters	11	346	mAOC0606	mAOC-CD98	gene	RNA	SLC3A2	1.486731920132	ok		1.10792590625532
Standardpcaclusters	12	135	mAOC0606	mAOC-CD98	gene	RNA	SLC3A2	0.899354636265336	ok		0.88595932585382
Standardpcaclusters	13	1222	mAOC0606	mAOC-CD98	gene	RNA	SLC3A2	0.193586276037889	ok		0.48880015707727
Standardpcaclusters	14	84	mAOC0606	mAOC-CD98	gene	RNA	SLC3A2	1.47253218978815	ok		0.380835212547891
Standardpcaclusters	15	195	mAOC0606	mAOC-CD98	gene	RNA	SLC3A2	0.805720606408038	ok		0.456153910042266
Standardpcaclusters	1	116	mAOC0607	mAOC-TGFBR2	gene	RNA	TGFBR2	0.201752696297542	ok		0.593956377344482
Standardpcaclusters	2	652	mAOC0607	mAOC-TGFBR2	gene	RNA	TGFBR2	0.0537671761049594	ok		0.768267293077228
Standardpcaclusters	3	2689	mAOC0607	mAOC-TGFBR2	gene	RNA	TGFBR2	0.0263681589248542	ok		0.430589206741771
Standardpcaclusters	4	506	mAOC0607	mAOC-TGFBR2	gene	RNA	TGFBR2	0.0329100802933763	ok		0.439534400163884
Standardpcaclusters	5	690	mAOC0607	mAOC-TGFBR2	gene	RNA	TGFBR2	0.0327502267145874	ok		0.478191689315676
Standardpcaclusters	6	663	mAOC0607	mAOC-TGFBR2	gene	RNA	TGFBR2	0.0434487928317498	ok		0.455572364251908
Standardpcaclusters	7	1552	mAOC0607	mAOC-TGFBR2	gene	RNA	TGFBR2	0.0298515504782948	ok		0.473415071300346
Standardpcaclusters	8	2101	mAOC0607	mAOC-TGFBR2	gene	RNA	TGFBR2	0.0277062767559479	ok		0.536861092576297
Standardpcaclusters	9	440	mAOC0607	mAOC-TGFBR2	gene	RNA	TGFBR2	0.0177849385702143	ok		0.360407075335185
Standardpcaclusters	10	1898	mAOC0607	mAOC-TGFBR2	gene	RNA	TGFBR2	0.0281744135947092	ok		0.529123828696864
Standardpcaclusters	11	346	mAOC0607	mAOC-TGFBR2	gene	RNA	TGFBR2	0.0122528209923893	ok		0.329894793202258
Standardpcaclusters	12	135	mAOC0607	mAOC-TGFBR2	gene	RNA	TGFBR2	0.08092034902242	ok		0.215746170637038
Standardpcaclusters	13	1222	mAOC0607	mAOC-TGFBR2	gene	RNA	TGFBR2	0.119961988876492	ok		0.26438373280359
Standardpcaclusters	14	84	mAOC0607	mAOC-TGFBR2	gene	RNA	TGFBR2	0.151454432304176	ok		0.246027381837701
Standardpcaclusters	15	195	mAOC0607	mAOC-TGFBR2	gene	RNA	TGFBR2	0.0767370240510086	ok		0.0429069929731629
Standardpcaclusters	1	116	mAOC0608	mAOC-CDH8	gene	RNA	CDH8	0.244597797597543	ok		0
Standardpcaclusters	2	652	mAOC0608	mAOC-CDH8	gene	RNA	CDH8	0.0527355397477234	ok		0
Standardpcaclusters	3	2689	mAOC0608	mAOC-CDH8	gene	RNA	CDH8	0.0154518398000954	ok		0.00117895962232303
Standardpcaclusters	4	506	mAOC0608	mAOC-CDH8	gene	RNA	CDH8	0.0266317199290776	ok		0.00393303227555574
Standardpcaclusters	5	690	mAOC0608	mAOC-CDH8	gene	RNA	CDH8	0.0136390569673458	ok		0
Standardpcaclusters	6	663	mAOC0608	mAOC-CDH8	gene	RNA	CDH8	0.0290081362239026	ok		0.00393869027554879
Standardpcaclusters	7	1552	mAOC0608	mAOC-CDH8	gene	RNA	CDH8	0.00736603210992195	ok		0
Standardpcaclusters	8	2101	mAOC0608	mAOC-CDH8	gene	RNA	CDH8	0.0138809887121544	ok		0
Standardpcaclusters	9	440	mAOC0608	mAOC-CDH8	gene	RNA	CDH8	0.0128488656402452	ok		0
Standardpcaclusters	10	1898	mAOC0608	mAOC-CDH8	gene	RNA	CDH8	0.0178088696535812	ok		0.000338558597587661
Standardpcaclusters	11	346	mAOC0608	mAOC-CDH8	gene	RNA	CDH8	0.00679969914142605	ok		0
Standardpcaclusters	12	135	mAOC0608	mAOC-CDH8	gene	RNA	CDH8	0.0631861058841489	ok		0
Standardpcaclusters	13	1222	mAOC0608	mAOC-CDH8	gene	RNA	CDH8	0.0659344720711523	ok		0.00164770075294572
Standardpcaclusters	14	84	mAOC0608	mAOC-CDH8	gene	RNA	CDH8	0.183206000624589	ok		0
Standardpcaclusters	15	195	mAOC0608	mAOC-CDH8	gene	RNA	CDH8	0.249671605385576	ok		0
Standardpcaclusters	1	116	mAOC0610	mAOC-CD334	gene	RNA	FGFR4	0.22722661513294	ok		0
Standardpcaclusters	2	652	mAOC0610	mAOC-CD334	gene	RNA	FGFR4	0.054811731618143	ok		0
Standardpcaclusters	3	2689	mAOC0610	mAOC-CD334	gene	RNA	FGFR4	0.0190299471910763	ok		0.00134578825435635
Standardpcaclusters	4	506	mAOC0610	mAOC-CD334	gene	RNA	FGFR4	0.0411581270985788	ok		0.000822625035161313
Standardpcaclusters	5	690	mAOC0610	mAOC-CD334	gene	RNA	FGFR4	0.0268498143413488	ok		0
Standardpcaclusters	6	663	mAOC0610	mAOC-CD334	gene	RNA	FGFR4	0.0369053436328634	ok		0.000963696640190509
Standardpcaclusters	7	1552	mAOC0610	mAOC-CD334	gene	RNA	FGFR4	0.0186658008163926	ok		0.000997862125318659
Standardpcaclusters	8	2101	mAOC0610	mAOC-CD334	gene	RNA	FGFR4	0.0168301341860397	ok		0.000642719959201294
Standardpcaclusters	9	440	mAOC0610	mAOC-CD334	gene	RNA	FGFR4	0.0142470478269816	ok		0.0021658258638138
Standardpcaclusters	10	1898	mAOC0610	mAOC-CD334	gene	RNA	FGFR4	0.0214951162268049	ok		0.0015237209482558
Standardpcaclusters	11	346	mAOC0610	mAOC-CD334	gene	RNA	FGFR4	0.00715575496702997	ok		0.00388204954686162
Standardpcaclusters	12	135	mAOC0610	mAOC-CD334	gene	RNA	FGFR4	0.0624805389395435	ok		0
Standardpcaclusters	13	1222	mAOC0610	mAOC-CD334	gene	RNA	FGFR4	0.107117176338148	ok		0.000607004332383816
Standardpcaclusters	14	84	mAOC0610	mAOC-CD334	gene	RNA	FGFR4	0.332459873181787	ok		0
Standardpcaclusters	15	195	mAOC0610	mAOC-CD334	gene	RNA	FGFR4	0.767960729090986	ok		0
Standardpcaclusters	1	116	mAOC0611	mAOC-CD166	gene	RNA	ALCAM	0.318331273903953	ok		0.116378117488723
Standardpcaclusters	2	652	mAOC0611	mAOC-CD166	gene	RNA	ALCAM	0.110969668094134	ok		0.355912391660224
Standardpcaclusters	3	2689	mAOC0611	mAOC-CD166	gene	RNA	ALCAM	1.54926936805055	ok		0.729352641315444
Standardpcaclusters	4	506	mAOC0611	mAOC-CD166	gene	RNA	ALCAM	1.12847376005263	ok		0.770605624024805
Standardpcaclusters	5	690	mAOC0611	mAOC-CD166	gene	RNA	ALCAM	1.13614389526618	ok		0.415493875879781
Standardpcaclusters	6	663	mAOC0611	mAOC-CD166	gene	RNA	ALCAM	1.38914698649726	ok		0.597933301839064
Standardpcaclusters	7	1552	mAOC0611	mAOC-CD166	gene	RNA	ALCAM	1.71818138922831	ok		0.52438769373762
Standardpcaclusters	8	2101	mAOC0611	mAOC-CD166	gene	RNA	ALCAM	0.800998446925073	ok		0.280674471734658
Standardpcaclusters	9	440	mAOC0611	mAOC-CD166	gene	RNA	ALCAM	0.479596207337635	ok		0.291228179881281
Standardpcaclusters	10	1898	mAOC0611	mAOC-CD166	gene	RNA	ALCAM	0.191180304444051	ok		0.208884691897454
Standardpcaclusters	11	346	mAOC0611	mAOC-CD166	gene	RNA	ALCAM	0.8159386075782	ok		0.291612545526055
Standardpcaclusters	12	135	mAOC0611	mAOC-CD166	gene	RNA	ALCAM	0.666957129933657	ok		0.146060272449082
Standardpcaclusters	13	1222	mAOC0611	mAOC-CD166	gene	RNA	ALCAM	1.13866146898055	ok		0.409526958846054
Standardpcaclusters	14	84	mAOC0611	mAOC-CD166	gene	RNA	ALCAM	0.0520428958958166	ok		0.172535686271624
Standardpcaclusters	15	195	mAOC0611	mAOC-CD166	gene	RNA	ALCAM	0.270389847119214	ok		2.15994138917465
Standardpcaclusters	1	116	mAOC0613	mAOC-CD66a	gene	RNA	CEACAM1	0.299279734755106	ok		0.0119845438141356
Standardpcaclusters	2	652	mAOC0613	mAOC-CD66a	gene	RNA	CEACAM1	0.0988727616498111	ok		0.00695434624257249
Standardpcaclusters	3	2689	mAOC0613	mAOC-CD66a	gene	RNA	CEACAM1	0.0596173332676692	ok		0.00805127823928478
Standardpcaclusters	4	506	mAOC0613	mAOC-CD66a	gene	RNA	CEACAM1	0.0688963029279221	ok		0.0302395842484255
Standardpcaclusters	5	690	mAOC0613	mAOC-CD66a	gene	RNA	CEACAM1	0.0616031916735177	ok		0.00680361105433447
Standardpcaclusters	6	663	mAOC0613	mAOC-CD66a	gene	RNA	CEACAM1	0.0650626237292753	ok		0.00199428302218282
Standardpcaclusters	7	1552	mAOC0613	mAOC-CD66a	gene	RNA	CEACAM1	0.0558204271937633	ok		0.0090866603655631
Standardpcaclusters	8	2101	mAOC0613	mAOC-CD66a	gene	RNA	CEACAM1	0.0626245100844448	ok		0.0165485874333945
Standardpcaclusters	9	440	mAOC0613	mAOC-CD66a	gene	RNA	CEACAM1	0.052486798304311	ok		0
Standardpcaclusters	10	1898	mAOC0613	mAOC-CD66a	gene	RNA	CEACAM1	0.056104407201559	ok		0.000169403417106079
Standardpcaclusters	11	346	mAOC0613	mAOC-CD66a	gene	RNA	CEACAM1	0.0421915838810069	ok		0.00790700075624895
Standardpcaclusters	12	135	mAOC0613	mAOC-CD66a	gene	RNA	CEACAM1	0.185433739151347	ok		0.00611379949109986
Standardpcaclusters	13	1222	mAOC0613	mAOC-CD66a	gene	RNA	CEACAM1	0.185231304356326	ok		0.0222222587947662
Standardpcaclusters	14	84	mAOC0613	mAOC-CD66a	gene	RNA	CEACAM1	0.401646624632642	ok		0.00845004232604311
Standardpcaclusters	15	195	mAOC0613	mAOC-CD66a	gene	RNA	CEACAM1	0.195084052264061	ok		0
Standardpcaclusters	1	116	mAOC0614	mAOC-F2	gene	RNA	F2	0.39640235575989	ok		0
Standardpcaclusters	2	652	mAOC0614	mAOC-F2	gene	RNA	F2	0.110725307834583	ok		0
Standardpcaclusters	3	2689	mAOC0614	mAOC-F2	gene	RNA	F2	0.104916429546557	ok		0.000163401367620685
Standardpcaclusters	4	506	mAOC0614	mAOC-F2	gene	RNA	F2	0.11748361718688	ok		0
Standardpcaclusters	5	690	mAOC0614	mAOC-F2	gene	RNA	F2	0.0955076281898338	ok		0.00105468354746159
Standardpcaclusters	6	663	mAOC0614	mAOC-F2	gene	RNA	F2	0.124756254360806	ok		0.00273609038696568
Standardpcaclusters	7	1552	mAOC0614	mAOC-F2	gene	RNA	F2	0.133382775077006	ok		0.000958634075341257
Standardpcaclusters	8	2101	mAOC0614	mAOC-F2	gene	RNA	F2	0.088156651555192	ok		0.000345834496222993
Standardpcaclusters	9	440	mAOC0614	mAOC-F2	gene	RNA	F2	0.125930274243495	ok		0
Standardpcaclusters	10	1898	mAOC0614	mAOC-F2	gene	RNA	F2	0.101193391905239	ok		0.000518864542780789
Standardpcaclusters	11	346	mAOC0614	mAOC-F2	gene	RNA	F2	0.0695460805691712	ok		0.0017231012478951
Standardpcaclusters	12	135	mAOC0614	mAOC-F2	gene	RNA	F2	0.176292941639048	ok		0.00791829645769463
Standardpcaclusters	13	1222	mAOC0614	mAOC-F2	gene	RNA	F2	0.273966599613681	ok		0.0042741023412164
Standardpcaclusters	14	84	mAOC0614	mAOC-F2	gene	RNA	F2	0.304699973255019	ok		0
Standardpcaclusters	15	195	mAOC0614	mAOC-F2	gene	RNA	F2	0.250495366794903	ok		0
Standardpcaclusters	1	116	mAOC0615	mAOC-SIGIRR	gene	RNA	SIGIRR	0.530791423154968	ok		0.0884219567631983
Standardpcaclusters	2	652	mAOC0615	mAOC-SIGIRR	gene	RNA	SIGIRR	0.0523739807803842	ok		0.036578777341289
Standardpcaclusters	3	2689	mAOC0615	mAOC-SIGIRR	gene	RNA	SIGIRR	0.083823093095531	ok		0.124300050041916
Standardpcaclusters	4	506	mAOC0615	mAOC-SIGIRR	gene	RNA	SIGIRR	0.226925866005132	ok		0.0898494233254214
Standardpcaclusters	5	690	mAOC0615	mAOC-SIGIRR	gene	RNA	SIGIRR	0.0323699070751063	ok		0.153983348323273
Standardpcaclusters	6	663	mAOC0615	mAOC-SIGIRR	gene	RNA	SIGIRR	0.0544283880182211	ok		0.196377954944265
Standardpcaclusters	7	1552	mAOC0615	mAOC-SIGIRR	gene	RNA	SIGIRR	0.0803632756388866	ok		0.116252660685636
Standardpcaclusters	8	2101	mAOC0615	mAOC-SIGIRR	gene	RNA	SIGIRR	0.0282642940371129	ok		0.151722076310544
Standardpcaclusters	9	440	mAOC0615	mAOC-SIGIRR	gene	RNA	SIGIRR	0.0294141927582866	ok		0.142884627385727
Standardpcaclusters	10	1898	mAOC0615	mAOC-SIGIRR	gene	RNA	SIGIRR	0.0215379086638969	ok		0.155448586177335
Standardpcaclusters	11	346	mAOC0615	mAOC-SIGIRR	gene	RNA	SIGIRR	0.0184325667787591	ok		0.130881080474263
Standardpcaclusters	12	135	mAOC0615	mAOC-SIGIRR	gene	RNA	SIGIRR	0.239026546801067	ok		0.145639404853987
Standardpcaclusters	13	1222	mAOC0615	mAOC-SIGIRR	gene	RNA	SIGIRR	0.256073744163951	ok		0.0906455843606278
Standardpcaclusters	14	84	mAOC0615	mAOC-SIGIRR	gene	RNA	SIGIRR	0.310190328116097	ok		0.10536003214239
Standardpcaclusters	15	195	mAOC0615	mAOC-SIGIRR	gene	RNA	SIGIRR	1.10813964149085	ok		0.0535401114098545
Standardpcaclusters	1	116	mAOC0616	mAOC-CTSS	gene	RNA	CTSS	0.080771559808023	ok		0.233646733954755
Standardpcaclusters	2	652	mAOC0616	mAOC-CTSS	gene	RNA	CTSS	0.0158658232350539	ok		0.845915358493649
Standardpcaclusters	3	2689	mAOC0616	mAOC-CTSS	gene	RNA	CTSS	0.0061852841196405	ok		0.396914016456528
Standardpcaclusters	4	506	mAOC0616	mAOC-CTSS	gene	RNA	CTSS	0.00823311902727794	ok		0.614810858336693
Standardpcaclusters	5	690	mAOC0616	mAOC-CTSS	gene	RNA	CTSS	0.00751353924148596	ok		0.311104503766
Standardpcaclusters	6	663	mAOC0616	mAOC-CTSS	gene	RNA	CTSS	0.011982631803013	ok		0.29856534940644
Standardpcaclusters	7	1552	mAOC0616	mAOC-CTSS	gene	RNA	CTSS	0.0033740093545591	ok		0.382326409616334
Standardpcaclusters	8	2101	mAOC0616	mAOC-CTSS	gene	RNA	CTSS	0.00768928507132998	ok		0.293784899830672
Standardpcaclusters	9	440	mAOC0616	mAOC-CTSS	gene	RNA	CTSS	0.00719687648046392	ok		0.26525013839512
Standardpcaclusters	10	1898	mAOC0616	mAOC-CTSS	gene	RNA	CTSS	0.00968332780038691	ok		0.235032723318972
Standardpcaclusters	11	346	mAOC0616	mAOC-CTSS	gene	RNA	CTSS	0.00247429352814239	ok		0.192613590964985
Standardpcaclusters	12	135	mAOC0616	mAOC-CTSS	gene	RNA	CTSS	0.0240148333560487	ok		0.223819105846748
Standardpcaclusters	13	1222	mAOC0616	mAOC-CTSS	gene	RNA	CTSS	0.0257993082811158	ok		0.410838040426542
Standardpcaclusters	14	84	mAOC0616	mAOC-CTSS	gene	RNA	CTSS	0.0763405530723573	ok		0.0299555467519169
Standardpcaclusters	15	195	mAOC0616	mAOC-CTSS	gene	RNA	CTSS	0.0146950389672819	ok		2.22597388012262
Standardpcaclusters	1	116	mAOC0617	mAOC-CSF3	gene	RNA	CSF3	0.122013228152837	ok		0
Standardpcaclusters	2	652	mAOC0617	mAOC-CSF3	gene	RNA	CSF3	0.0249125814100452	ok		0
Standardpcaclusters	3	2689	mAOC0617	mAOC-CSF3	gene	RNA	CSF3	0.0202484222344722	ok		0
Standardpcaclusters	4	506	mAOC0617	mAOC-CSF3	gene	RNA	CSF3	0.0256793614979532	ok		0
Standardpcaclusters	5	690	mAOC0617	mAOC-CSF3	gene	RNA	CSF3	0.0233369863018405	ok		0
Standardpcaclusters	6	663	mAOC0617	mAOC-CSF3	gene	RNA	CSF3	0.0249986642846962	ok		0
Standardpcaclusters	7	1552	mAOC0617	mAOC-CSF3	gene	RNA	CSF3	0.0252283983632227	ok		0
Standardpcaclusters	8	2101	mAOC0617	mAOC-CSF3	gene	RNA	CSF3	0.0273070316221863	ok		0.00263456139582779
Standardpcaclusters	9	440	mAOC0617	mAOC-CSF3	gene	RNA	CSF3	0.0190343771555954	ok		0
Standardpcaclusters	10	1898	mAOC0617	mAOC-CSF3	gene	RNA	CSF3	0.0302617980956301	ok		0
Standardpcaclusters	11	346	mAOC0617	mAOC-CSF3	gene	RNA	CSF3	0.0100091132766502	ok		0
Standardpcaclusters	12	135	mAOC0617	mAOC-CSF3	gene	RNA	CSF3	0.0771680262241119	ok		0.00670227080749823
Standardpcaclusters	13	1222	mAOC0617	mAOC-CSF3	gene	RNA	CSF3	0.0858936952962907	ok		0.0011388009991739
Standardpcaclusters	14	84	mAOC0617	mAOC-CSF3	gene	RNA	CSF3	0.199725955872277	ok		0
Standardpcaclusters	15	195	mAOC0617	mAOC-CSF3	gene	RNA	CSF3	0.0401834243155625	ok		0.0680724119925864
Standardpcaclusters	1	116	mAOC0618	mAOC-SORT1	gene	RNA	SORT1	1.04224510541401	ok		0
Standardpcaclusters	2	652	mAOC0618	mAOC-SORT1	gene	RNA	SORT1	0.529328144048123	ok		0.003657658972369
Standardpcaclusters	3	2689	mAOC0618	mAOC-SORT1	gene	RNA	SORT1	0.460986656671427	ok		0.0520040525239892
Standardpcaclusters	4	506	mAOC0618	mAOC-SORT1	gene	RNA	SORT1	0.588811595185678	ok		0.0483675370156234
Standardpcaclusters	5	690	mAOC0618	mAOC-SORT1	gene	RNA	SORT1	0.427756014688259	ok		0.0527290509792474
Standardpcaclusters	6	663	mAOC0618	mAOC-SORT1	gene	RNA	SORT1	0.539606072904732	ok		0.0683875361537603
Standardpcaclusters	7	1552	mAOC0618	mAOC-SORT1	gene	RNA	SORT1	0.568396686555049	ok		0.0555704923692639
Standardpcaclusters	8	2101	mAOC0618	mAOC-SORT1	gene	RNA	SORT1	0.466923134119358	ok		0.0719553342642898
Standardpcaclusters	9	440	mAOC0618	mAOC-SORT1	gene	RNA	SORT1	0.548745886879596	ok		0.0728430963132391
Standardpcaclusters	10	1898	mAOC0618	mAOC-SORT1	gene	RNA	SORT1	0.524492575156598	ok		0.0979490867347913
Standardpcaclusters	11	346	mAOC0618	mAOC-SORT1	gene	RNA	SORT1	0.330543356993426	ok		0.0772848595778227
Standardpcaclusters	12	135	mAOC0618	mAOC-SORT1	gene	RNA	SORT1	0.770771903238847	ok		0.0770375928583208
Standardpcaclusters	13	1222	mAOC0618	mAOC-SORT1	gene	RNA	SORT1	0.911591317132685	ok		0.0450081061831752
Standardpcaclusters	14	84	mAOC0618	mAOC-SORT1	gene	RNA	SORT1	1.70236975044947	ok		0.0841204179294913
Standardpcaclusters	15	195	mAOC0618	mAOC-SORT1	gene	RNA	SORT1	1.60467786161533	ok		0.0744381788448207
Standardpcaclusters	1	116	mAOC0619	mAOC-ROR2	gene	RNA	ROR2	0.21028040820034	ok		0
Standardpcaclusters	2	652	mAOC0619	mAOC-ROR2	gene	RNA	ROR2	0.045566291238109	ok		0
Standardpcaclusters	3	2689	mAOC0619	mAOC-ROR2	gene	RNA	ROR2	0.0249848106277259	ok		0.0161117591783262
Standardpcaclusters	4	506	mAOC0619	mAOC-ROR2	gene	RNA	ROR2	0.037165113579525	ok		0.0166878719124861
Standardpcaclusters	5	690	mAOC0619	mAOC-ROR2	gene	RNA	ROR2	0.0363296435783485	ok		0.0156071745951255
Standardpcaclusters	6	663	mAOC0619	mAOC-ROR2	gene	RNA	ROR2	0.0413712576273548	ok		0.0080265516786932
Standardpcaclusters	7	1552	mAOC0619	mAOC-ROR2	gene	RNA	ROR2	0.0282515332324255	ok		0.0232814314594434
Standardpcaclusters	8	2101	mAOC0619	mAOC-ROR2	gene	RNA	ROR2	0.0248874213797943	ok		0.0177296209418023
Standardpcaclusters	9	440	mAOC0619	mAOC-ROR2	gene	RNA	ROR2	0.0287283882704252	ok		0.0194873857342911
Standardpcaclusters	10	1898	mAOC0619	mAOC-ROR2	gene	RNA	ROR2	0.0337561680991027	ok		0.0210416003047937
Standardpcaclusters	11	346	mAOC0619	mAOC-ROR2	gene	RNA	ROR2	0.0253394254482206	ok		0.0285837207025038
Standardpcaclusters	12	135	mAOC0619	mAOC-ROR2	gene	RNA	ROR2	0.0756550194067062	ok		0.0518035098679542
Standardpcaclusters	13	1222	mAOC0619	mAOC-ROR2	gene	RNA	ROR2	0.105762743929788	ok		0.0188275486418869
Standardpcaclusters	14	84	mAOC0619	mAOC-ROR2	gene	RNA	ROR2	0.0996412735072337	ok		0.0126207858076228
Standardpcaclusters	15	195	mAOC0619	mAOC-ROR2	gene	RNA	ROR2	0.0730238873628363	ok		0
Standardpcaclusters	1	116	mAOC0629	mAOC-TSPAN8	gene	RNA	TSPAN8	0.575787737492025	ok		0
Standardpcaclusters	2	652	mAOC0629	mAOC-TSPAN8	gene	RNA	TSPAN8	0.205835754537071	ok		0
Standardpcaclusters	3	2689	mAOC0629	mAOC-TSPAN8	gene	RNA	TSPAN8	0.21155270673248	ok		0
Standardpcaclusters	4	506	mAOC0629	mAOC-TSPAN8	gene	RNA	TSPAN8	0.214805267793703	ok		0
Standardpcaclusters	5	690	mAOC0629	mAOC-TSPAN8	gene	RNA	TSPAN8	0.176783221072289	ok		0
Standardpcaclusters	6	663	mAOC0629	mAOC-TSPAN8	gene	RNA	TSPAN8	0.214419358406153	ok		0
Standardpcaclusters	7	1552	mAOC0629	mAOC-TSPAN8	gene	RNA	TSPAN8	0.234560401805815	ok		0.00150658260706629
Standardpcaclusters	8	2101	mAOC0629	mAOC-TSPAN8	gene	RNA	TSPAN8	0.200107650657482	ok		0.000284010483587182
Standardpcaclusters	9	440	mAOC0629	mAOC-TSPAN8	gene	RNA	TSPAN8	0.223225984633414	ok		0
Standardpcaclusters	10	1898	mAOC0629	mAOC-TSPAN8	gene	RNA	TSPAN8	0.184585021114176	ok		0.000210922986993637
Standardpcaclusters	11	346	mAOC0629	mAOC-TSPAN8	gene	RNA	TSPAN8	0.150164571182331	ok		0.00406757163433568
Standardpcaclusters	12	135	mAOC0629	mAOC-TSPAN8	gene	RNA	TSPAN8	0.354274847591095	ok		0.11015013103813
Standardpcaclusters	13	1222	mAOC0629	mAOC-TSPAN8	gene	RNA	TSPAN8	0.383611755239636	ok		0.002415718716401
Standardpcaclusters	14	84	mAOC0629	mAOC-TSPAN8	gene	RNA	TSPAN8	0.618136336926494	ok		0.0126207858076228
Standardpcaclusters	15	195	mAOC0629	mAOC-TSPAN8	gene	RNA	TSPAN8	0.215267289690782	ok		0
Standardpcaclusters	1	116	mAOC0630	mAOC-CD84	gene	RNA	CD84	0	ok		0
Standardpcaclusters	2	652	mAOC0630	mAOC-CD84	gene	RNA	CD84	0.000876639202491821	ok		0.12350638436489
Standardpcaclusters	3	2689	mAOC0630	mAOC-CD84	gene	RNA	CD84	0	ok		0.0162690482500976
Standardpcaclusters	4	506	mAOC0630	mAOC-CD84	gene	RNA	CD84	0	ok		0.0318382426324264
Standardpcaclusters	5	690	mAOC0630	mAOC-CD84	gene	RNA	CD84	0	ok		0.0144885557980671
Standardpcaclusters	6	663	mAOC0630	mAOC-CD84	gene	RNA	CD84	0	ok		0.0954855477976523
Standardpcaclusters	7	1552	mAOC0630	mAOC-CD84	gene	RNA	CD84	0	ok		0.00289181910852086
Standardpcaclusters	8	2101	mAOC0630	mAOC-CD84	gene	RNA	CD84	0	ok		0.0207675828656942
Standardpcaclusters	9	440	mAOC0630	mAOC-CD84	gene	RNA	CD84	0	ok		0.0845344962247249
Standardpcaclusters	10	1898	mAOC0630	mAOC-CD84	gene	RNA	CD84	0	ok		0.141006074715328
Standardpcaclusters	11	346	mAOC0630	mAOC-CD84	gene	RNA	CD84	0	ok		0.0942069843336157
Standardpcaclusters	12	135	mAOC0630	mAOC-CD84	gene	RNA	CD84	0	ok		0.0825205609604253
Standardpcaclusters	13	1222	mAOC0630	mAOC-CD84	gene	RNA	CD84	0	ok		0.119950214420666
Standardpcaclusters	14	84	mAOC0630	mAOC-CD84	gene	RNA	CD84	0.00753522281062386	ok		0.697717354844012
Standardpcaclusters	15	195	mAOC0630	mAOC-CD84	gene	RNA	CD84	9.80543499511404e-05	ok		0.0643391328267468
Standardpcaclusters	1	116	mAOC363	mAOC-CD47	gene	RNA	CD47	0.271928363120123	ok		0.458303903497904
Standardpcaclusters	2	652	mAOC363	mAOC-CD47	gene	RNA	CD47	0.0848888846865492	ok		0.641286325458475
Standardpcaclusters	3	2689	mAOC363	mAOC-CD47	gene	RNA	CD47	0.0458712338284246	ok		0.446598473753296
Standardpcaclusters	4	506	mAOC363	mAOC-CD47	gene	RNA	CD47	0.131021514549807	ok		0.658449776632907
Standardpcaclusters	5	690	mAOC363	mAOC-CD47	gene	RNA	CD47	0.0197599690095054	ok		0.354359336475169
Standardpcaclusters	6	663	mAOC363	mAOC-CD47	gene	RNA	CD47	0.0275822088257236	ok		0.340164880035795
Standardpcaclusters	7	1552	mAOC363	mAOC-CD47	gene	RNA	CD47	0.0313369035948134	ok		0.605818232536931
Standardpcaclusters	8	2101	mAOC363	mAOC-CD47	gene	RNA	CD47	0.0183071599100508	ok		0.521172291195986
Standardpcaclusters	9	440	mAOC363	mAOC-CD47	gene	RNA	CD47	0.00596610120332879	ok		0.340104830537263
Standardpcaclusters	10	1898	mAOC363	mAOC-CD47	gene	RNA	CD47	0.0155819293709531	ok		0.265891783799335
Standardpcaclusters	11	346	mAOC363	mAOC-CD47	gene	RNA	CD47	0.00690053800845109	ok		0.345875187545574
Standardpcaclusters	12	135	mAOC363	mAOC-CD47	gene	RNA	CD47	0.110335792245017	ok		0.258505769841495
Standardpcaclusters	13	1222	mAOC363	mAOC-CD47	gene	RNA	CD47	0.0925433857454827	ok		0.274694512204558
Standardpcaclusters	14	84	mAOC363	mAOC-CD47	gene	RNA	CD47	0.679589369776554	ok		0.433014493028234
Standardpcaclusters	15	195	mAOC363	mAOC-CD47	gene	RNA	CD47	0.531079908964158	ok		0.807351300221234
Standardpcaclusters	1	116	mAOC365	mAOC-CD29	gene	RNA	ITGB1	0	ok		0.177537809722289
Standardpcaclusters	2	652	mAOC365	mAOC-CD29	gene	RNA	ITGB1	0.000476598722409901	ok		0.164746491174182
Standardpcaclusters	3	2689	mAOC365	mAOC-CD29	gene	RNA	ITGB1	8.64599268459895e-05	ok		0.532352784505125
Standardpcaclusters	4	506	mAOC365	mAOC-CD29	gene	RNA	ITGB1	0.000363629977621687	ok		0.5761929133153
Standardpcaclusters	5	690	mAOC365	mAOC-CD29	gene	RNA	ITGB1	0.000314536314312822	ok		0.673970168126546
Standardpcaclusters	6	663	mAOC365	mAOC-CD29	gene	RNA	ITGB1	0.00127962225362631	ok		0.539779891764078
Standardpcaclusters	7	1552	mAOC365	mAOC-CD29	gene	RNA	ITGB1	0	ok		0.607461099822326
Standardpcaclusters	8	2101	mAOC365	mAOC-CD29	gene	RNA	ITGB1	0.000364580421974088	ok		0.8201275929279
Standardpcaclusters	9	440	mAOC365	mAOC-CD29	gene	RNA	ITGB1	0.000445220351731573	ok		0.761965120656073
Standardpcaclusters	10	1898	mAOC365	mAOC-CD29	gene	RNA	ITGB1	0.000289231908700468	ok		0.711555732107452
Standardpcaclusters	11	346	mAOC365	mAOC-CD29	gene	RNA	ITGB1	0.00116934221746048	ok		0.670582869466383
Standardpcaclusters	12	135	mAOC365	mAOC-CD29	gene	RNA	ITGB1	0.00178746500819414	ok		0.502560084760743
Standardpcaclusters	13	1222	mAOC365	mAOC-CD29	gene	RNA	ITGB1	0.000818469768741453	ok		0.428670664005846
Standardpcaclusters	14	84	mAOC365	mAOC-CD29	gene	RNA	ITGB1	0	ok		1.69321126156125
Standardpcaclusters	15	195	mAOC365	mAOC-CD29	gene	RNA	ITGB1	0.000184053352931346	ok		1.18645636112719
Standardpcaclusters	1	116	mAOC366	mAOC-CD244	gene	RNA	CD244	0.171055790851466	ok		0.0705781262144337
Standardpcaclusters	2	652	mAOC366	mAOC-CD244	gene	RNA	CD244	0.0100926903619022	ok		0.00328959166051399
Standardpcaclusters	3	2689	mAOC366	mAOC-CD244	gene	RNA	CD244	0.870736144077619	ok		0.112464850195927
Standardpcaclusters	4	506	mAOC366	mAOC-CD244	gene	RNA	CD244	0.825036544454445	ok		0.130370033191762
Standardpcaclusters	5	690	mAOC366	mAOC-CD244	gene	RNA	CD244	0.485269624354631	ok		0.0554755950198368
Standardpcaclusters	6	663	mAOC366	mAOC-CD244	gene	RNA	CD244	0.487623999078582	ok		0.0861540920074808
Standardpcaclusters	7	1552	mAOC366	mAOC-CD244	gene	RNA	CD244	0.762316508074368	ok		0.0423365219556821
Standardpcaclusters	8	2101	mAOC366	mAOC-CD244	gene	RNA	CD244	0.526087287547223	ok		0.0384388716352651
Standardpcaclusters	9	440	mAOC366	mAOC-CD244	gene	RNA	CD244	0.106414588536144	ok		0.0198785840988641
Standardpcaclusters	10	1898	mAOC366	mAOC-CD244	gene	RNA	CD244	0.12098079119667	ok		0.0183981124104196
Standardpcaclusters	11	346	mAOC366	mAOC-CD244	gene	RNA	CD244	0.267779369751291	ok		0.0505104634467701
Standardpcaclusters	12	135	mAOC366	mAOC-CD244	gene	RNA	CD244	0.315139974193692	ok		0.043295943894918
Standardpcaclusters	13	1222	mAOC366	mAOC-CD244	gene	RNA	CD244	0.582045929456604	ok		0.150834711686814
Standardpcaclusters	14	84	mAOC366	mAOC-CD244	gene	RNA	CD244	0.0812256689813418	ok		0.0057131132673195
Standardpcaclusters	15	195	mAOC366	mAOC-CD244	gene	RNA	CD244	0.147177638139818	ok		0
Standardpcaclusters	1	116	mAOC373	mAOC-CD81	gene	RNA	CD81	0.562109903098337	ok		0.114974785040454
Standardpcaclusters	2	652	mAOC373	mAOC-CD81	gene	RNA	CD81	0.0754560208235193	ok		0.0649865431090678
Standardpcaclusters	3	2689	mAOC373	mAOC-CD81	gene	RNA	CD81	0.0564380824172337	ok		0.0747006378343527
Standardpcaclusters	4	506	mAOC373	mAOC-CD81	gene	RNA	CD81	0.0958118050953912	ok		0.0585988868724608
Standardpcaclusters	5	690	mAOC373	mAOC-CD81	gene	RNA	CD81	0.0417691477835984	ok		0.0927132095955901
Standardpcaclusters	6	663	mAOC373	mAOC-CD81	gene	RNA	CD81	0.0422477543363595	ok		0.132876534479163
Standardpcaclusters	7	1552	mAOC373	mAOC-CD81	gene	RNA	CD81	0.0365533943515249	ok		0.0683603156712151
Standardpcaclusters	8	2101	mAOC373	mAOC-CD81	gene	RNA	CD81	0.0329928989553441	ok		0.0835245003933325
Standardpcaclusters	9	440	mAOC373	mAOC-CD81	gene	RNA	CD81	0.0237018075827254	ok		0.0830511944645406
Standardpcaclusters	10	1898	mAOC373	mAOC-CD81	gene	RNA	CD81	0.0358253339310893	ok		0.0846578965535053
Standardpcaclusters	11	346	mAOC373	mAOC-CD81	gene	RNA	CD81	0.016676297995324	ok		0.0688114650982845
Standardpcaclusters	12	135	mAOC373	mAOC-CD81	gene	RNA	CD81	0.19244176763882	ok		0.0276840006020742
Standardpcaclusters	13	1222	mAOC373	mAOC-CD81	gene	RNA	CD81	0.220802600020526	ok		0.0584873507702133
Standardpcaclusters	14	84	mAOC373	mAOC-CD81	gene	RNA	CD81	0.359820340261138	ok		0.0526038394245197
Standardpcaclusters	15	195	mAOC373	mAOC-CD81	gene	RNA	CD81	0.109165308727515	ok		0.0571758430323691
Standardpcaclusters	1	116	mAOC374	mAOC-CD32	gene	RNA	FCGR2A	0.0114782231404809	ok		0
Standardpcaclusters	2	652	mAOC374	mAOC-CD32	gene	RNA	FCGR2A	0.00751909653226423	ok		0
Standardpcaclusters	3	2689	mAOC374	mAOC-CD32	gene	RNA	FCGR2A	0.000186538127539477	ok		0.0227399300883455
Standardpcaclusters	4	506	mAOC374	mAOC-CD32	gene	RNA	FCGR2A	0	ok		0.0151017482793708
Standardpcaclusters	5	690	mAOC374	mAOC-CD32	gene	RNA	FCGR2A	0.00202563255907975	ok		0.248113524360914
Standardpcaclusters	6	663	mAOC374	mAOC-CD32	gene	RNA	FCGR2A	0.0010197063779519	ok		0.0993545330223029
Standardpcaclusters	7	1552	mAOC374	mAOC-CD32	gene	RNA	FCGR2A	0	ok		0.00850158599732658
Standardpcaclusters	8	2101	mAOC374	mAOC-CD32	gene	RNA	FCGR2A	0.00101952713313179	ok		0.119192884287935
Standardpcaclusters	9	440	mAOC374	mAOC-CD32	gene	RNA	FCGR2A	0	ok		0.305452830265815
Standardpcaclusters	10	1898	mAOC374	mAOC-CD32	gene	RNA	FCGR2A	0.00570935843207864	ok		0.267387833483976
Standardpcaclusters	11	346	mAOC374	mAOC-CD32	gene	RNA	FCGR2A	0.00181162149215281	ok		0.347167205961388
Standardpcaclusters	12	135	mAOC374	mAOC-CD32	gene	RNA	FCGR2A	0.0175333913529887	ok		0.470479214247638
Standardpcaclusters	13	1222	mAOC374	mAOC-CD32	gene	RNA	FCGR2A	0.00129969612066807	ok		0.0465439286464021
Standardpcaclusters	14	84	mAOC374	mAOC-CD32	gene	RNA	FCGR2A	0.0247421845666404	ok		1.24100521377646
Standardpcaclusters	15	195	mAOC374	mAOC-CD32	gene	RNA	FCGR2A	0	ok		0.298107965203267
Standardpcaclusters	1	116	mAOC375	mAOC-CD162	gene	RNA	SELPLG	0	ok		0.267965754807475
Standardpcaclusters	2	652	mAOC375	mAOC-CD162	gene	RNA	SELPLG	0	ok		0.0345236559368153
Standardpcaclusters	3	2689	mAOC375	mAOC-CD162	gene	RNA	SELPLG	0.00128060673621836	ok		0.015148807354775
Standardpcaclusters	4	506	mAOC375	mAOC-CD162	gene	RNA	SELPLG	0	ok		0.0623433303989915
Standardpcaclusters	5	690	mAOC375	mAOC-CD162	gene	RNA	SELPLG	0	ok		0.011682771210468
Standardpcaclusters	6	663	mAOC375	mAOC-CD162	gene	RNA	SELPLG	0.00075474092334381	ok		0.0415267203275874
Standardpcaclusters	7	1552	mAOC375	mAOC-CD162	gene	RNA	SELPLG	0.000737459676771982	ok		0.00665114478772089
Standardpcaclusters	8	2101	mAOC375	mAOC-CD162	gene	RNA	SELPLG	0	ok		0.0127942105961805
Standardpcaclusters	9	440	mAOC375	mAOC-CD162	gene	RNA	SELPLG	0	ok		0.032241200280998
Standardpcaclusters	10	1898	mAOC375	mAOC-CD162	gene	RNA	SELPLG	0	ok		0.0156760295647185
Standardpcaclusters	11	346	mAOC375	mAOC-CD162	gene	RNA	SELPLG	0	ok		0.0318834188670066
Standardpcaclusters	12	135	mAOC375	mAOC-CD162	gene	RNA	SELPLG	0	ok		0.0474223908688305
Standardpcaclusters	13	1222	mAOC375	mAOC-CD162	gene	RNA	SELPLG	0	ok		0.0614780392712
Standardpcaclusters	14	84	mAOC375	mAOC-CD162	gene	RNA	SELPLG	0	ok		0.138012827553095
Standardpcaclusters	15	195	mAOC375	mAOC-CD162	gene	RNA	SELPLG	0	ok		0.0579602359594347
Standardpcaclusters	1	116	mAOC376	mAOC-CD357	gene	RNA	TNFRSF18	0.00865683585367831	ok		0.0554704640625543
Standardpcaclusters	2	652	mAOC376	mAOC-CD357	gene	RNA	TNFRSF18	0.00358835206970362	ok		0.140113753049464
Standardpcaclusters	3	2689	mAOC376	mAOC-CD357	gene	RNA	TNFRSF18	0.000770582355569648	ok		0.115682966512425
Standardpcaclusters	4	506	mAOC376	mAOC-CD357	gene	RNA	TNFRSF18	0.00141938009468819	ok		0.12605251623245
Standardpcaclusters	5	690	mAOC376	mAOC-CD357	gene	RNA	TNFRSF18	0.00209971112096652	ok		0.0609796527974405
Standardpcaclusters	6	663	mAOC376	mAOC-CD357	gene	RNA	TNFRSF18	0.00433016661473886	ok		0.0682650020192008
Standardpcaclusters	7	1552	mAOC376	mAOC-CD357	gene	RNA	TNFRSF18	0	ok		0.10909354071058
Standardpcaclusters	8	2101	mAOC376	mAOC-CD357	gene	RNA	TNFRSF18	0.00125573734271047	ok		0.0991232535073654
Standardpcaclusters	9	440	mAOC376	mAOC-CD357	gene	RNA	TNFRSF18	0.00170122193078441	ok		0.0289912669098957
Standardpcaclusters	10	1898	mAOC376	mAOC-CD357	gene	RNA	TNFRSF18	0.0014457185919246	ok		0.0525551435887014
Standardpcaclusters	11	346	mAOC376	mAOC-CD357	gene	RNA	TNFRSF18	0.00126245362587631	ok		0.0155810911917654
Standardpcaclusters	12	135	mAOC376	mAOC-CD357	gene	RNA	TNFRSF18	0.00551366898902522	ok		0.00594179861814463
Standardpcaclusters	13	1222	mAOC376	mAOC-CD357	gene	RNA	TNFRSF18	0.00315243851385348	ok		0.00526163494880091
Standardpcaclusters	14	84	mAOC376	mAOC-CD357	gene	RNA	TNFRSF18	0.0106469374344626	ok		0.0133681402829784
Standardpcaclusters	15	195	mAOC376	mAOC-CD357	gene	RNA	TNFRSF18	0.0023485485736185	ok		0
Standardpcaclusters	1	116	mAOC377	mAOC-CD326	gene	RNA	EPCAM	0	ok		0
Standardpcaclusters	2	652	mAOC377	mAOC-CD326	gene	RNA	EPCAM	0	ok		0
Standardpcaclusters	3	2689	mAOC377	mAOC-CD326	gene	RNA	EPCAM	7.4847669834418e-05	ok		0.0890093879805977
Standardpcaclusters	4	506	mAOC377	mAOC-CD326	gene	RNA	EPCAM	0	ok		0.0223364259207404
Standardpcaclusters	5	690	mAOC377	mAOC-CD326	gene	RNA	EPCAM	0	ok		0.192523349968274
Standardpcaclusters	6	663	mAOC377	mAOC-CD326	gene	RNA	EPCAM	0	ok		0.213941981271943
Standardpcaclusters	7	1552	mAOC377	mAOC-CD326	gene	RNA	EPCAM	0	ok		0.0655323046513146
Standardpcaclusters	8	2101	mAOC377	mAOC-CD326	gene	RNA	EPCAM	0.00199259450284085	ok		0.154261544013661
Standardpcaclusters	9	440	mAOC377	mAOC-CD326	gene	RNA	EPCAM	0	ok		0.610005132455264
Standardpcaclusters	10	1898	mAOC377	mAOC-CD326	gene	RNA	EPCAM	0.000332826940550924	ok		0.253993635705662
Standardpcaclusters	11	346	mAOC377	mAOC-CD326	gene	RNA	EPCAM	0	ok		0.300046687173552
Standardpcaclusters	12	135	mAOC377	mAOC-CD326	gene	RNA	EPCAM	0	ok		0.268623970233187
Standardpcaclusters	13	1222	mAOC377	mAOC-CD326	gene	RNA	EPCAM	0	ok		0.106821953525294
Standardpcaclusters	14	84	mAOC377	mAOC-CD326	gene	RNA	EPCAM	0	ok		0.0152522809657191
Standardpcaclusters	15	195	mAOC377	mAOC-CD326	gene	RNA	EPCAM	0.00508287025360188	ok		0
Standardpcaclusters	1	116	mAOC378	mAOC-TGFBI	gene	RNA	TGFBI	0.114028937903547	ok		0
Standardpcaclusters	2	652	mAOC378	mAOC-TGFBI	gene	RNA	TGFBI	0.0529960657710603	ok		0.00176008146604879
Standardpcaclusters	3	2689	mAOC378	mAOC-TGFBI	gene	RNA	TGFBI	0.00277416649915009	ok		0.000324450179805123
Standardpcaclusters	4	506	mAOC378	mAOC-TGFBI	gene	RNA	TGFBI	0.00495949366309535	ok		0.0469054177316549
Standardpcaclusters	5	690	mAOC378	mAOC-TGFBI	gene	RNA	TGFBI	0.00497949550420635	ok		0
Standardpcaclusters	6	663	mAOC378	mAOC-TGFBI	gene	RNA	TGFBI	0.00492262375842189	ok		0.00262926429346977
Standardpcaclusters	7	1552	mAOC378	mAOC-TGFBI	gene	RNA	TGFBI	6.82022839981548e-05	ok		0
Standardpcaclusters	8	2101	mAOC378	mAOC-TGFBI	gene	RNA	TGFBI	0.00198049520051753	ok		0
Standardpcaclusters	9	440	mAOC378	mAOC-TGFBI	gene	RNA	TGFBI	0.00535233456922429	ok		0
Standardpcaclusters	10	1898	mAOC378	mAOC-TGFBI	gene	RNA	TGFBI	0.00287222993062682	ok		0
Standardpcaclusters	11	346	mAOC378	mAOC-TGFBI	gene	RNA	TGFBI	0.00126245362587631	ok		0
Standardpcaclusters	12	135	mAOC378	mAOC-TGFBI	gene	RNA	TGFBI	0.00316836055816225	ok		0
Standardpcaclusters	13	1222	mAOC378	mAOC-TGFBI	gene	RNA	TGFBI	0.00450985851785634	ok		0
Standardpcaclusters	14	84	mAOC378	mAOC-TGFBI	gene	RNA	TGFBI	0.0648217608292957	ok		0
Standardpcaclusters	15	195	mAOC378	mAOC-TGFBI	gene	RNA	TGFBI	0.0182622263682179	ok		0.119860018558372
Standardpcaclusters	1	116	mAOC379	mAOC-CD68	gene	RNA	CD68	0	ok		0
Standardpcaclusters	2	652	mAOC379	mAOC-CD68	gene	RNA	CD68	0	ok		0.0251117420214351
Standardpcaclusters	3	2689	mAOC379	mAOC-CD68	gene	RNA	CD68	0	ok		0.0416209635836114
Standardpcaclusters	4	506	mAOC379	mAOC-CD68	gene	RNA	CD68	0	ok		0.219698109860909
Standardpcaclusters	5	690	mAOC379	mAOC-CD68	gene	RNA	CD68	0	ok		0.060832242809934
Standardpcaclusters	6	663	mAOC379	mAOC-CD68	gene	RNA	CD68	0	ok		0.0656191220925873
Standardpcaclusters	7	1552	mAOC379	mAOC-CD68	gene	RNA	CD68	0	ok		0.0515878740982478
Standardpcaclusters	8	2101	mAOC379	mAOC-CD68	gene	RNA	CD68	0	ok		0.0659342776360108
Standardpcaclusters	9	440	mAOC379	mAOC-CD68	gene	RNA	CD68	0	ok		0.0449128569297865
Standardpcaclusters	10	1898	mAOC379	mAOC-CD68	gene	RNA	CD68	0	ok		0.0667720254927709
Standardpcaclusters	11	346	mAOC379	mAOC-CD68	gene	RNA	CD68	0	ok		0.0528096749730457
Standardpcaclusters	12	135	mAOC379	mAOC-CD68	gene	RNA	CD68	0	ok		0.0497731167735729
Standardpcaclusters	13	1222	mAOC379	mAOC-CD68	gene	RNA	CD68	0.00162610278176761	ok		0.0147846537763964
Standardpcaclusters	14	84	mAOC379	mAOC-CD68	gene	RNA	CD68	0	ok		0.824905650108192
Standardpcaclusters	15	195	mAOC379	mAOC-CD68	gene	RNA	CD68	0	ok		0.965938820594598
Standardpcaclusters	1	116	mAOC381	mAOC-CD102	gene	RNA	ICAM2	0	ok		0.159576217568535
Standardpcaclusters	2	652	mAOC381	mAOC-CD102	gene	RNA	ICAM2	0	ok		0.254929892509713
Standardpcaclusters	3	2689	mAOC381	mAOC-CD102	gene	RNA	ICAM2	0.000193840020297304	ok		0.119429011776772
Standardpcaclusters	4	506	mAOC381	mAOC-CD102	gene	RNA	ICAM2	0	ok		0.0972184437030407
Standardpcaclusters	5	690	mAOC381	mAOC-CD102	gene	RNA	ICAM2	0	ok		0.164534428352246
Standardpcaclusters	6	663	mAOC381	mAOC-CD102	gene	RNA	ICAM2	0	ok		0.293749694902293
Standardpcaclusters	7	1552	mAOC381	mAOC-CD102	gene	RNA	ICAM2	0	ok		0.186721497167233
Standardpcaclusters	8	2101	mAOC381	mAOC-CD102	gene	RNA	ICAM2	0	ok		0.300337118275414
Standardpcaclusters	9	440	mAOC381	mAOC-CD102	gene	RNA	ICAM2	0	ok		0.45617897292563
Standardpcaclusters	10	1898	mAOC381	mAOC-CD102	gene	RNA	ICAM2	2.31122725532352e-05	ok		0.361388916579506
Standardpcaclusters	11	346	mAOC381	mAOC-CD102	gene	RNA	ICAM2	0	ok		0.341884951279117
Standardpcaclusters	12	135	mAOC381	mAOC-CD102	gene	RNA	ICAM2	0	ok		0.316884936755172
Standardpcaclusters	13	1222	mAOC381	mAOC-CD102	gene	RNA	ICAM2	0.00153971103040223	ok		0.252317239996486
Standardpcaclusters	14	84	mAOC381	mAOC-CD102	gene	RNA	ICAM2	0	ok		0.641781111700858
Standardpcaclusters	15	195	mAOC381	mAOC-CD102	gene	RNA	ICAM2	0	ok		0.0180584028547113
Standardpcaclusters	1	116	mAOC382	mAOC-TIGIT	gene	RNA	TIGIT	0.0531371895423408	ok		0.0700087839516749
Standardpcaclusters	2	652	mAOC382	mAOC-TIGIT	gene	RNA	TIGIT	0.00841674487062876	ok		0.0265944486424142
Standardpcaclusters	3	2689	mAOC382	mAOC-TIGIT	gene	RNA	TIGIT	0.00218997477410108	ok		0.00129217077680237
Standardpcaclusters	4	506	mAOC382	mAOC-TIGIT	gene	RNA	TIGIT	0.00313719747909699	ok		0.0109987775470626
Standardpcaclusters	5	690	mAOC382	mAOC-TIGIT	gene	RNA	TIGIT	0.00457803113047869	ok		0
Standardpcaclusters	6	663	mAOC382	mAOC-TIGIT	gene	RNA	TIGIT	0.00609267248863196	ok		0
Standardpcaclusters	7	1552	mAOC382	mAOC-TIGIT	gene	RNA	TIGIT	0.000623243381316695	ok		0.000344420421481031
Standardpcaclusters	8	2101	mAOC382	mAOC-TIGIT	gene	RNA	TIGIT	0.00282607068955968	ok		0.000800926739324089
Standardpcaclusters	9	440	mAOC382	mAOC-TIGIT	gene	RNA	TIGIT	0.00358575322116017	ok		0.000986494586290153
Standardpcaclusters	10	1898	mAOC382	mAOC-TIGIT	gene	RNA	TIGIT	0.00628637394888674	ok		0.000540158393661353
Standardpcaclusters	11	346	mAOC382	mAOC-TIGIT	gene	RNA	TIGIT	0.00197664980587541	ok		0
Standardpcaclusters	12	135	mAOC382	mAOC-TIGIT	gene	RNA	TIGIT	0.0244864619093918	ok		0
Standardpcaclusters	13	1222	mAOC382	mAOC-TIGIT	gene	RNA	TIGIT	0.0157270253879241	ok		0.00397802916132391
Standardpcaclusters	14	84	mAOC382	mAOC-TIGIT	gene	RNA	TIGIT	0.0519389124884289	ok		0
Standardpcaclusters	15	195	mAOC382	mAOC-TIGIT	gene	RNA	TIGIT	0.0359434834785175	ok		0
Standardpcaclusters	1	116	mAOC383	mAOC-CD146	gene	RNA	MCAM	0.0443051715010593	ok		0
Standardpcaclusters	2	652	mAOC383	mAOC-CD146	gene	RNA	MCAM	0.011585191887507	ok		0
Standardpcaclusters	3	2689	mAOC383	mAOC-CD146	gene	RNA	MCAM	0.00293113131502499	ok		0.00162022774732498
Standardpcaclusters	4	506	mAOC383	mAOC-CD146	gene	RNA	MCAM	0.00555975059427516	ok		0.00184471741920384
Standardpcaclusters	5	690	mAOC383	mAOC-CD146	gene	RNA	MCAM	0.0106230574787691	ok		0.000867564372921136
Standardpcaclusters	6	663	mAOC383	mAOC-CD146	gene	RNA	MCAM	0.00998320502646871	ok		0.000878638823798821
Standardpcaclusters	7	1552	mAOC383	mAOC-CD146	gene	RNA	MCAM	0.00091134678693249	ok		0.00102350141794898
Standardpcaclusters	8	2101	mAOC383	mAOC-CD146	gene	RNA	MCAM	0.0054730105922283	ok		0.00180327794342044
Standardpcaclusters	9	440	mAOC383	mAOC-CD146	gene	RNA	MCAM	0.00699851577959772	ok		0
Standardpcaclusters	10	1898	mAOC383	mAOC-CD146	gene	RNA	MCAM	0.00782437968068152	ok		0.000248197380071614
Standardpcaclusters	11	346	mAOC383	mAOC-CD146	gene	RNA	MCAM	0.00244825355099957	ok		0.00740680287335654
Standardpcaclusters	12	135	mAOC383	mAOC-CD146	gene	RNA	MCAM	0.0285756021963231	ok		0
Standardpcaclusters	13	1222	mAOC383	mAOC-CD146	gene	RNA	MCAM	0.0277623572935667	ok		0.00405175828984901
Standardpcaclusters	14	84	mAOC383	mAOC-CD146	gene	RNA	MCAM	0.0603135837640115	ok		0.0087698871609859
Standardpcaclusters	15	195	mAOC383	mAOC-CD146	gene	RNA	MCAM	0.00897873791764422	ok		0
Standardpcaclusters	1	116	mAOC384	mAOC-CD158b2	gene	RNA	KIR2DL3	0	ok		0.0277048382027079
Standardpcaclusters	2	652	mAOC384	mAOC-CD158b2	gene	RNA	KIR2DL3	0	ok		0
Standardpcaclusters	3	2689	mAOC384	mAOC-CD158b2	gene	RNA	KIR2DL3	0	ok		0
Standardpcaclusters	4	506	mAOC384	mAOC-CD158b2	gene	RNA	KIR2DL3	7.53696389795627e-05	ok		0
Standardpcaclusters	5	690	mAOC384	mAOC-CD158b2	gene	RNA	KIR2DL3	0	ok		0.000853284230017916
Standardpcaclusters	6	663	mAOC384	mAOC-CD158b2	gene	RNA	KIR2DL3	0	ok		0
Standardpcaclusters	7	1552	mAOC384	mAOC-CD158b2	gene	RNA	KIR2DL3	0.000938527693450535	ok		0
Standardpcaclusters	8	2101	mAOC384	mAOC-CD158b2	gene	RNA	KIR2DL3	0	ok		0
Standardpcaclusters	9	440	mAOC384	mAOC-CD158b2	gene	RNA	KIR2DL3	0	ok		0
Standardpcaclusters	10	1898	mAOC384	mAOC-CD158b2	gene	RNA	KIR2DL3	0	ok		0
Standardpcaclusters	11	346	mAOC384	mAOC-CD158b2	gene	RNA	KIR2DL3	0	ok		0
Standardpcaclusters	12	135	mAOC384	mAOC-CD158b2	gene	RNA	KIR2DL3	0	ok		0
Standardpcaclusters	13	1222	mAOC384	mAOC-CD158b2	gene	RNA	KIR2DL3	0	ok		0
Standardpcaclusters	14	84	mAOC384	mAOC-CD158b2	gene	RNA	KIR2DL3	0	ok		0
Standardpcaclusters	15	195	mAOC384	mAOC-CD158b2	gene	RNA	KIR2DL3	0	ok		0
Standardpcaclusters	1	116	mAOC386	mAOC-CD85j	gene	RNA	LILRB1	0	ok		0.038507175725875
Standardpcaclusters	2	652	mAOC386	mAOC-CD85j	gene	RNA	LILRB1	0.000576157879564363	ok		0.140301815464055
Standardpcaclusters	3	2689	mAOC386	mAOC-CD85j	gene	RNA	LILRB1	4.20046940166147e-05	ok		0.00240234386920939
Standardpcaclusters	4	506	mAOC386	mAOC-CD85j	gene	RNA	LILRB1	0.00018613978038675	ok		0.0704043366706997
Standardpcaclusters	5	690	mAOC386	mAOC-CD85j	gene	RNA	LILRB1	1.86833853006791e-05	ok		0.00104538552860705
Standardpcaclusters	6	663	mAOC386	mAOC-CD85j	gene	RNA	LILRB1	0.000293520973729261	ok		0.00348567613124139
Standardpcaclusters	7	1552	mAOC386	mAOC-CD85j	gene	RNA	LILRB1	0.000367547770012087	ok		0.00161284154533103
Standardpcaclusters	8	2101	mAOC386	mAOC-CD85j	gene	RNA	LILRB1	0.000426469455760764	ok		0.00364981754528122
Standardpcaclusters	9	440	mAOC386	mAOC-CD85j	gene	RNA	LILRB1	0	ok		0
Standardpcaclusters	10	1898	mAOC386	mAOC-CD85j	gene	RNA	LILRB1	0.000223283020513388	ok		0
Standardpcaclusters	11	346	mAOC386	mAOC-CD85j	gene	RNA	LILRB1	9.6211280718925e-05	ok		0.00105098623621211
Standardpcaclusters	12	135	mAOC386	mAOC-CD85j	gene	RNA	LILRB1	0.00133387095684565	ok		0.0427788259674598
Standardpcaclusters	13	1222	mAOC386	mAOC-CD85j	gene	RNA	LILRB1	0.00260431076325367	ok		0.00287318843040034
Standardpcaclusters	14	84	mAOC386	mAOC-CD85j	gene	RNA	LILRB1	0	ok		0.00846947604592945
Standardpcaclusters	15	195	mAOC386	mAOC-CD85j	gene	RNA	LILRB1	8.59990029802055e-05	ok		0.770163093205367
Standardpcaclusters	1	116	mAOC387	mAOC-CD119	gene	RNA	IFNGR1	1.03620425582332	ok		0.24137743085821
Standardpcaclusters	2	652	mAOC387	mAOC-CD119	gene	RNA	IFNGR1	1.48050852289708	ok		0.484417231736682
Standardpcaclusters	3	2689	mAOC387	mAOC-CD119	gene	RNA	IFNGR1	2.00008030175908	ok		0.317678239506115
Standardpcaclusters	4	506	mAOC387	mAOC-CD119	gene	RNA	IFNGR1	1.70717077959533	ok		0.332786437411724
Standardpcaclusters	5	690	mAOC387	mAOC-CD119	gene	RNA	IFNGR1	1.80478296150313	ok		0.336121546241654
Standardpcaclusters	6	663	mAOC387	mAOC-CD119	gene	RNA	IFNGR1	1.92046978459872	ok		0.262052372642971
Standardpcaclusters	7	1552	mAOC387	mAOC-CD119	gene	RNA	IFNGR1	2.32197372616334	ok		0.424947350311916
Standardpcaclusters	8	2101	mAOC387	mAOC-CD119	gene	RNA	IFNGR1	2.23267282225529	ok		0.399121523129054
Standardpcaclusters	9	440	mAOC387	mAOC-CD119	gene	RNA	IFNGR1	1.32905834343428	ok		0.217196765046467
Standardpcaclusters	10	1898	mAOC387	mAOC-CD119	gene	RNA	IFNGR1	1.80618110785607	ok		0.276857187223369
Standardpcaclusters	11	346	mAOC387	mAOC-CD119	gene	RNA	IFNGR1	1.82559151511878	ok		0.255127918705636
Standardpcaclusters	12	135	mAOC387	mAOC-CD119	gene	RNA	IFNGR1	1.5878609855638	ok		0.233010897747894
Standardpcaclusters	13	1222	mAOC387	mAOC-CD119	gene	RNA	IFNGR1	1.82120902738276	ok		0.248429691757177
Standardpcaclusters	14	84	mAOC387	mAOC-CD119	gene	RNA	IFNGR1	0.211023214827312	ok		0.185426765112117
Standardpcaclusters	15	195	mAOC387	mAOC-CD119	gene	RNA	IFNGR1	1.41472601266661	ok		0.470542344927252
Standardpcaclusters	1	116	mAOC388	mAOC-CD305	gene	RNA	LAIR1	0	ok		0.303917080687911
Standardpcaclusters	2	652	mAOC388	mAOC-CD305	gene	RNA	LAIR1	0	ok		0.0257785476641752
Standardpcaclusters	3	2689	mAOC388	mAOC-CD305	gene	RNA	LAIR1	0.000141711075789231	ok		0.109821790082175
Standardpcaclusters	4	506	mAOC388	mAOC-CD305	gene	RNA	LAIR1	0	ok		0.192310512054534
Standardpcaclusters	5	690	mAOC388	mAOC-CD305	gene	RNA	LAIR1	0	ok		0.0396915756538535
Standardpcaclusters	6	663	mAOC388	mAOC-CD305	gene	RNA	LAIR1	0	ok		0.114888215017998
Standardpcaclusters	7	1552	mAOC388	mAOC-CD305	gene	RNA	LAIR1	0	ok		0.0385617944933006
Standardpcaclusters	8	2101	mAOC388	mAOC-CD305	gene	RNA	LAIR1	0	ok		0.022252498313479
Standardpcaclusters	9	440	mAOC388	mAOC-CD305	gene	RNA	LAIR1	0	ok		0.0218647348437462
Standardpcaclusters	10	1898	mAOC388	mAOC-CD305	gene	RNA	LAIR1	0	ok		0.0102545366638876
Standardpcaclusters	11	346	mAOC388	mAOC-CD305	gene	RNA	LAIR1	0	ok		0.0466634653685387
Standardpcaclusters	12	135	mAOC388	mAOC-CD305	gene	RNA	LAIR1	0	ok		0.0792531116909342
Standardpcaclusters	13	1222	mAOC388	mAOC-CD305	gene	RNA	LAIR1	0	ok		0.262754542589673
Standardpcaclusters	14	84	mAOC388	mAOC-CD305	gene	RNA	LAIR1	0	ok		0
Standardpcaclusters	15	195	mAOC388	mAOC-CD305	gene	RNA	LAIR1	0	ok		0.444384931009093
Standardpcaclusters	1	116	mAOC391	mAOC-CD304	gene	RNA	NRP1	0	ok		0
Standardpcaclusters	2	652	mAOC391	mAOC-CD304	gene	RNA	NRP1	0	ok		0.000970655555227983
Standardpcaclusters	3	2689	mAOC391	mAOC-CD304	gene	RNA	NRP1	0.000428598250831938	ok		0.046399994270296
Standardpcaclusters	4	506	mAOC391	mAOC-CD304	gene	RNA	NRP1	0	ok		0.145110811981517
Standardpcaclusters	5	690	mAOC391	mAOC-CD304	gene	RNA	NRP1	0.000869836141188506	ok		0.187614217255077
Standardpcaclusters	6	663	mAOC391	mAOC-CD304	gene	RNA	NRP1	0	ok		0.110770089422436
Standardpcaclusters	7	1552	mAOC391	mAOC-CD304	gene	RNA	NRP1	0.0028432665963968	ok		0.0377871922500796
Standardpcaclusters	8	2101	mAOC391	mAOC-CD304	gene	RNA	NRP1	0.000866298711155428	ok		0.0897868143319574
Standardpcaclusters	9	440	mAOC391	mAOC-CD304	gene	RNA	NRP1	0	ok		0.120660757217445
Standardpcaclusters	10	1898	mAOC391	mAOC-CD304	gene	RNA	NRP1	0.00347142063205101	ok		0.13379661120765
Standardpcaclusters	11	346	mAOC391	mAOC-CD304	gene	RNA	NRP1	0	ok		0.147981141074259
Standardpcaclusters	12	135	mAOC391	mAOC-CD304	gene	RNA	NRP1	0	ok		0.0377172927903815
Standardpcaclusters	13	1222	mAOC391	mAOC-CD304	gene	RNA	NRP1	0	ok		0.0240105299848089
Standardpcaclusters	14	84	mAOC391	mAOC-CD304	gene	RNA	NRP1	0	ok		0.0345244646864535
Standardpcaclusters	15	195	mAOC391	mAOC-CD304	gene	RNA	NRP1	0.000184053352931346	ok		0.704297885881982
Standardpcaclusters	1	116	mAOC392	mAOC-CD352	gene	RNA	SLAMF6	0	ok		0.0507515791571646
Standardpcaclusters	2	652	mAOC392	mAOC-CD352	gene	RNA	SLAMF6	0	ok		0.110288633601007
Standardpcaclusters	3	2689	mAOC392	mAOC-CD352	gene	RNA	SLAMF6	0.000460317479153416	ok		0.000472479239699976
Standardpcaclusters	4	506	mAOC392	mAOC-CD352	gene	RNA	SLAMF6	0.00220844209422234	ok		0
Standardpcaclusters	5	690	mAOC392	mAOC-CD352	gene	RNA	SLAMF6	0	ok		0
Standardpcaclusters	6	663	mAOC392	mAOC-CD352	gene	RNA	SLAMF6	0	ok		0.00694993431460861
Standardpcaclusters	7	1552	mAOC392	mAOC-CD352	gene	RNA	SLAMF6	0	ok		0.000429775740816623
Standardpcaclusters	8	2101	mAOC392	mAOC-CD352	gene	RNA	SLAMF6	0	ok		0.00158298200747155
Standardpcaclusters	9	440	mAOC392	mAOC-CD352	gene	RNA	SLAMF6	0	ok		0.00348860148478701
Standardpcaclusters	10	1898	mAOC392	mAOC-CD352	gene	RNA	SLAMF6	0	ok		0.00199780296228158
Standardpcaclusters	11	346	mAOC392	mAOC-CD352	gene	RNA	SLAMF6	0.00179931522131551	ok		0.00180839855423241
Standardpcaclusters	12	135	mAOC392	mAOC-CD352	gene	RNA	SLAMF6	0.00482731433160375	ok		0
Standardpcaclusters	13	1222	mAOC392	mAOC-CD352	gene	RNA	SLAMF6	0	ok		0.00574049215804728
Standardpcaclusters	14	84	mAOC392	mAOC-CD352	gene	RNA	SLAMF6	0	ok		0.0249783956136699
Standardpcaclusters	15	195	mAOC392	mAOC-CD352	gene	RNA	SLAMF6	0.00404609490285185	ok		0
Standardpcaclusters	1	116	mAOC411	mAOC-CD122	gene	RNA	IL2RB	0.396815353638225	ok		0.141788689851176
Standardpcaclusters	2	652	mAOC411	mAOC-CD122	gene	RNA	IL2RB	0.038023470817713	ok		0
Standardpcaclusters	3	2689	mAOC411	mAOC-CD122	gene	RNA	IL2RB	0.0817232761243631	ok		0.00497883221606915
Standardpcaclusters	4	506	mAOC411	mAOC-CD122	gene	RNA	IL2RB	0.356245400919701	ok		0.00442839238833756
Standardpcaclusters	5	690	mAOC411	mAOC-CD122	gene	RNA	IL2RB	0.0172623071533413	ok		0.00633485106285022
Standardpcaclusters	6	663	mAOC411	mAOC-CD122	gene	RNA	IL2RB	0.031836263688618	ok		0.00281584113705669
Standardpcaclusters	7	1552	mAOC411	mAOC-CD122	gene	RNA	IL2RB	0.0247898644389575	ok		0.0185964431772618
Standardpcaclusters	8	2101	mAOC411	mAOC-CD122	gene	RNA	IL2RB	0.00995051513060256	ok		0.0205312822070789
Standardpcaclusters	9	440	mAOC411	mAOC-CD122	gene	RNA	IL2RB	0.00451877580198372	ok		0.00200709197654486
Standardpcaclusters	10	1898	mAOC411	mAOC-CD122	gene	RNA	IL2RB	0.0137353463249499	ok		0.0106820898234128
Standardpcaclusters	11	346	mAOC411	mAOC-CD122	gene	RNA	IL2RB	0.00503249246685407	ok		0.0158182532270902
Standardpcaclusters	12	135	mAOC411	mAOC-CD122	gene	RNA	IL2RB	0.073270840013547	ok		0.00642674858398461
Standardpcaclusters	13	1222	mAOC411	mAOC-CD122	gene	RNA	IL2RB	0.107157115424364	ok		0.0264601347524866
Standardpcaclusters	14	84	mAOC411	mAOC-CD122	gene	RNA	IL2RB	0.110889908195083	ok		0
Standardpcaclusters	15	195	mAOC411	mAOC-CD122	gene	RNA	IL2RB	0.0732916154130137	ok		0
Standardpcaclusters	1	116	mAOC413	mAOC-CD116	gene	RNA	CSF2RA	0.382427766227591	ok		0
Standardpcaclusters	2	652	mAOC413	mAOC-CD116	gene	RNA	CSF2RA	0.139076693693882	ok		0.00282320175757413
Standardpcaclusters	3	2689	mAOC413	mAOC-CD116	gene	RNA	CSF2RA	0.125820321823367	ok		0.101804075226283
Standardpcaclusters	4	506	mAOC413	mAOC-CD116	gene	RNA	CSF2RA	0.800351126084645	ok		0.236071864999157
Standardpcaclusters	5	690	mAOC413	mAOC-CD116	gene	RNA	CSF2RA	0.113488836875148	ok		0.108454030930871
Standardpcaclusters	6	663	mAOC413	mAOC-CD116	gene	RNA	CSF2RA	0.217343700785497	ok		0.139763745102971
Standardpcaclusters	7	1552	mAOC413	mAOC-CD116	gene	RNA	CSF2RA	0.165714754809447	ok		0.0678624054466963
Standardpcaclusters	8	2101	mAOC413	mAOC-CD116	gene	RNA	CSF2RA	0.115798903231273	ok		0.0686059665379898
Standardpcaclusters	9	440	mAOC413	mAOC-CD116	gene	RNA	CSF2RA	0.12564849355145	ok		0.0569480613642155
Standardpcaclusters	10	1898	mAOC413	mAOC-CD116	gene	RNA	CSF2RA	0.098765567479324	ok		0.0668448621170372
Standardpcaclusters	11	346	mAOC413	mAOC-CD116	gene	RNA	CSF2RA	0.0674110396378087	ok		0.0680394044044787
Standardpcaclusters	12	135	mAOC413	mAOC-CD116	gene	RNA	CSF2RA	0.17784165599474	ok		0.0665193805315516
Standardpcaclusters	13	1222	mAOC413	mAOC-CD116	gene	RNA	CSF2RA	0.292642595789523	ok		0.0277614308504999
Standardpcaclusters	14	84	mAOC413	mAOC-CD116	gene	RNA	CSF2RA	0.270982235948141	ok		0
Standardpcaclusters	15	195	mAOC413	mAOC-CD116	gene	RNA	CSF2RA	2.93831365308018	ok		0.673653005094455
Standardpcaclusters	1	116	mAOC415	mAOC-CD158b1	gene	RNA	KIR2DL2	0.363549375562469	missing_validation_feature	Feature not found in RNA: KIR2DL2	NA
Standardpcaclusters	2	652	mAOC415	mAOC-CD158b1	gene	RNA	KIR2DL2	0.0684382117322673	missing_validation_feature	Feature not found in RNA: KIR2DL2	NA
Standardpcaclusters	3	2689	mAOC415	mAOC-CD158b1	gene	RNA	KIR2DL2	0.0170692079492962	missing_validation_feature	Feature not found in RNA: KIR2DL2	NA
Standardpcaclusters	4	506	mAOC415	mAOC-CD158b1	gene	RNA	KIR2DL2	0.0409504794702836	missing_validation_feature	Feature not found in RNA: KIR2DL2	NA
Standardpcaclusters	5	690	mAOC415	mAOC-CD158b1	gene	RNA	KIR2DL2	0.0193623979352491	missing_validation_feature	Feature not found in RNA: KIR2DL2	NA
Standardpcaclusters	6	663	mAOC415	mAOC-CD158b1	gene	RNA	KIR2DL2	0.0295256504296505	missing_validation_feature	Feature not found in RNA: KIR2DL2	NA
Standardpcaclusters	7	1552	mAOC415	mAOC-CD158b1	gene	RNA	KIR2DL2	0.012466196741118	missing_validation_feature	Feature not found in RNA: KIR2DL2	NA
Standardpcaclusters	8	2101	mAOC415	mAOC-CD158b1	gene	RNA	KIR2DL2	0.0134010454290132	missing_validation_feature	Feature not found in RNA: KIR2DL2	NA
Standardpcaclusters	9	440	mAOC415	mAOC-CD158b1	gene	RNA	KIR2DL2	0.00918085893267378	missing_validation_feature	Feature not found in RNA: KIR2DL2	NA
Standardpcaclusters	10	1898	mAOC415	mAOC-CD158b1	gene	RNA	KIR2DL2	0.0178343088405033	missing_validation_feature	Feature not found in RNA: KIR2DL2	NA
Standardpcaclusters	11	346	mAOC415	mAOC-CD158b1	gene	RNA	KIR2DL2	0.00574508839547614	missing_validation_feature	Feature not found in RNA: KIR2DL2	NA
Standardpcaclusters	12	135	mAOC415	mAOC-CD158b1	gene	RNA	KIR2DL2	0.0548508775806402	missing_validation_feature	Feature not found in RNA: KIR2DL2	NA
Standardpcaclusters	13	1222	mAOC415	mAOC-CD158b1	gene	RNA	KIR2DL2	0.0883004773516281	missing_validation_feature	Feature not found in RNA: KIR2DL2	NA
Standardpcaclusters	14	84	mAOC415	mAOC-CD158b1	gene	RNA	KIR2DL2	0.102582578187787	missing_validation_feature	Feature not found in RNA: KIR2DL2	NA
Standardpcaclusters	15	195	mAOC415	mAOC-CD158b1	gene	RNA	KIR2DL2	0.187945337165478	missing_validation_feature	Feature not found in RNA: KIR2DL2	NA
Standardpcaclusters	1	116	mAOC416	mAOC-CD278	gene	RNA	ICOS	0.145965065244835	ok		0.257931538457387
Standardpcaclusters	2	652	mAOC416	mAOC-CD278	gene	RNA	ICOS	0.0207698710944423	ok		0
Standardpcaclusters	3	2689	mAOC416	mAOC-CD278	gene	RNA	ICOS	0.00925215914282286	ok		0.00205622294137599
Standardpcaclusters	4	506	mAOC416	mAOC-CD278	gene	RNA	ICOS	0.0208830473342175	ok		0.00446244538519022
Standardpcaclusters	5	690	mAOC416	mAOC-CD278	gene	RNA	ICOS	0.00945683811732937	ok		0.000566385264102855
Standardpcaclusters	6	663	mAOC416	mAOC-CD278	gene	RNA	ICOS	0.013610989313849	ok		0.000664534442783202
Standardpcaclusters	7	1552	mAOC416	mAOC-CD278	gene	RNA	ICOS	0.00426788393320368	ok		0.00123274160174759
Standardpcaclusters	8	2101	mAOC416	mAOC-CD278	gene	RNA	ICOS	0.00852304071921898	ok		0.00333117617192324
Standardpcaclusters	9	440	mAOC416	mAOC-CD278	gene	RNA	ICOS	0.00763941614433771	ok		0.00827425718717814
Standardpcaclusters	10	1898	mAOC416	mAOC-CD278	gene	RNA	ICOS	0.0094384701876224	ok		0.00545507900295283
Standardpcaclusters	11	346	mAOC416	mAOC-CD278	gene	RNA	ICOS	0.00309873253052491	ok		0.00222202495599555
Standardpcaclusters	12	135	mAOC416	mAOC-CD278	gene	RNA	ICOS	0.0199945190168824	ok		0.0190040329134983
Standardpcaclusters	13	1222	mAOC416	mAOC-CD278	gene	RNA	ICOS	0.0495636199757383	ok		0.0283144205015954
Standardpcaclusters	14	84	mAOC416	mAOC-CD278	gene	RNA	ICOS	0.0763781241817187	ok		0.00397122865774986
Standardpcaclusters	15	195	mAOC416	mAOC-CD278	gene	RNA	ICOS	0.137868250338803	ok		0
Standardpcaclusters	1	116	mAOC417	mAOC-CD18	gene	RNA	ITGB2	2.29021174310473	ok		0.327507339577399
Standardpcaclusters	2	652	mAOC417	mAOC-CD18	gene	RNA	ITGB2	2.77082416372267	ok		0.153981180673735
Standardpcaclusters	3	2689	mAOC417	mAOC-CD18	gene	RNA	ITGB2	3.19599822013157	ok		0.269605177500095
Standardpcaclusters	4	506	mAOC417	mAOC-CD18	gene	RNA	ITGB2	4.15085764539536	ok		0.380602566025376
Standardpcaclusters	5	690	mAOC417	mAOC-CD18	gene	RNA	ITGB2	2.09029028406242	ok		0.231929529175898
Standardpcaclusters	6	663	mAOC417	mAOC-CD18	gene	RNA	ITGB2	2.45367461141606	ok		0.249324293386868
Standardpcaclusters	7	1552	mAOC417	mAOC-CD18	gene	RNA	ITGB2	2.8019875100599	ok		0.188697593211764
Standardpcaclusters	8	2101	mAOC417	mAOC-CD18	gene	RNA	ITGB2	1.95380859539214	ok		0.130483861035984
Standardpcaclusters	9	440	mAOC417	mAOC-CD18	gene	RNA	ITGB2	1.04540886932037	ok		0.158929914647172
Standardpcaclusters	10	1898	mAOC417	mAOC-CD18	gene	RNA	ITGB2	0.88993447727311	ok		0.120882168502378
Standardpcaclusters	11	346	mAOC417	mAOC-CD18	gene	RNA	ITGB2	1.59802671977822	ok		0.194686836254627
Standardpcaclusters	12	135	mAOC417	mAOC-CD18	gene	RNA	ITGB2	1.46120711343392	ok		0.155709285741014
Standardpcaclusters	13	1222	mAOC417	mAOC-CD18	gene	RNA	ITGB2	2.3944912310947	ok		0.152338226482522
Standardpcaclusters	14	84	mAOC417	mAOC-CD18	gene	RNA	ITGB2	0.329123997331445	ok		0
Standardpcaclusters	15	195	mAOC417	mAOC-CD18	gene	RNA	ITGB2	4.43003999911278	ok		0.914230812843369
Standardpcaclusters	1	116	mAOC419	mAOC-CD11a	gene	RNA	ITGAL	2.20901766990022	ok		0.185625033058357
Standardpcaclusters	2	652	mAOC419	mAOC-CD11a	gene	RNA	ITGAL	2.36996020200169	ok		0.0650973947656252
Standardpcaclusters	3	2689	mAOC419	mAOC-CD11a	gene	RNA	ITGAL	2.78233296572874	ok		0.17503982670605
Standardpcaclusters	4	506	mAOC419	mAOC-CD11a	gene	RNA	ITGAL	3.78164675565779	ok		0.432568311833491
Standardpcaclusters	5	690	mAOC419	mAOC-CD11a	gene	RNA	ITGAL	1.70481344048833	ok		0.0664899904603506
Standardpcaclusters	6	663	mAOC419	mAOC-CD11a	gene	RNA	ITGAL	2.07198950275614	ok		0.212708142262064
Standardpcaclusters	7	1552	mAOC419	mAOC-CD11a	gene	RNA	ITGAL	2.34958677606965	ok		0.0420413005658733
Standardpcaclusters	8	2101	mAOC419	mAOC-CD11a	gene	RNA	ITGAL	1.49729411385535	ok		0.0101536979668126
Standardpcaclusters	9	440	mAOC419	mAOC-CD11a	gene	RNA	ITGAL	0.573833280485788	ok		0.0190217840198917
Standardpcaclusters	10	1898	mAOC419	mAOC-CD11a	gene	RNA	ITGAL	0.535438112538585	ok		0.00720615432096097
Standardpcaclusters	11	346	mAOC419	mAOC-CD11a	gene	RNA	ITGAL	1.1514272302109	ok		0.0335513723638625
Standardpcaclusters	12	135	mAOC419	mAOC-CD11a	gene	RNA	ITGAL	1.08449058230501	ok		0.0390291858576142
Standardpcaclusters	13	1222	mAOC419	mAOC-CD11a	gene	RNA	ITGAL	1.99363765632147	ok		0.0547194579285061
Standardpcaclusters	14	84	mAOC419	mAOC-CD11a	gene	RNA	ITGAL	0.230107094968225	ok		0
Standardpcaclusters	15	195	mAOC419	mAOC-CD11a	gene	RNA	ITGAL	4.24904288318155	ok		0.146343565017314
Standardpcaclusters	1	116	mAOC421	mAOC-CD37	gene	RNA	CD37	0.373999478096371	ok		1.15450588976674
Standardpcaclusters	2	652	mAOC421	mAOC-CD37	gene	RNA	CD37	1.61257384266261	ok		2.41620635228064
Standardpcaclusters	3	2689	mAOC421	mAOC-CD37	gene	RNA	CD37	0.0124012584289212	ok		1.14288968839744
Standardpcaclusters	4	506	mAOC421	mAOC-CD37	gene	RNA	CD37	0.100933958956464	ok		1.28360492967395
Standardpcaclusters	5	690	mAOC421	mAOC-CD37	gene	RNA	CD37	0.0151820338002503	ok		1.12691929669211
Standardpcaclusters	6	663	mAOC421	mAOC-CD37	gene	RNA	CD37	0.0353151265994862	ok		0.906571425583512
Standardpcaclusters	7	1552	mAOC421	mAOC-CD37	gene	RNA	CD37	0.00412354975942505	ok		1.1645209218715
Standardpcaclusters	8	2101	mAOC421	mAOC-CD37	gene	RNA	CD37	0.00892603483526879	ok		1.20743172570352
Standardpcaclusters	9	440	mAOC421	mAOC-CD37	gene	RNA	CD37	0.0111748512968324	ok		0.846709046376529
Standardpcaclusters	10	1898	mAOC421	mAOC-CD37	gene	RNA	CD37	0.0135785122815157	ok		1.04712170583844
Standardpcaclusters	11	346	mAOC421	mAOC-CD37	gene	RNA	CD37	0.00536753968629564	ok		0.591139099473265
Standardpcaclusters	12	135	mAOC421	mAOC-CD37	gene	RNA	CD37	0.0764798726909502	ok		0.925285626832369
Standardpcaclusters	13	1222	mAOC421	mAOC-CD37	gene	RNA	CD37	0.061857757852975	ok		0.857120477378872
Standardpcaclusters	14	84	mAOC421	mAOC-CD37	gene	RNA	CD37	0.131586757578146	ok		0.492430830412761
Standardpcaclusters	15	195	mAOC421	mAOC-CD37	gene	RNA	CD37	0.124993010993967	ok		0.280952499883163
Standardpcaclusters	1	116	mAOC422	mAOC-CD26	gene	RNA	DPP4	0.858927148117363	ok		0.0999722519650456
Standardpcaclusters	2	652	mAOC422	mAOC-CD26	gene	RNA	DPP4	0.137258337058916	ok		0
Standardpcaclusters	3	2689	mAOC422	mAOC-CD26	gene	RNA	DPP4	0.0593832713244508	ok		0.00394945512047909
Standardpcaclusters	4	506	mAOC422	mAOC-CD26	gene	RNA	DPP4	0.378688973317804	ok		0.0219829859681991
Standardpcaclusters	5	690	mAOC422	mAOC-CD26	gene	RNA	DPP4	0.0362589715569112	ok		0.00315715485813073
Standardpcaclusters	6	663	mAOC422	mAOC-CD26	gene	RNA	DPP4	0.0508381274868976	ok		0.00785929517382399
Standardpcaclusters	7	1552	mAOC422	mAOC-CD26	gene	RNA	DPP4	0.153520019401232	ok		0.0187785684368959
Standardpcaclusters	8	2101	mAOC422	mAOC-CD26	gene	RNA	DPP4	0.121943861863696	ok		0.00899475935318664
Standardpcaclusters	9	440	mAOC422	mAOC-CD26	gene	RNA	DPP4	0.00928069293782531	ok		0.00386821864540796
Standardpcaclusters	10	1898	mAOC422	mAOC-CD26	gene	RNA	DPP4	0.0109859459798129	ok		0.00662932616099603
Standardpcaclusters	11	346	mAOC422	mAOC-CD26	gene	RNA	DPP4	0.00197664980587541	ok		0.00539777635227809
Standardpcaclusters	12	135	mAOC422	mAOC-CD26	gene	RNA	DPP4	0.128844548442339	ok		0.0185652679514164
Standardpcaclusters	13	1222	mAOC422	mAOC-CD26	gene	RNA	DPP4	0.171859045219655	ok		0.0147231865566828
Standardpcaclusters	14	84	mAOC422	mAOC-CD26	gene	RNA	DPP4	0.319290901138188	ok		0.0126279458465189
Standardpcaclusters	15	195	mAOC422	mAOC-CD26	gene	RNA	DPP4	0.507901655518717	ok		0
Standardpcaclusters	1	116	mAOC423	mAOC-CD39	gene	RNA	ENTPD1	0.126079283224629	ok		0.00984504122071917
Standardpcaclusters	2	652	mAOC423	mAOC-CD39	gene	RNA	ENTPD1	0.0309797864681838	ok		0.0480747914483082
Standardpcaclusters	3	2689	mAOC423	mAOC-CD39	gene	RNA	ENTPD1	0.00851406188522946	ok		0.000159534911258576
Standardpcaclusters	4	506	mAOC423	mAOC-CD39	gene	RNA	ENTPD1	0.00673331027168802	ok		0.0711710579347407
Standardpcaclusters	5	690	mAOC423	mAOC-CD39	gene	RNA	ENTPD1	0.0184501878751577	ok		0.00130415324579182
Standardpcaclusters	6	663	mAOC423	mAOC-CD39	gene	RNA	ENTPD1	0.0167690774062602	ok		0.00758738625427958
Standardpcaclusters	7	1552	mAOC423	mAOC-CD39	gene	RNA	ENTPD1	0.00417462043080243	ok		0
Standardpcaclusters	8	2101	mAOC423	mAOC-CD39	gene	RNA	ENTPD1	0.00962460318807785	ok		0.000358793311492567
Standardpcaclusters	9	440	mAOC423	mAOC-CD39	gene	RNA	ENTPD1	0.00838382531736398	ok		0
Standardpcaclusters	10	1898	mAOC423	mAOC-CD39	gene	RNA	ENTPD1	0.0111867200487789	ok		0
Standardpcaclusters	11	346	mAOC423	mAOC-CD39	gene	RNA	ENTPD1	0.00612610472658628	ok		0
Standardpcaclusters	12	135	mAOC423	mAOC-CD39	gene	RNA	ENTPD1	0.0631881002130671	ok		0
Standardpcaclusters	13	1222	mAOC423	mAOC-CD39	gene	RNA	ENTPD1	0.0449980417727976	ok		0.0172778421362415
Standardpcaclusters	14	84	mAOC423	mAOC-CD39	gene	RNA	ENTPD1	0.142031332270955	ok		0.0271922581704641
Standardpcaclusters	15	195	mAOC423	mAOC-CD39	gene	RNA	ENTPD1	0.0881795777088931	ok		0.0730121081171723
Standardpcaclusters	1	116	mAOC426	mAOC-CD172a	gene	RNA	SIRPA	0.981547663078187	ok		0
Standardpcaclusters	2	652	mAOC426	mAOC-CD172a	gene	RNA	SIRPA	0.199547029747857	ok		0.019223248481314
Standardpcaclusters	3	2689	mAOC426	mAOC-CD172a	gene	RNA	SIRPA	0.455075848495088	ok		0.00868181131333244
Standardpcaclusters	4	506	mAOC426	mAOC-CD172a	gene	RNA	SIRPA	0.785913547273804	ok		0.01754099619305
Standardpcaclusters	5	690	mAOC426	mAOC-CD172a	gene	RNA	SIRPA	0.417023468911588	ok		0.00674925881859856
Standardpcaclusters	6	663	mAOC426	mAOC-CD172a	gene	RNA	SIRPA	0.563072024242206	ok		0.0243529073670774
Standardpcaclusters	7	1552	mAOC426	mAOC-CD172a	gene	RNA	SIRPA	1.09855294812979	ok		0.00488811089229861
Standardpcaclusters	8	2101	mAOC426	mAOC-CD172a	gene	RNA	SIRPA	0.910440803061415	ok		0.006832293915041
Standardpcaclusters	9	440	mAOC426	mAOC-CD172a	gene	RNA	SIRPA	0.0996259890722013	ok		0.00162775543524855
Standardpcaclusters	10	1898	mAOC426	mAOC-CD172a	gene	RNA	SIRPA	0.290424417331644	ok		0.00421628116254909
Standardpcaclusters	11	346	mAOC426	mAOC-CD172a	gene	RNA	SIRPA	0.424784302967778	ok		0.00961753871647081
Standardpcaclusters	12	135	mAOC426	mAOC-CD172a	gene	RNA	SIRPA	0.332247772104405	ok		0
Standardpcaclusters	13	1222	mAOC426	mAOC-CD172a	gene	RNA	SIRPA	0.53936327577545	ok		0.0104219596210105
Standardpcaclusters	14	84	mAOC426	mAOC-CD172a	gene	RNA	SIRPA	0.199847285615889	ok		0
Standardpcaclusters	15	195	mAOC426	mAOC-CD172a	gene	RNA	SIRPA	3.95329219898163	ok		0.42248909529839
